Name,Term,ES,NES,NOM p-val,FDR q-val,FWER p-val,Tag %,Gene %,Lead_genes
prerank,Epidermis Development (GO:0008544),-0.6679790778964516,-2.680197005941455,1.000000e-03,1.000000e-03,1.000000e-03,32/82,7.14%,S100A7;SCEL;CALML5;HOXB13;SPRR1B;CASP14;KRT14;OVOL1;SPRR2E;POU2F3;SPRR2B;SPRR2D;SPRR2G;SPRR1A;CERS3;KRT32;SPINK5;LAMC2;GRHL3;SPRR3;EVPL;GRHL1;DSP;ZNF750;SPRR2F;KRTAP5-9;LAMA3;FLG2;LAMB3;KLK7;TGM5;KRT34
prerank,Antigen Receptor-Mediated Signaling Pathway (GO:0050851),0.7431923121236123,2.538360433189957,1.000000e-03,1.000000e-03,1.000000e-03,77/129,16.49%,IGHM;IGHA2;SLA2;IGHA1;CD247;PRKCB;CD28;IGLC3;CD8A;IGHG3;LCP2;CD79A;IGHG2;CD3G;PTPRC;CD8B;IGKC;CD3E;ITK;NFAM1;IGHG4;CD3D;HLA-DRB1;BTK;HLA-DPA1;IGLC7;ZAP70;TRBC1;CD38;THEMIS2;PTPN22;IGHG1;MNDA;TRBC2;PRAM1;NFATC2;NFKBID;LAX1;PDE4B;THEMIS;LCK;PIK3CD;IGLC1;INPP5D;CD79B;NCKAP1L;LAT2;TXK;IGHE;BMX;ICOSLG;FYN;HLA-A;FYB1;MS4A1;BTNL8;LOC102723996;PTPRJ;TRGC1;VAV3;GNAO1;TRDC;SYK;BTN3A1;SH2B2;MOG;CD19;THY1;BLK;ERMAP;CTLA4;BTN2A2;BTN3A2;RFTN1;BTNL3;BTN3A3;MEF2C
prerank,Inflammatory Response (GO:0006954),0.7142892077050984,2.525623772506202,1.000000e-03,1.000000e-03,1.000000e-03,117/212,14.75%,PPBP;PF4V1;PF4;ODAM;PROK2;AZU1;CXCL5;CCL13;CCL5;CCL23;FOLR2;MEFV;NLRP3;FCGR2B;CXCR2;FPR2;SLC11A1;PLA2G2D;FPR1;ITGB2;CXCL8;CCL8;CD14;HP;CCL3;CCL18;ADAM8;TMIGD3;C5AR1;CXCL3;ADORA3;CCL15;CXCL9;CXCR4;CCL4;CCR5;CXCL13;C3AR1;IL1RL1;THBS1;CCR1;C5AR2;CCL7;CCL14;CD40LG;CCL11;NFAM1;CSF1R;ORM1;ITGAL;CD96;IFNG;VCAM1;TLR2;CEBPB;CCL26;CMKLR1;NRROS;VNN1;IL2RA;TLR4;LYZ;IL1B;CCL2;CYBB;SIGLEC1;NLRC4;FPR3;CCL19;TNF;TGFB1;ACKR1;AIF1;PIK3CG;PIK3CD;FOS;CCL24;OLR1;CCRL2;CXCL10;HPR;PTGER4;CYBA;ADGRE5;CRHBP;TLR1;KLRG1;CIITA;ALOX15;CCR7;BMP2;CCR2;FUT7;RELB;CXCL2;NCR3;SERPINA3;SELE;PTGER2;IL6;IRAK2;LGALS9;ADM;CCL21;XCR1;TNFAIP6;CXCL11;NFKB2;CD40;TLR6;F2R;CHI3L1;TNFSF4;NLRP6;TBXA2R;PLA2G4C;ADORA2A
prerank,Epidermal Cell Differentiation (GO:0009913),-0.6843394219837543,-2.489992469953473,1.000000e-03,1.000000e-03,1.000000e-03,18/54,3.70%,S100A7;SCEL;SPRR1B;IVL;OVOL1;KRT16;POU2F3;SPRR2B;SPRR2G;SPRR1A;CERS3;SPINK5;SPRR3;CSTA;EVPL;DSP;WNT16;SPRR2F
prerank,Regulation Of Tumor Necrosis Factor Production (GO:0032680),0.7221727250571575,2.4443864492670584,1.000000e-03,1.000000e-03,1.000000e-03,59/120,13.20%,PF4;AZU1;BPI;MMP8;FCGR3A;CD14;CCL3;PTPRC;CD33;LILRA4;THBS1;C5AR2;HAVCR2;NOD2;CD2;ORM1;IFNG;LTF;LCP1;TLR2;PTPN22;SPN;TYROBP;ORM2;VSIR;TLR4;SLAMF1;HLA-E;CD84;CCL19;CLEC7A;CLEC4A;LILRB4;ZFP36;TNFRSF8;IRAK3;LILRA2;CYBA;CLU;TLR1;LY96;NLRC3;LILRB1;PTPN6;SIRPA;IL33;CCR2;PTPRJ;IL10;IL6;TLR9;LGALS9;TMEM106A;GHSR;IFNGR1;SYK;IL12B;RASGRP1;SYT11
prerank,Neutrophil Chemotaxis (GO:0030593),0.7950984887407727,2.4432221181670233,1.000000e-03,1.000000e-03,1.000000e-03,35/62,7.26%,PPBP;PF4V1;PF4;CXCL5;CCL13;CCL5;CXCR1;CCL23;CXCR2;JAML;ITGB2;CXCL8;CCL8;CCL3;CCL18;CXCL3;CCL15;CXCL9;S100A12;CCL4;CXCL13;CCL7;CCL14;CCL11;FCER1G;CCL26;TREM1;CCL2;CCL19;PDE4B;PIK3CG;PIK3CD;CCL24;NCKAP1L;CXCL10
prerank,Granulocyte Chemotaxis (GO:0071621),0.7885021763595536,2.430473450502423,1.000000e-03,1.000000e-03,1.000000e-03,35/65,7.26%,PPBP;PF4V1;PF4;CXCL5;CCL13;CCL5;CXCR1;CCL23;CXCR2;JAML;ITGB2;CXCL8;CCL8;CCL3;CCL18;CXCL3;CCL15;CXCL9;S100A12;CCL4;CXCL13;CCL7;CCL14;CCL11;FCER1G;CCL26;TREM1;CCL2;CCL19;PDE4B;PIK3CG;PIK3CD;CCL24;NCKAP1L;CXCL10
prerank,Neutrophil Migration (GO:1990266),0.777755948262684,2.427783247260913,1.000000e-03,1.000000e-03,1.000000e-03,43/68,12.71%,PPBP;PF4V1;PF4;PRTN3;CXCL5;CCL13;CCL5;CXCR1;CCL23;CXCR2;JAML;ITGB2;CXCL8;CCL8;CCL3;CCL18;CXCL3;CCL15;CXCL9;S100A12;CCL4;CXCL13;CCL7;CCL14;CCL11;FCER1G;CCL26;TREM1;CCL2;CCL19;PDE4B;PIK3CG;PIK3CD;CCL24;NCKAP1L;CXCL10;CXCL2;PECAM1;CCL21;CD177;SYK;SAA1;CXCL11
prerank,Cellular Response To Lipopolysaccharide (GO:0071222),0.7175919264329363,2.4045609845909635,1.000000e-03,1.000000e-03,1.000000e-03,67/117,17.19%,DEFA3;DEFA1;PPBP;PF4V1;PF4;BPI;CXCL5;DEFA4;CCL5;CTSG;NLRP3;ANKRD1;TNFRSF1B;CXCL8;CD14;CCL3;LILRB2;CXCL3;CXCL9;CCR5;CXCL13;NOD2;CD68;CD180;HCK;PDCD1LG2;PTPN22;SERPINE1;CD86;TLR4;IL1B;CARD16;CD6;CCL2;TNF;PDE4B;TGFB1;GFI1;ZFP36;CXCL10;VIM;LY96;CASP1;LILRB1;SIRPA;IL10;CXCL2;GBP2;CARD17P;IL6;MYD88;LYN;TNIP3;SBNO2;CD80;CXCL11;NR1H3;TNFSF4;HMGB2;XBP1;PYCARD;CD274;CXCL1;MEF2C;TNFAIP3;RHOA;PLCG2
prerank,Positive Regulation Of Tumor Necrosis Factor Superfamily Cytokine Production (GO:1903557),0.7427166111222716,2.4011554916926365,1.000000e-03,1.000000e-03,1.000000e-03,41/79,12.76%,PF4;AZU1;MMP8;FCGR3A;CD14;CCL3;PTPRC;THBS1;HAVCR2;NOD2;CD2;ORM1;IFNG;LCP1;TLR2;SPN;TYROBP;CD86;ORM2;TLR4;HLA-E;CD84;CCL19;CLEC7A;TNFRSF8;LILRA2;CYBA;CLU;TLR1;LY96;IL33;CCR2;PTPRJ;IL6;TLR9;LGALS9;TMEM106A;IFNGR1;SYK;IL12B;RASGRP1
prerank,B Cell Receptor Signaling Pathway (GO:0050853),0.8041713783491992,2.3936584614470937,1.000000e-03,1.000000e-03,1.000000e-03,37/45,17.19%,IGHM;IGHA2;IGHA1;PRKCB;IGLC3;IGHG3;CD79A;IGHG2;PTPRC;IGKC;ITK;NFAM1;IGHG4;BTK;IGLC7;CD38;IGHG1;MNDA;NFATC2;LCK;PIK3CD;IGLC1;CD79B;NCKAP1L;LAT2;IGHE;BMX;MS4A1;VAV3;SYK;SH2B2;CD19;BLK;CTLA4;RFTN1;MEF2C;PLCG2
prerank,Positive Regulation Of Tumor Necrosis Factor Production (GO:0032760),0.7441310893016362,2.3913139007881044,1.000000e-03,1.000000e-03,1.000000e-03,40/76,12.76%,PF4;AZU1;MMP8;FCGR3A;CD14;CCL3;PTPRC;THBS1;HAVCR2;NOD2;CD2;ORM1;IFNG;LCP1;TLR2;SPN;TYROBP;ORM2;TLR4;HLA-E;CD84;CCL19;CLEC7A;TNFRSF8;LILRA2;CYBA;CLU;TLR1;LY96;IL33;CCR2;PTPRJ;IL6;TLR9;LGALS9;TMEM106A;IFNGR1;SYK;IL12B;RASGRP1
prerank,Regulation Of Interleukin-6 Production (GO:0032675),0.711928620252626,2.378062122962876,1.000000e-03,1.000000e-03,1.000000e-03,68/105,18.27%,BPI;MMP8;NLRP12;LILRB2;TLR8;C5AR2;NOD2;ORM1;IFNG;LCP1;TLR2;PTPN22;TYROBP;TLR4;TLR7;SLAMF1;IL1B;CD74;CD84;CLEC7A;TNF;HLA-B;LEP;SCIMP;AIF1;SIGLEC16;LILRB4;IRAK3;NCKAP1L;LILRA2;POU2AF1;POU2F2;CYBA;CD200R1;TREM2;TLR1;IL17RA;IL16;NLRC3;FOXJ1;PTPN6;SIRPA;IL33;IL10;IL6R;IL6;TLR9;LGALS9;MYD88;EREG;TMEM106A;GHSR;ARRB1;TSLP;SYK;SYT11;TLR6;F2R;TNFSF4;XBP1;PYCARD;TNFAIP3;GAS6;NOS2;CD200;PLCG2;ELF4;CX3CL1
prerank,Negative Regulation Of Mitotic Metaphase/Anaphase Transition (GO:0045841),-0.7537343545874667,-2.359048099584073,1.000000e-03,1.000000e-03,1.000000e-03,15/28,11.02%,TRIP13;TTK;NUF2;CENPF;BUB1B;MAD2L1;BUB1;PLK1;ZWINT;NDC80;USP44;CDC20;SPC25;KNTC1;ZWILCH
prerank,Keratinocyte Differentiation (GO:0030216),-0.6908616986484593,-2.3539890456173382,1.000000e-03,1.000000e-03,1.000000e-03,19/42,8.24%,S100A7;SCEL;SPRR1B;IVL;KRT16;POU2F3;SPRR2B;SPRR2G;SPRR1A;CERS3;SPRR3;CSTA;EVPL;DSP;WNT16;SPRR2F;EXPH5;TGM1;AKR1C3
prerank,Cytokine-Mediated Signaling Pathway (GO:0019221),0.6619835135316472,2.3523611051997024,1.000000e-03,1.000000e-03,1.000000e-03,100/221,14.74%,PPBP;PF4V1;PF4;CXCL5;CCL13;CCL5;OSM;CTSG;IL18RAP;CCL23;CXCR2;CRLF2;CSF3R;TNFRSF1B;CXCL8;CCL8;CCL3;LILRB2;CCL18;CXCL3;CCL15;CXCL9;CCL4;IL2RG;CXCL13;LILRA4;CSF2RB;IL1RL1;CCR1;CCL7;CSF2RA;CCL14;CD300LF;CCL11;SPI1;CSF1R;HCK;FCER1G;CD4;IL2RB;CXCL12;IL12RB1;CCL26;OASL;STAT4;IL2RA;IL1B;CCL2;IL21R;ST18;CCL19;LILRA1;TNF;TMSB4X;LEP;JAK3;LILRB4;RHEX;CCL24;IRAK3;LILRA2;CXCL10;FLT3;IL17RA;NFKBIA;LILRB1;EGR1;IL7R;PTPN6;IL3RA;STAT5A;IL33;CCR2;PTPRJ;CXCL2;LIMS1;PTK2B;IL6R;LEPR;EBI3;EPOR;IL18R1;IL6;IL5RA;IRAK2;MYD88;EREG;CCL21;LYN;IRF5;SYK;IL12B;CXCL11;STAT5B;SOCS1;IL4R;TRAF1;ADIPOR1;ILK;JAK1
prerank,Chemokine-Mediated Signaling Pathway (GO:0070098),0.7952619201593057,2.3506674225570117,1.000000e-03,1.000000e-03,1.000000e-03,32/50,11.56%,PPBP;PF4V1;PF4;CXCL5;CCL13;CCL5;CCL23;CXCL8;CCL8;CCL3;CCL18;CXCL3;CCL15;CXCL9;CCL4;CXCL13;CCR1;CCL7;CCL14;CCL11;CXCL12;CCL26;CCL2;CCL19;CCL24;CXCL10;MPL;CCR2;CXCL2;PTK2B;CCL21;LYN
prerank,Cellular Defense Response (GO:0006968),0.8022092787257447,2.3451134135522786,1.000000e-03,1.000000e-03,1.000000e-03,30/45,10.20%,CXCR2;PRF1;GNLY;NCF1;NCF2;NCR1;LILRB2;KLRC3;C5AR1;CXCL9;CCR5;CD300C;KLRC2;ITK;CLEC5A;KIR3DL2;LSP1;CD5L;SPN;TYROBP;KIR2DL4;MNDA;TRAT1;FCMR;KLRG1;LY96;HLA-G;CCR2;PTK2B;TCIRG1
prerank,Cellular Response To Molecule Of Bacterial Origin (GO:0071219),0.7053857370590041,2.3363208630819323,1.000000e-03,1.000000e-03,1.000000e-03,58/109,16.61%,DEFA3;DEFA1;PPBP;PF4V1;PF4;CXCL5;DEFA4;CTSG;NLRP3;FCGR2B;ANKRD1;TNFRSF1B;CXCL8;CD14;LILRB2;CXCL3;CXCL9;CCR5;CXCL13;NOD2;CD68;CD180;PDCD1LG2;TLR2;SERPINE1;CD86;TLR4;IL1B;CARD16;CCL2;PDE4B;GFI1;ZFP36;CXCL10;VIM;LY96;CASP1;LILRB1;SIRPA;IL10;CXCL2;GBP2;CARD17P;IL6;MYD88;TNIP3;SBNO2;CD80;CXCL11;NR1H3;TNFSF4;HMGB2;XBP1;PYCARD;CD274;CXCL1;MEF2C;TNFAIP3
prerank,Cellular Response To Chemokine (GO:1990869),0.7899285314308194,2.328148705558936,1.000000e-03,1.000000e-03,1.000000e-03,32/52,9.98%,PPBP;PF4V1;PF4;CXCL5;CCL13;CCL5;CCL23;CXCL8;CCL8;CCL3;CCL18;CXCL3;CCL15;CXCL9;CCL4;CXCL13;CCR1;CCL7;RIPOR2;CCL14;CCL11;DUSP1;CXCL12;CCL26;DOCK8;CCL2;CCL19;CCL24;CXCL10;CCR2;CXCL2;PTK2B
prerank,Regulation Of T Cell Activation (GO:0050863),0.7517514178245707,2.318767502678227,1.000000e-03,1.000000e-03,1.000000e-03,39/58,15.81%,CCL5;CTSG;CD209;HLA-DQA1;TNFRSF1B;IL4I1;TNFSF8;CRTAM;CD2;LAPTM5;HLA-DRB1;HLA-DRB5;HLA-DPA1;SIT1;CD4;SIRPG;TBX21;PTPN22;HLA-DOA;SIRPB1;HLA-DMB;HLA-DRA;CCL2;LAX1;HLA-DMA;CCDC88B;LCK;JAK3;B2M;SIRPA;CCR2;TNFAIP8L2;HLA-DOB;GNAO1;HLA-DQA2;THY1;GPNMB;DUSP3;PYCARD
prerank,Hydrogen Peroxide Catabolic Process (GO:0042744),0.9309755030069774,2.310354366541801,1.000000e-03,1.000000e-03,1.000000e-03,9/19,0.49%,HBG1;HBG2;HBD;HBQ1;HBB;MPO;HBM;HBA1;HBE1
prerank,T Cell Activation (GO:0042110),0.6990255809350855,2.302061237733241,1.000000e-03,1.000000e-03,1.000000e-03,52/92,15.28%,JAML;SLA2;CD247;CD28;CD8A;CD3G;PTPRC;CD8B;CRTAM;CD3E;ITK;CD2;CD3D;SLAMF6;IRF4;CD4;ZAP70;TRBC1;LCP1;PTPN22;SLAMF7;CD7;CD86;TRBC2;CD74;CD84;CCL19;CLEC7A;LEP;LCK;PIK3CG;PIK3CD;LY9;TREML2;SLAMF9;ICOSLG;NLRC3;CCR7;TRGC1;LEPR;CCL21;CEACAM21;TRDC;CD80;RASGRP1;MICB;FOXP3;TNFSF14;TNFSF4;RHOH;TNFRSF4;IFNK
prerank,Regulation Of Interleukin-8 Production (GO:0032677),0.7212075038915652,2.3005698998640116,1.000000e-03,1.000000e-03,1.000000e-03,40/74,14.08%,ELANE;BPI;PRG3;FCN1;FFAR2;CD14;APOA2;PTPRC;TLR8;CD33;C5AR2;NOD2;CD2;CD244;TLR2;PTPN22;SERPINE1;TLR4;TLR7;IL1B;CD74;CLEC7A;TNF;TMSB4X;LEP;LILRA2;TLR1;IL10;IL6;TLR9;LGALS9;MYD88;ARRB1;SYK;HSPA1B;HSPA1A;BCL3;TLR6;F2R;CHI3L1
prerank,DNA-templated DNA Replication (GO:0006261),-0.6099346661664317,-2.2987450451645604,1.000000e-03,1.000000e-03,1.000000e-03,39/69,25.35%,ORC6;MCM4;CDC45;RECQL4;MCM10;GINS1;RFC3;GINS2;POLD2;MCM7;CHRAC1;RAD51;POLE;SSBP1;DNA2;ORC5;RFC5;RFC4;WDHD1;POLA2;BLM;POLE4;POLA1;POLB;RFC2;GINS3;GINS4;TWNK;POLE3;MCM3;POLE2;RECQL5;PRIM1;PRIM2;TEFM;POLD1;MGME1;RRM1;ORC2
prerank,Positive Regulation Of Cytokine Production (GO:0001819),0.6314322439289578,2.2903381050924407,1.000000e-03,1.000000e-03,1.000000e-03,139/292,17.21%,ELANE;MMP8;OSM;CD226;PRG3;NLRP3;SLC11A1;CRLF2;FGR;FCN1;FFAR2;CD14;APOA2;LILRB2;CD28;GBP5;HMOX1;PTPRC;TLR8;HAVCR2;NOD2;CRTAM;ITK;CD40LG;CD2;NFAM1;CSF1R;LAPTM5;FCER1G;ORM1;SLAMF6;HLA-DPA1;IFNG;IRF4;CD244;CD4;LCP1;TLR2;IL12RB1;CEBPB;PTPN22;SERPINE1;HPSE;TYROBP;CD86;ORM2;TRAF3IP3;TLR4;TLR7;SLAMF1;IL1B;AIRE;HLA-E;CD6;CD74;CCL19;CLEC7A;TNF;PDE4B;TGFB1;CCDC88B;SULF2;LEP;SCIMP;AIF1;SIGLEC16;PIK3CG;PIK3CD;LY9;FFAR3;LILRA2;TXK;POU2AF1;POU2F2;LTB;PTGER4;CYBA;PTGS2;TLR1;IL17RA;IL16;HLA-A;CCR7;CASP1;LILRB1;EGR1;HLA-G;PNP;IL33;IRF1;CCR2;IL10;RGCC;IL6R;CLEC9A;EBI3;IL18R1;IL6;TLR9;LGALS9;CLEC6A;MYD88;CARD11;EREG;PAEP;TMEM106A;IRF5;TSLP;TNFRSF14;SYK;BTN3A1;IL12B;SAA1;HSPA1B;CD80;RASGRP1;SULF1;CYP1B1;IRF7;HSPA1A;CD40;TLR6;F2R;RARA;CHI3L1;TNFSF4;XBP1;STING1;PYCARD;CD274;BTN3A2;RFTN1;BATF;RUNX1;TLR5;NOS2;CD200;PLCG2;IL15
prerank,Mitotic Spindle Assembly Checkpoint Signaling (GO:0007094),-0.753360416179565,-2.289245576426856,1.000000e-03,1.000000e-03,1.000000e-03,14/26,11.02%,TRIP13;TTK;NUF2;CENPF;BUB1B;MAD2L1;BUB1;PLK1;ZWINT;NDC80;CDC20;SPC25;KNTC1;ZWILCH
prerank,Mitotic Spindle Checkpoint Signaling (GO:0071174),-0.753360416179565,-2.289245576426856,1.000000e-03,1.000000e-03,1.000000e-03,14/26,11.02%,TRIP13;TTK;NUF2;CENPF;BUB1B;MAD2L1;BUB1;PLK1;ZWINT;NDC80;CDC20;SPC25;KNTC1;ZWILCH
prerank,Spindle Assembly Checkpoint Signaling (GO:0071173),-0.753360416179565,-2.289245576426856,1.000000e-03,1.000000e-03,1.000000e-03,14/26,11.02%,TRIP13;TTK;NUF2;CENPF;BUB1B;MAD2L1;BUB1;PLK1;ZWINT;NDC80;CDC20;SPC25;KNTC1;ZWILCH
prerank,T Cell Receptor Signaling Pathway (GO:0050852),0.696974148690992,2.2886731948200536,1.000000e-03,1.000000e-03,1.000000e-03,49/91,18.47%,CD247;CD28;CD8A;LCP2;CD3G;PTPRC;CD8B;CD3E;ITK;CD3D;HLA-DRB1;BTK;HLA-DPA1;ZAP70;TRBC1;THEMIS2;PTPN22;TRBC2;PRAM1;NFKBID;PDE4B;THEMIS;LCK;PIK3CD;INPP5D;TXK;ICOSLG;FYN;HLA-A;FYB1;BTNL8;LOC102723996;PTPRJ;TRGC1;GNAO1;TRDC;BTN3A1;MOG;THY1;ERMAP;CTLA4;BTN2A2;BTN3A2;RFTN1;BTNL3;BTN3A3;PLCG2;IKBKG;FCHO1
prerank,Positive Regulation Of T Cell Activation (GO:0050870),0.6854920103420149,2.2642755935915817,1.000000e-03,1.000000e-03,1.000000e-03,55/99,16.33%,CCL5;CD209;HLA-DQA1;LILRB2;CD28;PTPRC;NOD2;CD3E;CD40LG;HLA-DRB1;HLA-DRB5;HLA-DPA1;SIRPG;PDCD1LG2;VCAM1;ZAP70;HLA-DOA;SIRPB1;CD86;HLA-DMB;DOCK8;HLA-DRA;IL1B;CD6;CCL2;HLA-DMA;CCL19;CCDC88B;LEP;LCK;AIF1;NCKAP1L;B2M;HLA-A;CCR7;SIRPA;PNP;CCR2;IL6;LGALS9;HLA-DOB;GNAO1;HLA-DQA2;IL12B;CD80;CD81;ACTB;THY1;ZMIZ1;RHOH;XBP1;CD1D;PYCARD;CD274;TNFRSF13C
prerank,Regulation Of T Cell Proliferation (GO:0042129),0.7284119626509555,2.263457333492898,1.000000e-03,1.000000e-03,1.000000e-03,46/70,17.47%,CLC;CCL5;CD209;CR1;PLA2G2D;TNFRSF1B;ARG1;IL4I1;LILRB2;TNFSF8;CD28;VSIG4;PTPRC;CD3E;CD40LG;HLA-DRB1;HLA-DPA1;PDCD1LG2;VCAM1;CEBPB;SPN;CD86;HLA-DMB;IL1B;CD6;CCL19;CCDC88B;LEP;LILRB4;NCKAP1L;LILRB1;HLA-G;PNP;RIPK3;IL10;IL6;IDO1;IL12B;CD80;FOXP3;GPNMB;CD1D;CD274;TNFRSF13C;IL15;PLA2G5
prerank,Positive Regulation Of Interleukin-6 Production (GO:0032755),0.7120134215001704,2.2503924405326465,1.000000e-03,1.000000e-03,1.000000e-03,42/69,17.19%,MMP8;LILRB2;TLR8;NOD2;IFNG;LCP1;TLR2;TYROBP;TLR4;TLR7;IL1B;CD74;CLEC7A;TNF;LEP;SCIMP;AIF1;SIGLEC16;LILRA2;POU2AF1;POU2F2;CYBA;TLR1;IL17RA;IL16;IL33;IL6R;IL6;TLR9;LGALS9;MYD88;EREG;TMEM106A;TSLP;SYK;TLR6;F2R;TNFSF4;XBP1;PYCARD;NOS2;PLCG2
prerank,Sister Chromatid Segregation (GO:0000819),-0.6852344595454108,-2.250069817224408,1.000000e-03,1.000000e-03,4.000000e-03,17/33,13.11%,KIF18A;PLK1;TOP2A;ZWINT;SMC4;NDC80;ESPL1;KIF18B;CENPK;KIFC1;SGO1;KNTC1;SPAG5;KNSTRN;NCAPG2;CENPI;NUSAP1
prerank,Response To Type II Interferon (GO:0034341),0.7106956427021335,2.248638319781701,1.000000e-03,1.000000e-03,1.000000e-03,41/72,13.09%,CCL13;CCL5;CCL23;MEFV;SNCA;SLC11A1;CCL8;CCL3;CCL18;GBP5;CCL15;CCL4;CCL7;CCL14;CCL11;HLA-DPA1;IFITM2;TLR2;IL12RB1;CCL26;CXCL16;TLR4;UBD;CCL2;CD74;CCL19;AIF1;CCL24;IRF8;GBP4;CIITA;CASP1;GBP1;SIRPA;GBP2;LGALS9;IFITM3;CCL21;DAPK1;IFITM1;CD40
prerank,Positive Regulation Of Response To External Stimulus (GO:0032103),0.6586778439747737,2.248077419536289,1.000000e-03,1.000000e-03,1.000000e-03,86/145,21.06%,CCL5;OSM;P2RY12;NKG7;MEFV;SNCA;NLRP3;FPR2;NLRP12;CCL3;ADAM8;GBP5;S100A12;TLR8;THBS1;CD180;GPSM3;IFNG;THBD;LCP1;TLR2;CCL26;SERPINE1;TLR4;SH2D1B;BMP6;TLR7;EMILIN2;IL1B;LY86;NINJ1;NLRC4;CCL19;TNF;TGFB1;SCIMP;AIF1;SIGLEC16;TASL;PTGER4;CYBA;TREM2;IL17RA;NFKBIA;IL16;LY96;GRN;CASP1;NLRP1;IL33;SCARF1;CCR2;PDE2A;TLR9;EREG;CCL21;STX4;TSLP;LGALS1;IL12B;PLA2G7;ETS1;VTN;TNFSF4;NLRP6;PPM1F;CASP4;IFNK;CD1D;PYCARD;CEBPA;LGALS2;IL15;RARRES2;TNIP1;IFI35;CX3CL1;AGTR1;DDT;RIOK3;PLAU;NAIP;NFKBIZ;TNFRSF1A;SLC15A4;MMRN2
prerank,Defense Response To Bacterium (GO:0042742),0.6497041258045831,2.2453704089221875,1.000000e-03,1.000000e-03,1.000000e-03,63/150,10.90%,DEFA3;DEFA1;BPIFA1;MPO;ELANE;AZU1;BPI;DEFA4;RNASE3;CTSG;CAMP;IGHM;FPR2;SLC11A1;IGHA2;FGR;GNLY;IGKV3-20;CFP;RNASE2;COLEC12;IGHA1;RNASE6;S100A12;SELP;CXCL13;RNASE1;NOD2;SLAMF8;FCER1G;MPEG1;LTF;GSDMA;TLR2;CEBPB;EPX;SERPINE1;SPN;TLR4;STAB1;LYZ;IL1B;HLA-E;JCHAIN;NLRC4;PGLYRP1;DEFB4A;TREM2;GBP4;WFDC2;HLA-A;CASP1;GBP1;NLRP1;SLPI;MARCHF2;DMBT1;GBP2;PRKCD;IL6R;IL6;TLR9;MYD88
prerank,Monocyte Chemotaxis (GO:0002548),0.7938945413485252,2.239643327140617,1.000000e-03,1.000000e-03,1.000000e-03,24/35,12.94%,CCL13;CCL5;CTSG;CCL23;FOLR2;CCL8;CCL3;CCL18;CCL15;S100A12;CCL4;CCL7;CCL14;CCL11;CCL26;CCL2;PTPRO;CCL19;CALCA;CCL24;IL6R;IL6;CCL21;FLT1
prerank,Positive Regulation Of Interleukin-1 Production (GO:0032732),0.7204258452473441,2.225320832566294,1.000000e-03,1.000000e-03,1.000000e-03,33/60,12.41%,AZU1;MEFV;NLRP3;NLRP12;CCL3;GBP5;TLR8;NOD2;PYHIN1;ORM1;IFNG;LCP1;TYROBP;ORM2;MNDA;TLR4;P2RX7;NLRC4;CCL19;CLEC7A;TNF;LILRA2;IL16;CASP1;NLRP1;EGR1;IL6;LGALS9;MYD88;CARD8;TMEM106A;CD36;SAA1
prerank,Negative Regulation Of T Cell Activation (GO:0050868),0.7547799417987905,2.2213125844982455,1.000000e-03,1.000000e-03,1.000000e-03,30/43,16.11%,CTSG;FCGR2B;CR1;PLA2G2D;IL4I1;LILRB2;VSIG4;HAVCR2;RIPOR2;LAPTM5;HLA-DRB1;PDCD1LG2;CEBPB;PTPN22;SPN;CD86;VSIR;LAX1;JAK3;LILRB4;NCKAP1L;LILRB1;HLA-G;IL10;TNFAIP8L2;CD80;FOXP3;GPNMB;DUSP3;CD274
prerank,Positive Regulation Of Interleukin-1 Beta Production (GO:0032731),0.7246152750836755,2.218656025077583,1.000000e-03,1.000000e-03,1.000000e-03,31/54,11.98%,AZU1;MEFV;NLRP3;NLRP12;CCL3;GBP5;TLR8;NOD2;PYHIN1;ORM1;IFNG;LCP1;TYROBP;ORM2;MNDA;TLR4;P2RX7;NLRC4;CCL19;CLEC7A;TNF;LILRA2;CASP1;NLRP1;EGR1;IL6;LGALS9;MYD88;CARD8;TMEM106A;CD36
prerank,Regulation Of Phagocytosis (GO:0050764),0.7318120328349514,2.2112373642738414,1.000000e-03,1.000000e-03,1.000000e-03,26/54,9.24%,PRTN3;AZU1;OLFM4;FCGR2B;FPR2;SLC11A1;FGR;APOA2;IL2RG;PTPRC;HCK;FCER1G;IFNG;SIRPG;IL2RB;TLR2;SIRPB1;DOCK2;IL1B;CLEC7A;TNF;CYBA;TREM2;PIP4P2;DYSF;SIRPA
prerank,Positive Regulation Of Phagocytosis (GO:0050766),0.7301079701000882,2.203294928141881,1.000000e-03,1.000000e-03,1.000000e-03,28/55,9.65%,AZU1;FCGR2B;FPR2;SLC11A1;FCN1;CFP;APOA2;IL2RG;PTPRC;C2;CD300LF;FCER1G;IFNG;SIRPG;IL2RB;SIRPB1;DOCK2;IL1B;CCL2;CLEC7A;TNF;NCKAP1L;C4A;C4B;CYBA;TREM2;SIRPA;PTPRJ
prerank,Regulation Of Interleukin-1 Beta Production (GO:0032651),0.6911492644683169,2.2007126981998844,1.000000e-03,1.000000e-03,1.000000e-03,41/77,13.89%,AZU1;MEFV;NLRP3;NLRP12;CCL3;GBP5;TLR8;CD33;NOD2;PYHIN1;FFAR1;ORM1;IFNG;LCP1;TYROBP;ORM2;MNDA;TLR4;CARD16;P2RX7;NLRC4;CCL19;CLEC7A;TNF;LILRB4;LILRA2;CCR7;CASP1;NLRP1;EGR1;SIRPA;CARD17P;IL6;LGALS9;MYD88;CARD8;TMEM106A;GHSR;CD36;TLR6;F2R
prerank,Defense Response To Gram-negative Bacterium (GO:0050829),0.7308365369371599,2.199530115875939,1.000000e-03,1.000000e-03,1.000000e-03,28/51,12.34%,DEFA3;DEFA1;ELANE;AZU1;BPI;DEFA4;RNASE3;CTSG;CAMP;IGHM;SLC11A1;RNASE2;RNASE6;SELP;MPEG1;LTF;SERPINE1;TLR4;TREM1;LYZ;DEFB4A;TREM2;DMBT1;IL6R;IL6;TLR9;TNFRSF14;IL12B
prerank,Regulation Of Natural Killer Cell Mediated Cytotoxicity (GO:0042269),0.7948993195553615,2.199203254459025,1.000000e-03,1.000000e-03,1.000000e-03,22/31,10.67%,CD226;NCR1;KLRD1;KLRC3;KLRC4;ARRB2;CRTAM;KLRC2;SLAMF6;KLRC1;KIR2DL4;PIK3R6;HLA-E;CLEC12B;LEP;KLRK1;HLA-F;KLRB1;LILRB1;HLA-G;NCR3;LGALS9
prerank,Response To Lipopolysaccharide (GO:0032496),0.6361985566883825,2.199106198769078,1.000000e-03,1.000000e-03,1.000000e-03,70/151,17.29%,DEFA3;DEFA1;PPBP;PF4V1;PF4;CXCL5;DEFA4;CTSG;SNCA;NLRP3;SLC11A1;ANKRD1;TNFRSF1B;CXCL8;CD14;LILRB2;CXCL3;CXCL9;SELP;CCR5;CXCL13;NOD2;CD68;CD180;PDCD1LG2;PTPN22;SERPINE1;CD86;TLR4;IL1B;CARD16;CD6;CCL2;PDE4B;GFI1;ZFP36;IRAK3;CXCL10;VIM;LY96;CASP1;LILRB1;SIRPA;SLPI;IL10;CXCL2;GBP2;SELE;CARD17P;IL6;LGALS9;MYD88;TNIP3;SBNO2;CD80;CXCL11;NR1H3;F2R;TNFSF4;HMGB2;XBP1;PELI1;PYCARD;CD274;CXCL1;MEF2C;TNFAIP3;NOS2;RHOA;CPS1
prerank,Negative Regulation Of Tumor Necrosis Factor Superfamily Cytokine Production (GO:1903556),0.753977678698009,2.1955471390426466,1.000000e-03,1.000000e-03,1.000000e-03,28/44,18.27%,BPI;CD33;LILRA4;C5AR2;HAVCR2;ORM1;LTF;PTPN22;VSIR;TLR4;SLAMF1;CLEC4A;LILRB4;IRAK3;NLRC3;LILRB1;PTPN6;SIRPA;IL10;LGALS9;GHSR;SYT11;RARA;CD274;TNFAIP3;GAS6;ELF4;CX3CL1
prerank,Positive Regulation Of Interleukin-8 Production (GO:0032757),0.721630932869759,2.1913789367189955,1.000000e-03,1.000000e-03,1.000000e-03,33/56,16.88%,ELANE;PRG3;FCN1;FFAR2;CD14;APOA2;TLR8;NOD2;CD2;CD244;TLR2;SERPINE1;TLR4;TLR7;IL1B;CD74;CLEC7A;TNF;LEP;LILRA2;TLR1;IL6;TLR9;LGALS9;MYD88;SYK;HSPA1B;HSPA1A;F2R;CHI3L1;PYCARD;TLR5;NOS2
prerank,Antimicrobial Humoral Response (GO:0019730),0.6887857563302013,2.1829893929916735,1.000000e-03,1.000000e-03,1.000000e-03,38/78,9.90%,DEFA3;DEFA1;PPBP;PF4V1;PF4;BPIFA1;PRTN3;AZU1;CXCL5;DEFA4;CCL13;RNASE3;CTSG;CAMP;IGHM;SLC11A1;IGHA2;GNLY;IGKV3-20;CXCL8;IGHA1;CXCL3;CXCL9;RNASE6;S100A12;CXCL13;MUC7;LTF;LYZ;HLA-E;JCHAIN;PGLYRP1;DEFB4A;CXCL10;WFDC2;HLA-A;SLPI;CXCL2
prerank,Positive Regulation Of Leukocyte Cell-Cell Adhesion (GO:1903039),0.7454963368730159,2.1808875353370816,1.000000e-03,1.000000e-03,1.000000e-03,27/42,17.07%,HLA-DQA1;ITGB2;HLA-DRB1;HLA-DRB5;HLA-DPA1;SIRPG;HLA-DOA;SIRPB1;HLA-DMB;HLA-DRA;CCL2;HLA-DMA;TNF;CCDC88B;LCK;NR4A3;SIRPA;CCR2;FUT7;IL6;HLA-DOB;GNAO1;HLA-DQA2;THY1;ETS1;PYCARD;RHOA
prerank,Antigen Processing And Presentation Of Exogenous Peptide Antigen (GO:0002478),0.8022473656622391,2.180384912948755,1.000000e-03,1.000000e-03,1.000000e-03,23/29,12.18%,HLA-DQA1;FCGR2B;CTSS;HLA-DRB1;FCER1G;HLA-DRB5;HLA-DPA1;HLA-DOA;HLA-DMB;HLA-DRA;HLA-E;HLA-DMA;CLEC4A;CTSE;HLA-F;IFI30;CTSD;HLA-A;LGMN;CTSL;HLA-DOB;GNAO1;HLA-DQA2
prerank,Positive Regulation Of Lymphocyte Proliferation (GO:0050671),0.6938264358168126,2.1773099882224924,1.000000e-03,1.000000e-03,1.000000e-03,43/69,17.21%,CCL5;CD209;FCGR3A;LILRB2;CD28;PTPRC;CD3E;CD40LG;HLA-DPA1;PDCD1LG2;VCAM1;CD38;SASH3;CD86;HLA-DMB;IL1B;HLA-E;CD6;NFATC2;CD74;CCL19;TNFSF13B;BST1;CCDC88B;LEP;NCKAP1L;GPR183;FCRL3;PNP;IL6;TLR9;VAV3;IL12B;CD80;CD81;CD40;IRS2;TNFRSF4;CD1D;CD274;TNFRSF13C;MEF2C;IL15
prerank,Negative Regulation Of Tumor Necrosis Factor Production (GO:0032720),0.7498767753839141,2.1686262434167403,1.000000e-03,1.000000e-03,1.000000e-03,26/42,18.27%,BPI;CD33;LILRA4;C5AR2;HAVCR2;ORM1;PTPN22;VSIR;TLR4;SLAMF1;CLEC4A;LILRB4;IRAK3;NLRC3;LILRB1;PTPN6;SIRPA;IL10;LGALS9;GHSR;SYT11;RARA;TNFAIP3;GAS6;ELF4;CX3CL1
prerank,Lymphocyte Chemotaxis (GO:0048247),0.7511106213430246,2.166159147160259,1.000000e-03,1.000000e-03,1.000000e-03,23/38,7.91%,DEFA1;CCL13;CCL5;CCL23;CCL8;CCL3;CCL18;CCL15;CCL4;CXCL13;CCL7;CCL14;CCL11;CH25H;CCL26;CXCL16;CCL2;CCL19;PIK3CG;PIK3CD;CCL24;CXCL10;GPR183
prerank,Cilium Movement (GO:0003341),0.7089783349850088,2.1630511841404885,1.000000e-03,1.000000e-03,1.000000e-03,33/54,16.52%,DNAH9;TEKT1;DNAAF1;SPAG6;DNAI1;TTC29;DNAI2;TEKT2;ODAD1;CLXN;ROPN1L;CFAP100;HYDIN;DNAI3;CFAP206;TEKT3;DNAAF6;PIERCE1;DNAH7;RSPH4A;NME5;ODAD2;ODAD4;CFAP61;RSPH9;DNAI4;TEKT4;CABYR;CFAP53;SPEF1;DNAH1;CFAP73;DNAH5
prerank,Immunoglobulin Mediated Immune Response (GO:0016064),0.8090589410761931,2.1614273579938943,1.000000e-03,1.000000e-03,1.000000e-03,23/28,13.36%,HLA-DQA1;FCGR2B;TLR8;CSF2RB;HLA-DRB1;FCER1G;HLA-DRB5;HLA-DPA1;IL2RB;HLA-DOA;HLA-DMB;HLA-DRA;CD74;IL21R;HLA-DMA;MPL;CD27;GAPT;HLA-DOB;GNAO1;HLA-DQA2;CD81;CD19
prerank,DNA Replication (GO:0006260),-0.5660660241488314,-2.159233221323995,1.000000e-03,2.571511e-03,1.900000e-02,39/73,25.37%,FAM111B;CHEK1;TICRR;MCM4;RECQL4;RFC3;PCLAF;TOP1MT;CDK1;POLD2;FEN1;MCM7;CHRAC1;DONSON;POLE;DNA2;ORC5;RFC5;PTMS;RPA3;RFC4;RNASEH2A;WDHD1;POLA2;BLM;POLE4;POLA1;POLB;RNASEH1;RFC2;SET;POLE3;MCM8;POLE2;RECQL5;POLD1;REV1;GRWD1;DUT
prerank,Eosinophil Migration (GO:0072677),0.870180053985174,2.15889417962981,1.000000e-03,1.000000e-03,1.000000e-03,14/20,6.72%,CCL13;CCL5;CCL23;CCL8;CCL3;CCL18;CCL15;CCL4;CCL7;CCL14;CCL11;CCL26;CCL2;CCL24
prerank,Eosinophil Chemotaxis (GO:0048245),0.870180053985174,2.15889417962981,1.000000e-03,1.000000e-03,1.000000e-03,14/20,6.72%,CCL13;CCL5;CCL23;CCL8;CCL3;CCL18;CCL15;CCL4;CCL7;CCL14;CCL11;CCL26;CCL2;CCL24
prerank,Regulation Of B Cell Proliferation (GO:0030888),0.7357210839542727,2.1561912843436635,1.000000e-03,1.000000e-03,1.000000e-03,28/41,16.49%,FCGR2B;MZB1;CD300A;PTPRC;CD38;TYROBP;SASH3;MNDA;NFATC2;CD74;TNFSF13B;BST1;NCKAP1L;GPR183;FCRL3;IL10;IKZF3;TLR9;LYN;VAV3;CD81;CD40;IRS2;TNFRSF13B;TNFRSF4;CTLA4;TNFRSF13C;MEF2C
prerank,Cellular Response To Type II Interferon (GO:0071346),0.7069624154978488,2.1462653689172013,1.000000e-03,1.000000e-03,1.000000e-03,35/59,12.20%,CCL13;CCL5;CCL23;CCL8;CCL3;CCL18;GBP5;CCL15;CCL4;CCL7;CCL14;CCL11;HCK;HLA-DPA1;IFNG;TLR2;IL12RB1;CCL26;TLR4;CCL2;CCL19;AIF1;CCL24;IRF8;GBP4;CASP1;GBP1;SIRPA;IRF1;GBP2;LGALS9;CCL21;DAPK1;IFNGR1;IFNGR2
prerank,Positive Regulation Of Defense Response (GO:0031349),0.6434204522791196,2.142534736740178,1.000000e-03,1.000000e-03,1.000000e-03,67/114,21.06%,CCL5;OSM;NKG7;MEFV;SNCA;NLRP3;FPR2;NLRP12;CCL3;ADAM8;GBP5;S100A12;TLR8;GPSM3;IFNG;LCP1;TLR2;SERPINE1;TLR4;SH2D1B;TLR7;EMILIN2;IL1B;NINJ1;NLRC4;TNF;SIGLEC16;TASL;PTGER4;CYBA;IL17RA;NFKBIA;IL16;GRN;CASP1;NLRP1;IL33;CCR2;PDE2A;TLR9;EREG;TSLP;LGALS1;IL12B;PLA2G7;ETS1;TNFSF4;NLRP6;CASP4;IFNK;CD1D;PYCARD;CEBPA;LGALS2;MEF2C;IL15;TNIP1;IFI35;CX3CL1;AGTR1;DDT;RIOK3;NAIP;NFKBIZ;TNFRSF1A;SLC15A4;MMRN2
prerank,Antimicrobial Humoral Immune Response Mediated By Antimicrobial Peptide (GO:0061844),0.7158296039156896,2.139572187402711,1.000000e-03,1.000000e-03,1.000000e-03,23/53,7.26%,DEFA3;DEFA1;PPBP;PF4V1;PF4;BPIFA1;CXCL5;DEFA4;CCL13;RNASE3;CAMP;GNLY;CXCL8;CXCL3;CXCL9;RNASE6;S100A12;CXCL13;MUC7;LTF;PGLYRP1;DEFB4A;CXCL10
prerank,One-Carbon Compound Transport (GO:0019755),0.7635722112551445,2.1368075008679313,1.000000e-03,1.000000e-03,1.000000e-03,11/33,5.01%,HBG1;SLC4A1;HBG2;HBD;HBB;RHAG;HBA1;HBE1;CA2;SLC14A1;CA4
prerank,Positive Regulation Of Endocytosis (GO:0045807),0.6811628668217095,2.136002424111987,1.000000e-03,1.000000e-03,1.000000e-03,42/72,19.45%,AZU1;SNCA;FCGR2B;FPR2;SLC11A1;APOA2;IL2RG;GPC3;FCER1G;IFNG;SIRPG;IL2RB;SERPINE1;SIRPB1;DOCK2;DAB2;IL1B;CCL19;CLEC7A;TNF;CYBA;TREM2;CLU;B2M;APOE;SIRPA;LRP1;CCL21;TFR2;VTN;SMPD1;HFE;PYCARD;GAS6;IL15;PLA2G5;LDLRAP1;HIP1;ABCA7;PPT1;C3;FLOT1
prerank,Regulation Of Type II Interferon Production (GO:0032649),0.6614281949225569,2.134781343010796,1.000000e-03,1.000000e-03,1.000000e-03,49/82,16.87%,CD226;CR1;SLC11A1;CD14;TLR8;HAVCR2;CRTAM;CD2;LAPTM5;HLA-DRB1;SLAMF6;HLA-DPA1;CD244;LGALS9B;PDCD1LG2;IL12RB1;PTPN22;VSIR;TLR4;TLR7;SLAMF1;IL1B;CLEC7A;PDE4B;LILRB4;TXK;LGALS9C;HLA-A;CCR7;LILRB1;SIRPA;CCR2;RIPK3;EBI3;IL18R1;TLR9;LGALS9;BTN3A1;IL12B;RASGRP1;FOXP3;PRNP;RARA;TNFSF4;PYCARD;INHBA;CD274;BTN3A2;GAS6
prerank,Negative Regulation Of Lymphocyte Proliferation (GO:0050672),0.7567370481960283,2.1343652837944074,1.000000e-03,1.000000e-03,1.000000e-03,26/37,16.11%,FCGR2B;CR1;PLA2G2D;IL4I1;LILRB2;CD300A;VSIG4;LST1;HLA-DRB1;PDCD1LG2;CEBPB;SPN;TYROBP;CD86;MNDA;LILRB4;LILRB1;HLA-G;IL10;LYN;CD80;FOXP3;GPNMB;TNFRSF13B;CTLA4;CD274
prerank,Antigen Processing And Presentation Of Peptide Antigen Via MHC Class II (GO:0002495),0.7988943622587337,2.1332449667661706,1.000000e-03,1.000000e-03,1.000000e-03,21/26,12.18%,HLA-DQA1;FCGR2B;CTSS;HLA-DRB1;FCER1G;HLA-DRB5;HLA-DPA1;HLA-DOA;HLA-DMB;HLA-DRA;HLA-DMA;CTSE;IFI30;CTSD;LGMN;MARCHF1;MARCHF8;CTSL;HLA-DOB;GNAO1;HLA-DQA2
prerank,Immune Response-Activating Cell Surface Receptor Signaling Pathway (GO:0002429),0.8407120644708086,2.1325607409694074,1.000000e-03,1.000000e-03,1.000000e-03,17/20,13.36%,CR1;FPR2;FPR1;SLA2;C5AR1;C3AR1;C5AR2;FCER1G;CMKLR1;FPR3;LAX1;LILRA2;NCR3;LYN;SH2B2;MICB;CD19
prerank,Skin Development (GO:0043588),-0.56994059919088,-2.128412981876997,1.000000e-03,3.963989e-03,3.200000e-02,23/66,11.56%,S100A7;SCEL;SPRR1B;IVL;KRT16;POU2F3;SPRR2B;SPRR2G;SPRR1A;CERS3;SPRR3;CSTA;EVPL;DSP;WNT16;SPRR2F;ITGA6;TGM1;AKR1C3;ITGA3;KRT9;PDGFA;EPHA2
prerank,Positive Regulation Of B Cell Activation (GO:0050871),0.7058981345640137,2.1244579577226066,1.000000e-03,1.000000e-03,1.000000e-03,28/48,16.49%,PTPRC;NOD2;SPI1;BTK;CD38;SASH3;NFATC2;CD74;TNFSF13B;BST1;INPP5D;NCKAP1L;GPR183;FCRL3;CD27;IL6;TLR9;VAV3;SYK;SH3KBP1;CD81;CD40;IRS2;TNFSF4;XBP1;TNFRSF4;TNFRSF13C;MEF2C
prerank,Negative Regulation Of Cytokine Production (GO:0001818),0.6115336658843918,2.1213266387478,1.000000e-03,1.000000e-03,1.000000e-03,79/167,16.97%,ELANE;BPI;MMP8;MEFV;FCGR2B;CR1;SLC11A1;NLRP12;APOA2;VSIG4;SRGN;PTPRC;TLR8;CD33;THBS1;C5AR2;HAVCR2;LAPTM5;HLA-DRB1;ORM1;IFNG;LGALS9B;PDCD1LG2;TBX21;PTPN22;CMKLR1;TYROBP;VSIR;TLR4;SLAMF1;CD84;TNF;TMSB4X;CLEC4A;JAK3;LILRB4;ZFP36;IRAK3;NCKAP1L;PTGER4;CD200R1;TREM2;RNF125;ABCD2;LGALS9C;APOD;NLRC3;CCR7;FOXJ1;LILRB1;GBP1;PTPN6;SIRPA;IL10;FN1;RGCC;IL6;TLR9;LGALS9;GHSR;ARRB1;IL12B;ADCY7;SYT11;FOXP3;BCL3;TLR6;PRNP;RARA;GPNMB;TNFSF4;BTN2A2;PYCARD;INHBA;CD274;CYLD;TNFAIP3;GAS6;CD200
prerank,Myeloid Cell Development (GO:0061515),0.793280305904162,2.1181582463771136,1.000000e-03,1.000000e-03,1.000000e-03,13/27,6.96%,GP9;ALAS2;MPIG6B;GP1BB;GATA1;GP5;EVI2B;DMTN;TLR2;CEBPB;NRROS;GP1BA;NCKAP1L
prerank,Antibacterial Humoral Response (GO:0019731),0.7366224889853673,2.1156425366053244,1.000000e-03,1.000000e-03,1.000000e-03,20/38,9.73%,DEFA3;DEFA1;BPIFA1;DEFA4;RNASE3;CTSG;CAMP;IGHM;IGHA2;IGKV3-20;RNASE2;IGHA1;RNASE6;LTF;HLA-E;JCHAIN;WFDC2;HLA-A;SLPI;DMBT1
prerank,Positive Regulation Of Chemokine Production (GO:0032722),0.7152005148415509,2.1150377433915133,1.000000e-03,1.000000e-03,1.000000e-03,26/48,12.24%,AZU1;FFAR2;HMOX1;CSF1R;IFNG;LCP1;TLR2;TLR4;TLR7;IL1B;AIRE;CD74;CD84;CLEC7A;TNF;AIF1;FFAR3;IL17RA;EGR1;IL33;IL6R;IL6;TLR9;LGALS9;TSLP;SYK
prerank,Regulation Of Interleukin-12 Production (GO:0032655),0.7124273516386751,2.1121517095255826,1.000000e-03,1.000000e-03,1.000000e-03,29/48,14.39%,MEFV;TLR8;THBS1;CD40LG;LAPTM5;IFNG;TLR2;CMKLR1;TLR4;SLAMF1;CCL19;CLEC7A;HLA-B;SCIMP;JAK3;IRAK3;LTB;IL16;CCR7;LILRB1;HLA-G;IL10;TLR9;LGALS9;IRF5;SYK;IL12B;CD40;TNFSF4
prerank,Mitochondrial Translation (GO:0032543),-0.5228079985116781,-2.104408164689755,1.000000e-03,5.217559e-03,4.700000e-02,64/98,37.95%,MRPL13;EARS2;PTCD3;MRPL36;MRPS17;MRPL19;MRPL14;MRPL48;MRPS33;MRPS24;MRPL9;MRPL58;MRPS9;MRPL12;MRPL51;MRPL42;MRPS34;MTIF2;MRPL35;QRSL1;MRPS23;IARS2;MRPL46;MRPS11;MRPL30;TSFM;MRPL49;MRPL45;MRPS5;MRPL21;GFM1;MRPL37;MRPL47;MRPL11;MRPL50;MRPS15;MRPL38;RARS2;MRPS10;DROSHA;GATC;MRPL39;MRPS26;MRPL3;MRPL53;DAP3;MRPL40;MRPS7;MRPL24;GFM2;MRPS16;LARS2;MRPL33;MRPS14;TUFM;MRPS28;MRPS18B;MRPL18;MTRF1;FASTKD2;MRPS21;MRPS27;MRPS2;MRPL22
prerank,Positive Regulation Of T Cell Proliferation (GO:0042102),0.6812178128676445,2.0962614215881694,1.000000e-03,1.000000e-03,1.000000e-03,34/59,17.21%,CCL5;CD209;LILRB2;CD28;PTPRC;CD3E;CD40LG;HLA-DPA1;PDCD1LG2;VCAM1;IL12RB1;CD86;HLA-DMB;IL1B;CD6;CCL19;CCDC88B;LEP;AIF1;NCKAP1L;ICOSLG;PNP;CCR2;EBI3;IL6;SYK;IL12B;CD80;TNFSF4;CD1D;PYCARD;CD274;TNFRSF13C;IL15
prerank,Cellular Response To Cytokine Stimulus (GO:0071345),0.5813501592488817,2.0930244093885366,1.000000e-03,1.000000e-03,1.000000e-03,117/273,17.43%,PF4;CCL13;CCL5;CTSG;CCL23;PTPRT;ANKRD1;CRLF2;CSF3R;CXCL8;CCL8;NLRP12;CCL3;LILRB2;CCL18;GBP5;CCL15;CXCR4;SELPLG;CCL4;IL2RG;LILRA4;CSF2RB;CCR1;CCL7;CSF2RA;RIPOR2;CCL14;CCL11;PYHIN1;CSF1R;HCK;HLA-DPA1;CD4;DUSP1;IL2RB;PTGIS;IFITM2;CXCL12;TLR2;IL12RB1;CCL26;STAT4;MNDA;TLR4;DOCK8;IL1B;CCL2;IL21R;CCL19;LILRA1;AIF1;JAK3;LILRB4;ZFP36;RHEX;CCL24;IRAK3;LILRA2;IRF8;FLT3;GBP4;CRHBP;NFKBIA;ASAH1;ALOX15;CCR7;CASP1;LILRB1;GBP1;EGR1;IL7R;PTPN6;SIRPA;IL3RA;ZFP36L2;STAT5A;IRF1;CCR2;PDE2A;PTPRJ;GBP2;IL6R;LEPR;EBI3;EPOR;IL6;IL5RA;LGALS9;EREG;CCL21;IRF5;MT2A;DAPK1;SBNO2;IL12B;CD40;STAT5B;SOCS1;CHI3L1;SH2B3;IL4R;ZFP36L1;JAK1;LRRK2;XBP1;RUFY4;IFNK;PYCARD;HCLS1;CEBPA;ST3GAL6;GAS6;RHOA;INPP5K;CCL22;PDE1B
prerank,Positive Regulation Of Lymphocyte Activation (GO:0051251),0.708561582378199,2.092773162685702,1.000000e-03,1.000000e-03,1.000000e-03,29/45,15.81%,HLA-DQA1;NOD2;HLA-DRB1;HLA-DRB5;HLA-DPA1;SIRPG;HLA-DOA;SIRPB1;TYROBP;HLA-DMB;HLA-DRA;CCL2;HLA-DMA;CLEC7A;CCDC88B;LCK;NCKAP1L;SIRPA;CCR2;IL6;TLR9;HLA-DOB;GNAO1;HLA-DQA2;IL12B;SH3KBP1;THY1;TNFSF4;PYCARD
prerank,Regulation Of Inflammatory Response (GO:0050727),0.5854877238826002,2.09130439988244,1.000000e-03,1.000000e-03,1.000000e-03,107/214,21.00%,ELANE;MMP8;CCL5;OSM;NKG7;MEFV;SNCA;NLRP3;FPR2;TNFRSF1B;FFAR2;NLRP12;DNASE1L3;CCL3;S100A12;AOAH;ALOX5;NOD2;IL10RA;HCK;PIK3AP1;GPSM3;IFNG;PTGIS;LCP1;AKNA;TLR2;SERPINE1;TLR4;TLR7;IL1B;CARD16;MMP9;NINJ1;NLRC4;TNF;BST1;TMSB4X;PTGER4;CD200R1;PTGS2;IL17RA;NFKBIA;IL16;NLRC3;ALOX15;GRN;APOE;CASP1;NLRP1;SIRPA;METRNL;IL33;CCR2;PDE2A;IL10;PRKCD;NLRP14;SELE;TNFAIP8L2;IL6;TLR9;MYD88;GHSR;TSLP;LGALS1;SBNO2;IL12B;SAA1;TNC;TNFAIP6;PPARG;NR1H3;PLA2G7;MMP3;ETS1;TNFSF4;NLRP6;CASP4;PYCARD;CEBPA;TEK;LGALS2;CYLD;TNFAIP3;CD200;BCL6;IL15;SEMA7A;TNIP1;IFI35;ELF4;CX3CL1;LACC1;AGTR1;DDT;VAMP2;VAMP3;IL1R1;MAPK7;NAIP;PPARD;NFKBIZ;TNFRSF1A;GATA3;ENPP3;JAK2
prerank,Positive Regulation Of Inflammatory Response (GO:0050729),0.6369930553599353,2.091080341111769,1.000000e-03,1.000000e-03,1.000000e-03,56/98,18.94%,MMP8;OSM;NKG7;MEFV;SNCA;NLRP3;NLRP12;CCL3;ADAM8;S100A12;GPSM3;IFNG;LCP1;TLR2;SERPINE1;TLR4;TLR7;IL1B;NINJ1;NLRC4;TNF;PTGER4;IL17RA;NFKBIA;IL16;GRN;CASP1;NLRP1;IL33;CCR2;PDE2A;NUPR1;IL6;TLR9;TSLP;LGALS1;IL12B;CD81;PLA2G7;ETS1;TNFSF4;NLRP6;CASP4;PYCARD;CEBPA;LGALS2;PLCG2;IL15;CREB3L3;TNIP1;IFI35;CX3CL1;VAMP7;IL6ST;AGTR1;DDT
prerank,Regulation Of Chemokine Production (GO:0032642),0.7335894865659802,2.0894579485205225,1.000000e-03,1.000000e-03,1.000000e-03,23/40,11.98%,ELANE;FFAR2;HMOX1;CSF1R;IFNG;LCP1;TLR2;TLR4;TLR7;AIRE;CD74;TNF;AIF1;LILRB4;FFAR3;TREM2;EGR1;IL33;IL6R;IL6;TLR9;LGALS9;TSLP
prerank,Antigen Processing And Presentation Of Exogenous Peptide Antigen Via MHC Class II (GO:0019886),0.7935454301418158,2.0859479201807316,1.000000e-03,1.000000e-03,1.000000e-03,19/24,12.18%,HLA-DQA1;FCGR2B;CTSS;HLA-DRB1;FCER1G;HLA-DRB5;HLA-DPA1;HLA-DOA;HLA-DMB;HLA-DRA;HLA-DMA;CTSE;IFI30;CTSD;LGMN;CTSL;HLA-DOB;GNAO1;HLA-DQA2
prerank,Lipopolysaccharide-Mediated Signaling Pathway (GO:0031663),0.8218536648137369,2.084519782025167,1.000000e-03,1.000000e-03,1.000000e-03,11/20,6.09%,BPI;CCL5;CCL3;HCK;PTPN22;TLR4;IL1B;CD6;CCL2;TNF;TGFB1
prerank,Response To Interleukin-1 (GO:0070555),0.6607011015560008,2.082564906677575,1.000000e-03,1.000000e-03,1.000000e-03,32/77,14.45%,CCL13;CCL5;CCL23;SNCA;ANKRD1;CXCL8;CCL8;CCL3;CCL18;CCL15;CCL4;CCL7;CCL14;CCL11;PTGIS;CCL26;IL1B;CCL2;CCL19;CCL24;IRAK3;GBP1;SIRPA;GBP2;SELE;IRAK2;LGALS9;MYD88;CCL21;CD40;CHI3L1;SMPD1
prerank,Mucosal Immune Response (GO:0002385),0.8046297077236562,2.069529126644222,1.000000e-03,1.000000e-03,2.000000e-03,10/23,7.10%,DEFA3;DEFA1;DEFA4;RNASE3;BPIFB1;CAMP;RNASE2;FFAR2;LTF;FFAR3
prerank,Innate Immune Response In Mucosa (GO:0002227),0.8617384027955566,2.065529039902022,1.000000e-03,1.000000e-03,2.000000e-03,8/17,4.17%,DEFA3;DEFA1;DEFA4;RNASE3;BPIFB1;CAMP;RNASE2;LTF
prerank,Regulation Of Cell Death (GO:0010941),0.6846239019399252,2.0625786475071783,1.000000e-03,1.000000e-03,3.000000e-03,15/57,9.87%,HBG1;HBG2;HBD;HBB;HBA1;OLFM4;HBE1;SNCA;HP;CCN2;PACRG;HPR;CLU;BNIP3L;SNCG
prerank,Negative Regulation Of Interleukin-6 Production (GO:0032715),0.7485677421677701,2.0623164488475516,1.000000e-03,1.000000e-03,3.000000e-03,26/32,18.27%,BPI;NLRP12;C5AR2;ORM1;PTPN22;TLR4;SLAMF1;CD84;TNF;LILRB4;IRAK3;NCKAP1L;CD200R1;NLRC3;FOXJ1;PTPN6;SIRPA;IL10;TLR9;GHSR;SYT11;TNFAIP3;GAS6;CD200;ELF4;CX3CL1
prerank,Immunoglobulin Production Involved In Immunoglobulin-Mediated Immune Response (GO:0002381),0.8351141295929545,2.055248956185061,1.000000e-03,1.000000e-03,5.000000e-03,12/17,12.18%,HLA-DQA1;HLA-DRB1;HLA-DRB5;HLA-DPA1;HLA-DOA;HLA-DMB;HLA-DRA;HLA-DMA;GAPT;HLA-DOB;GNAO1;HLA-DQA2
prerank,Regulation Of B Cell Activation (GO:0050864),0.7893747806029405,2.053450478436288,1.000000e-03,1.000000e-03,5.000000e-03,20/24,16.61%,FCGR2B;IL4I1;MZB1;SAMSN1;NOD2;SLAMF8;LAPTM5;THEMIS2;FCRL3;FOXJ1;ZFP36L2;IL10;IKZF3;IL6;TLR9;SH3KBP1;CD19;TNFSF4;ZFP36L1;TNFAIP3
prerank,Leukocyte Cell-Cell Adhesion (GO:0007159),0.7545854525390558,2.051920541980882,1.000000e-03,1.000000e-03,6.000000e-03,20/30,14.88%,CCL5;CD209;SELL;ITGB2;SELP;FERMT3;CD40LG;ITGAL;VCAM1;ITGA4;OLR1;SEMA4D;SELE;PECAM1;CD177;SYK;JAM2;ICAM1;LRG1;CERCAM
prerank,Cellular Response To Interleukin-1 (GO:0071347),0.650011850073721,2.051098379170217,1.000000e-03,1.000000e-03,6.000000e-03,28/74,11.52%,CCL13;CCL5;CCL23;ANKRD1;CXCL8;CCL8;CCL3;CCL18;CCL15;CCL4;CCL7;CCL14;CCL11;PTGIS;CCL26;IL1B;CCL2;ST18;CCL19;CCL24;IRAK3;GBP1;EGR1;SIRPA;GBP2;IRAK2;MYD88;CCL21
prerank,Translation (GO:0006412),-0.44787381556136774,-2.0476161446675327,1.000000e-03,8.944386e-03,9.000000e-02,139/229,39.64%,EEF1A2;RPL22L1;MRPL13;PTCD3;MRPL36;RPL26L1;MRPS17;MRPL19;RPS21;RPS5;RPS29;MRPL14;RPS17;GARS1;ZAR1;MRPL48;FARSB;MRPS33;MRPS24;RPLP0;MRPL9;RPL12;MRPL58;RPS7;RPS4Y1;RPLP1;MRPS9;MRPL12;RPS19;MRPL51;MRPL42;RPS10;MARS2;MRPS34;RPL35;LARS1;ZC3H15;GSPT2;IARS1;MRPL35;RPL30;QRSL1;MRPS23;RPS3;IARS2;YARS2;MRPL46;ABCE1;RPL27;RPL38;MRPS11;MRPL30;IGF2BP3;TSFM;RPS27A;MRPL49;RPS18;MRPL45;RPL8;RPL36;RPL24;MRPS5;RPL4;RPS2;RPL31;RPL28;MRPL21;VARS1;RPL37A;MRRF;RPL13A;RPL5;RPL6;MRPL37;MRPL47;RPL35A;MRPL11;RPS8;MRPL50;MRPS15;EPRS1;RPL7A;RPL18A;RPS3A;MRPL38;RARS2;MRPS10;RARS1;GATC;RPS20;RPS15A;MRPL39;MRPS26;MRPL3;MRPL53;DAP3;RPL17;RPSA;WARS2;MRPL40;MRPS7;MRPL24;EIF4G1;GFM2;RACK1;DARS1;MRPS16;LARS2;RPL7;RPL26;MRPL33;RPS24;COPS5;MRPS14;TUFM;MRPS28;RWDD1;RPL18;EIF5AL1;MRPS18B;RPL10A;EEF1G;RPL39;MRPL18;FASTKD2;MRPS21;RPS15;MRPS27;MRPS2;RPL13;RPS25;MRPL22;EEF2;MRPL27;MRPS30;EEF1B2;RPL34;RPL22;RPS6
prerank,Lymphocyte Migration (GO:0072676),0.7311872385382816,2.044425009941755,1.000000e-03,1.000000e-03,6.000000e-03,20/35,8.47%,CCL13;CCL5;CCL23;CCL8;CCL3;CCL18;CCL15;CCL4;CCL7;CCL14;CRTAM;CCL11;TBX21;ZAP70;CCL26;MYO1G;CCL2;CCL19;CCL24;S1PR1
prerank,Positive Regulation Of Immune Response (GO:0050778),0.6485047558616446,2.043337481086402,1.000000e-03,1.000000e-03,6.000000e-03,42/74,19.26%,CCL5;CD226;NLRP3;FCGR2B;FPR2;ITGAM;CFP;ITGB2;GBP5;PTPRC;TLR8;NOD2;HLA-DRB1;IFNG;IL12RB1;SASH3;HLA-DMB;SH2D1B;HLA-DRA;CD74;TASL;C8G;CCR7;LILRB1;IL10;LGALS9;EREG;CD177;STX4;IL12B;CD81;C8A;TNFSF4;XBP1;IFNK;CD1D;PYCARD;IL15;IFI35;C6;IL6ST;RIOK3
prerank,Pattern Recognition Receptor Signaling Pathway (GO:0002221),0.6702872594129962,2.0432801991084313,1.000000e-03,1.000000e-03,6.000000e-03,28/54,20.89%,MEFV;NLRP3;FCN1;FFAR2;CD14;TLR8;CTSS;NOD2;CLEC4E;TLR2;TLR4;TLR7;NLRC4;TLR1;LY96;CASP1;NLRP1;TLR9;TLR6;STING1;PYCARD;ALPK1;TLR5;PLCG2;LACC1;NAIP;MAPKAPK2;MAPKAPK3
prerank,Negative Regulation Of T Cell Proliferation (GO:0042130),0.7311284382949941,2.0331532372782513,1.000000e-03,1.000000e-03,1.000000e-02,24/34,17.47%,CR1;PLA2G2D;IL4I1;LILRB2;VSIG4;CRTAM;HLA-DRB1;PDCD1LG2;CEBPB;SPN;CD86;LILRB4;LILRB1;HLA-G;IL10;LGALS9;TNFRSF14;CD80;FOXP3;PRNP;GPNMB;BTN2A2;CD274;PLA2G5
prerank,Cellular Response To Lipid (GO:0071396),0.5725780879737683,2.029993403528491,1.000000e-03,1.000000e-03,1.200000e-02,84/209,17.27%,DEFA3;DEFA1;PPBP;PF4V1;PF4;CXCL5;DEFA4;CTSG;NLRP3;ANKRD1;TNFRSF1B;CXCL8;FFAR2;CD14;LILRB2;SPP1;CXCL3;CXCL9;CCR5;CXCL13;NOD2;CD68;CD180;PDCD1LG2;LCP1;SERPINE1;WNT2;CD86;TLR4;IL1B;CARD16;CCL2;PDE4B;GFI1;FES;ZFP36;FFAR3;CXCL10;MAP4K1;TREM2;CRHBP;ESR1;VIM;LY96;CASP1;LILRB1;SIRPA;GPBAR1;IL10;CXCL2;GBP2;PTK2B;SSTR2;CARD17P;IL6;INSIG1;MYD88;LYN;TNIP3;SYK;SBNO2;HSPA1B;CD80;CXCL11;NCOA4;HSPA1A;NR1H3;ATP1A2;RARA;TWF2;TNFSF4;HMGB2;XBP1;PYCARD;CD274;PDK4;CXCL1;MEF2C;RAMP3;TNFAIP3;FZD7;RHOA;PLCG2;TESC
prerank,Positive Regulation Of Smooth Muscle Cell Proliferation (GO:0048661),0.6827687215264354,2.029915734374416,1.000000e-03,1.000000e-03,1.200000e-02,25/45,18.56%,ELANE;CCL5;HMOX1;FGF9;THBS1;IGFBP5;MMP9;TNF;TGFB1;AIF1;NR4A3;RBPMS2;IL10;IL6R;IL6;EREG;CDH13;ID2;MEF2D;FGF2;ERN1;MMP2;CX3CL1;LDLRAP1;JUN
prerank,Regulation Of Immune Response (GO:0050776),0.6412278522424331,2.0274212544075514,1.000000e-03,1.000000e-03,1.300000e-02,34/71,17.21%,FCGR2B;FCGR3B;FGR;FCGR3A;SLA2;CFP;IL4I1;CXCL13;HLA-DRB1;IRF4;PTPN22;SPN;SH2D1A;PDCD1;HLA-DRA;FCGR1BP;FCGR1A;INPP5D;LAG3;C8G;TREM2;HLA-G;IRF1;RIPK3;SAMHD1;LYN;SYK;IRF7;C8A;FOXP3;TNFSF4;GPR108;BCL6;IL15
prerank,Positive Regulation Of Cell Death (GO:0010942),0.6928908519597844,2.025222767582816,1.000000e-03,1.000000e-03,1.300000e-02,23/48,14.75%,HBG1;HBG2;HBD;HBB;HBA1;HBE1;SNCA;ITGAM;ITGB2;C1QA;HP;IFNG;TYROBP;TNF;HPR;CLU;FYN;SLC6A6;NTRK1;SLC6A13;MMP3;PRNP;LRRK2
prerank,Positive Regulation Of Natural Killer Cell Mediated Immunity (GO:0002717),0.7762873761378017,2.018246173913994,1.000000e-03,1.000000e-03,1.400000e-02,15/23,12.76%,CD226;KLRD1;KLRC3;KLRC4;CRTAM;KLRC2;SLAMF6;KIR2DL4;SH2D1B;HLA-E;KLRK1;HLA-F;HLA-G;NCR3;RASGRP1
prerank,Mitochondrial Gene Expression (GO:0140053),-0.5000245550238026,-2.0129346237613257,1.000000e-03,1.317700e-02,1.370000e-01,66/103,38.00%,MRPL13;PTCD3;MRPL36;MRPS17;MRPL19;MRPL14;MRPL48;MRPS33;MRPS24;MRPL9;MRPL58;MRPS9;MRPL12;MRPL51;MRPL42;TBRG4;MRPS34;MRPL35;MTERF3;TWNK;QRSL1;MRPS23;IARS2;MRPL46;MRPS11;MRPL30;SLC25A33;MRPL49;MRPL45;TEFM;TFAM;MRPS5;MRPL21;MRPL37;MRPL47;MRPL11;MRPL50;MRPS15;MRPL38;RARS2;MRPS10;GATC;FASTK;MRPL39;MRPS26;MRPL3;MRPL53;DAP3;TFB2M;MRPL40;MRPS7;MRPL24;GFM2;MRPS16;LARS2;MRPL33;MRPS14;MRPS28;MRPS18B;MRPL18;FASTKD2;MRPS21;MRPS27;MRPS2;MRPL22;FASTKD1
prerank,Macrophage Activation (GO:0042116),0.7296065947531415,2.0094214345836034,1.000000e-03,1.000000e-03,1.500000e-02,21/33,12.27%,AZU1;SNCA;SLC11A1;FCGR3A;ITGAM;ITGB2;C1QA;C5AR1;CD93;IFNG;TLR4;TNF;AIF1;TREM2;DYSF;CLU;TLR1;TMEM106A;IFNGR1;SYK;SBNO2
prerank,Mitotic Nuclear Division (GO:0140014),-0.573542441214891,-2.003522799971884,3.717472e-03,1.371473e-02,1.500000e-01,21/44,19.31%,KIF18A;UBE2S;PLK1;UBE2C;ZWINT;SMC4;NDC80;ESPL1;KIF18B;CENPK;KIFC1;SGO1;KNTC1;SPAG5;KNSTRN;NCAPG2;CENPI;NUSAP1;DSN1;EPS8;RAN
prerank,Positive Regulation Of Type II Interferon Production (GO:0032729),0.6595585053687073,2.00323170153058,1.000000e-03,1.000000e-03,1.800000e-02,30/55,16.18%,CD226;SLC11A1;CD14;TLR8;CRTAM;CD2;SLAMF6;HLA-DPA1;CD244;IL12RB1;PTPN22;TLR4;TLR7;SLAMF1;IL1B;CLEC7A;PDE4B;TXK;HLA-A;LILRB1;CCR2;EBI3;IL18R1;TLR9;LGALS9;IL12B;RASGRP1;TNFSF4;PYCARD;BTN3A2
prerank,Mitotic Sister Chromatid Segregation (GO:0000070),-0.48653748534444163,-1.9991627966248875,1.000000e-03,1.327682e-02,1.550000e-01,46/110,21.61%,CHMP4C;KIF18A;KIF23;KIF14;TPX2;CEP55;PLK1;ZWINT;SMC4;NDC80;MISP;CDCA5;ESPL1;KIF18B;CENPK;NCAPH;KIFC1;SGO1;SPDL1;CCNB1;KNTC1;SPAG5;PRC1;KNSTRN;CDCA8;NCAPD2;RRS1;NCAPD3;KIFC2;NCAPG2;CENPI;CENPE;NUSAP1;KIF11;KIF22;MAP9;KIF2C;CHMP3;SPICE1;MZT1;DSN1;RAN;BOD1;SMC2;NCAPG;PINX1
prerank,Phagocytosis (GO:0006909),0.638870905513966,1.9965486226754023,1.000000e-03,1.000000e-03,2.400000e-02,38/67,18.84%,ELANE;MARCO;ITGB3;FCGR2B;SLC11A1;ITGAM;ITGB2;CD14;CEACAM4;CD93;BIN2;MSR1;TYROBP;TLR4;CORO1A;HAVCR1;ARHGAP25;AIF1;TIMD4;TREM2;ALOX15;ELMO1;LRP1;MYD88;PECAM1;CD36;CD302;NR1H3;SH3BP1;RARA;JMJD6;ADORA2A;GAS6;MYH9;CORO1C;PIP5K1C;VAMP7;SRPX
prerank,Regulation Of Chromosome Segregation (GO:0051983),-0.6581580389983369,-1.9922940060388985,1.000000e-03,1.361388e-02,1.690000e-01,17/25,26.28%,HORMAD1;CDCA2;BUB1;SMC4;NCAPH;MKI67;CDC6;RMI2;NCAPD2;NCAPD3;NCAPG2;KIF2C;IHO1;SMC2;NCAPG;SMC6;RAD18
prerank,Positive Regulation Of B Cell Proliferation (GO:0030890),0.7370854984778287,1.9894751258954138,1.000000e-03,1.000000e-03,3.200000e-02,18/26,16.49%,PTPRC;CD38;SASH3;NFATC2;CD74;TNFSF13B;BST1;NCKAP1L;GPR183;FCRL3;TLR9;VAV3;CD81;CD40;IRS2;TNFRSF4;TNFRSF13C;MEF2C
prerank,DNA Duplex Unwinding (GO:0032508),-0.5681817656737567,-1.9874576956249648,1.000000e-03,1.366503e-02,1.790000e-01,20/40,23.06%,MCM4;CDC45;RECQL4;GINS1;DDX12P;GINS2;DDX11;MCM7;RAD51;SSBP1;BLM;GINS3;DDX1;GINS4;TWNK;MCM8;MCM3;RECQL5;RAD50;MRE11
prerank,Regulation Of Platelet Activation (GO:0010543),0.7387701298838993,1.9859187301965298,1.000000e-03,1.000000e-03,3.900000e-02,14/27,12.24%,GP9;GP1BB;GP5;PLEK;SELP;FCER1G;THBD;GP1BA;TLR4;TXK;C1QTNF1;FLNA;LYN;SYK
prerank,Defense Response To Symbiont (GO:0140546),0.5783860506917182,1.9783999955894123,1.000000e-03,1.000000e-03,4.900000e-02,52/137,17.72%,BPIFA1;AZU1;IFIT1B;PRF1;APOBEC3A;RNASE2;GBP5;RNASE6;PTPRC;TLR8;RNASE1;IFITM2;TLR2;OASL;APOBEC3B;TLR7;APOBEC3G;APOBEC3C;APOBEC3H;CASP1;LILRB1;NLRP1;BNIP3L;IRF1;RIPK3;DDX60L;GBP2;ISG20;IL6;IFIT2;TLR9;APOBEC3D;IFITM3;MYD88;CARD8;SAMHD1;MLKL;DDIT4;APOBEC3F;IFITM1;IRF7;NLRC5;CD40;NLRP6;STING1;NT5C3A;PYCARD;ZNFX1;ATG7;IFIT3;SLFN11;IRF2
prerank,Regulation Of Lymphocyte Activation (GO:0051249),0.8034559831237573,1.9763659422085007,1.000000e-03,1.000000e-03,5.000000e-02,14/18,13.36%,KLRD1;KLRC3;CRTAM;KLRC2;SIT1;CD4;THEMIS2;KLRC1;CLEC7A;LEP;LCK;FCRL3;IKZF3;CD19
prerank,Microglial Cell Activation (GO:0001774),0.794039668405449,1.9761952156743028,1.000000e-03,1.000000e-03,5.000000e-02,13/19,8.84%,AZU1;SNCA;ITGAM;ITGB2;C1QA;C5AR1;IFNG;TYROBP;TNF;AIF1;TREM2;CLU;GRN
prerank,Defense Response To Protozoan (GO:0042832),0.835499334709511,1.9759291674869879,1.000000e-03,1.000000e-03,5.000000e-02,12/15,13.09%,DEFA1;PF4;NKG7;SLC11A1;IRF4;CLEC7A;GBP4;GBP1;GBP2;MYD88;BATF2;CD40
prerank,Regulation Of Neuroinflammatory Response (GO:0150077),0.7904410411122635,1.9756782644684379,1.000000e-03,1.000000e-03,5.300000e-02,12/18,13.64%,MMP8;TNFRSF1B;IL1B;MMP9;TNF;CD200R1;TREM2;PTGS2;IL33;NUPR1;IL6;MMP3
prerank,Dendritic Cell Migration (GO:0036336),0.8218617317776168,1.9738404440475115,1.000000e-03,1.000000e-03,5.600000e-02,15/18,15.32%,CCL5;CXCR1;CXCR2;CXCR4;CCR5;CCR1;CCL19;PIK3CG;GPR183;CLU;CCR7;CCR2;CCL21;ASB2;CCR6
prerank,Negative Regulation Of Natural Killer Cell Mediated Cytotoxicity (GO:0045953),0.8266954784497261,1.9731203531185455,1.000000e-03,1.000000e-03,5.600000e-02,14/16,12.33%,KLRD1;KLRC1;KIR2DL4;HLA-E;SERPINB9;HLA-B;TGFB1;CLEC12B;HLA-F;HLA-A;LILRB1;HLA-G;LGALS9;SERPINB4
prerank,Peptide Antigen Assembly With MHC Protein Complex (GO:0002501),0.8403470223567594,1.9727810063191622,1.000000e-03,1.000000e-03,5.700000e-02,11/16,12.18%,HLA-DQA1;HLA-DRB1;HLA-DRB5;HLA-DPA1;HLA-DOA;HLA-DMB;HLA-DRA;HLA-DMA;HLA-DOB;GNAO1;HLA-DQA2
prerank,Myeloid Cell Differentiation (GO:0030099),0.6420713778671961,1.970498317010514,1.000000e-03,1.000000e-03,5.900000e-02,13/56,5.67%,AHSP;ALAS2;KLF1;MPIG6B;GATA1;RASGRP4;CEBPE;SPI1;EVI2B;TAL1;CEBPB;IKZF1;MAF
prerank,Regulation Of Cytokine Production (GO:0001817),0.5683996901636432,1.9704062218181084,1.000000e-03,1.000000e-03,5.900000e-02,65/154,17.21%,FCGR2B;SLC11A1;FGR;TNFRSF1B;NLRP12;CD28;SRGN;PTPRC;ALOX5;C5AR2;CRTAM;ITK;NFAM1;HLA-DRB1;IFNG;LTF;TNF;HLA-B;CCDC88B;ACKR1;LEP;CLEC4A;PIK3CG;PIK3CD;PLD3;TXK;IRF8;PTGER4;TREM2;ICOSLG;CCR7;SIRPA;IL33;BTNL8;LOC102723996;CCR2;RIPK3;IL10;RGCC;CLEC9A;LITAF;IL6;LGALS9;CLEC6A;PER1;EREG;LYN;BTN3A1;IL12B;SAA1;MOG;IRF7;SYT11;FOXP3;ERMAP;GPNMB;BTN2A2;TRIM21;BTN3A2;BTNL3;BTN3A3;BATF;NOS2;BCL6;IL15
prerank,Regulation Of Cytokine Production Involved In Immune Response (GO:0002718),0.7527884434951749,1.9703671424566178,1.000000e-03,1.000000e-03,5.900000e-02,15/24,12.06%,CLC;TNFRSF1B;FFAR2;APOA2;NOD2;LAPTM5;BTK;TNF;SCIMP;FFAR3;LILRB1;CCR2;IL10;IRF5;TNFRSF14
prerank,Dendritic Cell Chemotaxis (GO:0002407),0.8475467304918186,1.9701727346533977,1.000000e-03,1.000000e-03,6.000000e-02,12/15,11.52%,CCL5;CXCR1;CXCR2;CXCR4;CCR5;CCR1;PIK3CG;GPR183;CLU;CCR7;CCR2;CCL21
prerank,Negative Regulation Of Inflammatory Response (GO:0050728),0.5988882824231175,1.9684640259439259,1.000000e-03,1.000000e-03,6.300000e-02,50/99,22.08%,ELANE;MEFV;NLRP3;FPR2;FGR;TNFRSF1B;NLRP12;AOAH;ALOX5;SLAMF8;IL10RA;HCK;HLA-DRB1;PTGIS;PTGER4;CD200R1;TREM2;FYN;NLRC3;GRN;APOE;PTPN6;SIGLEC10;SIRPA;METRNL;IL33;IL10;PRKCD;TNFAIP8L2;LYN;GHSR;SYK;SAA1;TNFAIP6;PPARG;NR1H3;FURIN;TEK;CYLD;TNFAIP3;CD200;RHBDF2;ELF4;MAPK7;PPARD;TNFRSF1A;GATA3;ENPP3;ISL1;FNDC4
prerank,Negative Regulation Of Antigen Receptor-Mediated Signaling Pathway (GO:0050858),0.7443766985050708,1.967528253166599,1.000000e-03,1.000000e-03,6.600000e-02,15/24,15.27%,FCGR2B;SLA2;CD300A;LAPTM5;PTPN22;SH2D1A;LILRB4;UBASH3A;FCRL3;LPXN;GBP1;PTPRJ;THY1;PRNP;DUSP3
prerank,Negative Regulation Of Immune Response (GO:0050777),0.6273866782542981,1.9671985785164965,1.000000e-03,1.000000e-03,6.600000e-02,26/64,17.48%,FCGR2B;CR1;FGR;CD300A;SAMSN1;HAVCR2;SPI1;HCK;HLA-DRB1;PDCD1;IRAK3;TREM2;FYN;NLRC3;ALOX15;LILRB1;HLA-G;CCR2;LYN;SYK;FOXP3;FURIN;TRIM21;TNFAIP3;RHBDF2;ZDHHC18
prerank,Toll-Like Receptor Signaling Pathway (GO:0002224),0.7155719737310225,1.9669266901589113,1.000000e-03,1.000000e-03,6.600000e-02,19/30,20.89%,TLR8;CTSS;BTK;TLR2;TLR4;TLR7;SCIMP;IRAK3;TLR1;LY96;IRAK2;TLR9;TNIP3;TLR6;TLR5;PLCG2;TNIP1;MAPKAPK2;MAPKAPK3
prerank,Positive Regulation Of Response To Biotic Stimulus (GO:0002833),0.6819006329051966,1.96590902610514,1.000000e-03,1.000000e-03,6.800000e-02,17/39,11.12%,CCL5;FPR2;ADAM8;GBP5;TLR8;CD180;SH2D1B;BMP6;EMILIN2;LY86;SCIMP;SIGLEC16;TASL;CYBA;LY96;GRN;EREG
prerank,Epithelial Cell Development (GO:0002064),-0.7176163713829253,-1.9636678348242729,1.000000e-03,1.830069e-02,2.480000e-01,11/18,9.40%,ROS1;WNT7A;PKHD1;RAB25;CLDN3;POF1B;EXPH5;WNT7B;TMEM79;GRHL2;BFSP1
prerank,Negative Regulation Of Phagocytosis (GO:0050765),0.8190876121920796,1.9630684072365532,1.000000e-03,1.000000e-03,7.200000e-02,9/15,13.20%,PRTN3;FCGR2B;CD300A;CD300LF;TLR2;PIP4P2;DYSF;SIRPA;SYT11
prerank,Neutrophil Activation (GO:0042119),0.796222904215202,1.9623573475802083,1.000000e-03,1.000000e-03,7.400000e-02,13/18,12.24%,CCL5;CTSG;PRG3;CAMP;CXCR2;CXCL8;DNASE1L3;PREX1;FCER1G;TYROBP;LILRA2;PRKCD;SYK
prerank,Positive Regulation Of Nitric Oxide Metabolic Process (GO:1904407),0.7255546046263607,1.9592615952513934,1.000000e-03,1.000000e-03,7.700000e-02,13/26,13.67%,HBB;MMP8;KLF2;IFNG;TLR4;IL1B;CLEC7A;TNF;PTGS2;CLU;TMEM106A;CD36;TLR6
prerank,Regulation Of Interleukin-2 Production (GO:0032663),0.6687839477183375,1.958114694814919,1.000000e-03,1.000000e-03,7.900000e-02,27/46,19.53%,CR1;CD28;VSIG4;PTPRC;HAVCR2;LAPTM5;IRF4;CD4;TBX21;CD86;IL1B;CLEC7A;PDE4B;LILRB4;ZFP36;GBP1;PNP;CCR2;CARD11;CD80;FOXP3;PRNP;TNFAIP3;RUNX1;PLCG2;CD34;HOMER3
prerank,Detection Of Chemical Stimulus Involved In Sensory Perception Of Bitter Taste (GO:0001580),-0.6372272502317,-1.950048818734627,1.000000e-03,2.113111e-02,2.890000e-01,19/25,19.95%,CST4;TAS2R38;GNAT3;PIP;TAS2R19;TAS2R43;TAS2R5;TAS2R31;TAS2R30;TAS2R13;TAS2R46;TAS2R20;TAS2R3;TAS2R4;TAS2R50;TAS2R10;TAS2R14;RTP4;CST1
prerank,Innate Immune Response Activating Cell Surface Receptor Signaling Pathway (GO:0002220),0.7253695077316995,1.9484576105431877,1.000000e-03,1.000000e-03,1.020000e-01,14/27,14.66%,FCN1;FFAR2;KLRD1;KLRC3;KLRC4;KLRC2;TYROBP;CLEC7A;LILRA2;FYN;CLEC6A;LYN;SYK;PAK3
prerank,Regulation Of B Cell Differentiation (GO:0045577),0.7655414300839904,1.947717223814166,1.000000e-03,1.000000e-03,1.030000e-01,15/19,16.08%,IL4I1;SLAMF8;SPI1;INPP5D;NCKAP1L;FCRL3;CD27;ZFP36L2;IKZF3;TLR9;ID2;SYK;ZFP36L1;XBP1;INHBA
prerank,Response To Tumor Necrosis Factor (GO:0034612),0.5965449576930381,1.9476370195064068,1.000000e-03,1.000000e-03,1.040000e-01,44/97,21.58%,CCL13;CCL5;CCL23;ANKRD1;CXCL8;CCL8;CCL3;CCL18;CCL15;CCL4;CCL7;CCL14;CCL11;CCL26;CXCL16;UBD;CCL2;CCL19;ZFP36;CCL24;CRHBP;NFKBIA;ASAH1;GBP1;ZFP36L2;GBP2;SELE;CCL21;CD40;CHI3L1;SMPD1;ZFP36L1;LRRK2;PYCARD;INPP5K;CCL22;CX3CL1;GCH1;DCSTAMP;GATA3;JAK2;CASP8;ADAM9;ARHGEF2
prerank,Axoneme Assembly (GO:0035082),0.6840886663739185,1.9439199175646413,1.000000e-03,1.000000e-03,1.090000e-01,19/37,17.94%,RSPH1;DNAAF1;CFAP46;CFAP74;HOATZ;HYDIN;CFAP206;RP1;DNAAF6;PIERCE1;RSPH4A;FOXJ1;RSPH9;DNAI4;SPEF1;LRRC43;DNAJB13;DNAAF3;CCDC39
prerank,Metaphase Plate Congression (GO:0051310),-0.543781769510046,-1.9391954493630486,1.000000e-03,2.353225e-02,3.210000e-01,22/49,23.29%,CHMP4C;KIF18A;CENPF;KIF14;CEP55;NDC80;CDCA5;KIFC1;SPDL1;CCNB1;CDCA8;RRS1;CENPE;CENPQ;KIF22;KIF2C;CHMP3;SPICE1;INCENP;BOD1;PINX1;PSRC1
prerank,DNA Unwinding Involved In DNA Replication (GO:0006268),-0.6742648996536788,-1.9380520161260897,1.000000e-03,2.291999e-02,3.250000e-01,13/20,21.08%,MCM4;CDC45;RECQL4;GINS1;GINS2;MCM7;RAD51;SSBP1;GINS3;GINS4;TWNK;MCM3;RECQL5
prerank,Negative Regulation Of NF-kappaB Transcription Factor Activity (GO:0032088),0.6092813821365825,1.9377500183057519,1.000000e-03,1.061996e-03,1.190000e-01,31/76,16.97%,NWD1;NLRP3;NLRP12;TMIGD3;ADORA3;HAVCR2;ARRB2;SPI1;PTGIS;CMKLR1;GFI1;TMSB4X;IRAK3;NFKBIA;NLRC3;FOXJ1;IL10;IRAK2;TLR9;CARD8;ARRB1;CYP1B1;NLRC5;FOXP3;BCL3;LRRK2;PYCARD;TRIM21;CYLD;TNFAIP3;CD200
prerank,Establishment Of Skin Barrier (GO:0061436),-0.6764734054907109,-1.9357913658386645,2.717391e-03,2.245819e-02,3.310000e-01,13/19,15.67%,KRT16;SFN;ALOX12B;FLG2;CLDN4;HRNR;FA2H;TMEM79;MET;CLDN1;KDF1;LSR;STMN1
prerank,Cellular Response To Tumor Necrosis Factor (GO:0071356),0.5854051859723581,1.935595845576531,1.000000e-03,1.107257e-03,1.260000e-01,42/106,18.27%,CCL13;CCL5;CCL23;ANKRD1;TNFRSF1B;CXCL8;CCL8;CCL3;CCL18;CCL15;CCL4;CCL7;CCL14;CCL11;CCL26;CCL2;ST18;CCL19;TNF;TMSB4X;ZFP36;CCL24;CRHBP;NFKBIA;ASAH1;GBP1;ZFP36L2;GBP2;LIMS1;PTK2B;CCL21;CD40;CHI3L1;TRAF1;ZFP36L1;ILK;LRRK2;PYCARD;INPP5K;CCL22;FOXO3;CX3CL1
prerank,Negative Regulation Of Lymphocyte Activation (GO:0051250),0.7489372504636076,1.929242748850005,1.000000e-03,1.273837e-03,1.440000e-01,17/22,20.59%,CTSG;FCGR2B;IL4I1;LST1;SAMSN1;LAPTM5;PTPN22;LAX1;JAK3;FOXJ1;TNFAIP8L2;GPNMB;DUSP3;TNFAIP3;PAG1;MICA;TIGIT
prerank,Regulation Of Smooth Muscle Cell Proliferation (GO:0048660),0.6429168110998396,1.9281729077750098,1.000000e-03,1.286429e-03,1.460000e-01,20/51,12.91%,ELANE;CCL5;HMOX1;THBS1;IFNG;IGFBP5;TNF;TGFB1;NR4A3;RBPMS2;APOD;APOE;BMP2;IL6R;IL6;EREG;CDH13;ID2;IL12B;PPARG
prerank,Intermediate Filament Organization (GO:0045109),-0.5143033657618618,-1.924397223321903,1.000000e-03,2.520267e-02,3.710000e-01,24/59,10.41%,KRT14;KRT16;KRT80;KRT77;KRT32;KRT6B;KRT74;NEFL;KRT79;KRT33A;KRT7;PKP1;DSP;KRT76;KRT6A;KRT75;KRT3;INA;KRT33B;KRT34;KRT17;BFSP1;KRT9;KRT35
prerank,Positive Regulation Of Nitric Oxide Biosynthetic Process (GO:0045429),0.7208103605871714,1.9234579674964902,1.000000e-03,1.448976e-03,1.680000e-01,12/25,13.67%,HBB;MMP8;KLF2;IFNG;TLR4;IL1B;CLEC7A;TNF;PTGS2;CLU;CD36;TLR6
prerank,Skin Epidermis Development (GO:0098773),-0.6514272745341709,-1.9202722594400745,1.000000e-03,2.549150e-02,3.910000e-01,13/21,15.67%,KRT16;SFN;ALOX12B;FLG2;CLDN4;HRNR;FA2H;TMEM79;MET;CLDN1;KDF1;LSR;STMN1
prerank,Positive Regulation Of Dendrite Extension (GO:1903861),-0.7285481457404647,-1.9152850068291474,1.000000e-03,2.472129e-02,4.000000e-01,10/15,16.07%,RIMS2;SYT14P1;UNC13A;RASAL1;SYT1;RNF157;NEDD4L;SYT2;CPNE6;SMURF1
prerank,Regulation Of Dendrite Extension (GO:1903859),-0.7285481457404647,-1.9152850068291474,1.000000e-03,2.472129e-02,4.000000e-01,10/15,16.07%,RIMS2;SYT14P1;UNC13A;RASAL1;SYT1;RNF157;NEDD4L;SYT2;CPNE6;SMURF1
prerank,Fc-gamma Receptor Signaling Pathway (GO:0038094),0.7180523444348007,1.9146333969763099,1.000000e-03,1.690921e-03,1.950000e-01,15/24,14.82%,FCGR2B;FGR;FCGR3A;CD247;HCK;FCER1G;MYO1G;LCK;FYN;VAV1;PRKCD;LYN;VAV3;SYK;PLD2
prerank,Regulation Of Bone Resorption (GO:0045124),0.7115666981781817,1.9131623345171183,1.000000e-03,1.751726e-03,2.010000e-01,16/26,20.75%,BGLAP;ITGB3;SPP1;CSF1R;P2RX7;CALCA;INPP5D;S1PR1;IL6;GPR137B;SYK;TMEM119;TNFAIP3;SIGLEC15;UBASH3B;DCSTAMP
prerank,Positive Regulation Of Leukocyte Mediated Cytotoxicity (GO:0001912),0.6389311749715615,1.9119622238513732,1.000000e-03,1.789592e-03,2.060000e-01,28/49,16.88%,CD226;ITGAM;KLRD1;KLRC3;KLRC4;CRTAM;KLRC2;SPI1;HLA-DRB1;SLAMF6;IL12RB1;TYROBP;HLA-DRA;HLA-E;HLA-B;KLRK1;HLA-C;HLA-F;HLA-A;HLA-G;NCR3;IL12B;RASGRP1;MICB;STX7;CD1D;HFE;NOS2
prerank,Striated Muscle Contraction (GO:0006941),0.620948913095717,1.911405545118648,1.000000e-03,1.783209e-03,2.060000e-01,32/55,19.34%,STAC2;MYL2;MYL4;MYH7;CSRP3;KLHL41;MYH8;LMOD3;TNNI1;TCAP;TTN;CCDC78;MYL3;RCSD1;RYR1;JSRP1;CASQ2;MYLK2;MYBPC3;TNNC1;SMPX;SCN2B;GAA;ATP1A2;SCN1B;STAC;DMD;MYH6;TPM1;SLC8A1;KCNQ1;GRK2
prerank,Double-Strand Break Repair Via Homologous Recombination (GO:0000724),-0.4645019393126625,-1.9095404587160265,1.000000e-03,2.603455e-02,4.280000e-01,49/109,29.48%,RAD54B;MCM4;CDC45;RECQL4;TONSL;RAD51AP1;XRCC2;GEN1;GINS2;SEM1;MCMDC2;CDC7;FEN1;RBBP8;MCM7;RAD51;MMS22L;RMI2;BRCA1;NABP2;RPA3;FANCM;BLM;RAD21;RMI1;PALB2;BRCA2;FANCB;EID3;XRCC3;FSCN1;GINS4;NSMCE2;MCM8;MCM3;RECQL5;SPIDR;MRE11;KDM4D;ZMYND8;RAD51D;SMC6;RAD51B;LIG3;PSMD14;RAD52;NSMCE4A;WRN;UBE2N
prerank,Regulation Of Neutrophil Chemotaxis (GO:0090022),0.7294159562922935,1.9092417216983701,1.499250e-03,1.841933e-03,2.120000e-01,12/25,12.43%,CXCL8;MPP1;RAC2;C5AR2;RIPOR2;CD74;JAM3;CCL19;NCKAP1L;CCR7;CCL21;TNFAIP6
prerank,Regulation Of Interleukin-10 Production (GO:0032653),0.6492040444396446,1.9079744723732786,1.000000e-03,1.871098e-03,2.160000e-01,26/43,17.19%,MMP8;FCGR2B;CD28;NOD2;CD40LG;HLA-DRB1;IRF4;PDCD1LG2;TYROBP;VSIR;TLR4;CLEC7A;JAK3;LILRB4;LILRB1;IL6;TLR9;LGALS9;TSLP;SYK;IL12B;FOXP3;TNFSF4;PYCARD;CD274;PLCG2
prerank,Positive Regulation Of Natural Killer Cell Mediated Cytotoxicity (GO:0045954),0.7628730456586783,1.906715817280617,1.000000e-03,1.963866e-03,2.260000e-01,13/20,12.76%,CD226;KLRD1;KLRC3;KLRC4;CRTAM;KLRC2;SLAMF6;HLA-E;KLRK1;HLA-F;NCR3;IL12B;RASGRP1
prerank,Regulation Of T Cell Receptor Signaling Pathway (GO:0050856),0.685065984092763,1.9029351773796503,1.000000e-03,2.118825e-03,2.440000e-01,18/34,15.27%,CD226;SLA2;CD300A;LAPTM5;PTPN22;SH2D1A;TRAT1;LCK;LILRB4;UBASH3A;TESPA1;GBP1;PTPRJ;CARD11;CD81;THY1;PRNP;DUSP3
prerank,Axonemal Dynein Complex Assembly (GO:0070286),0.6637135429716824,1.8981917713861156,1.000000e-03,2.306559e-03,2.640000e-01,18/34,17.94%,DNAAF1;DNAI1;DNAI2;ODAD1;CLXN;CFAP100;ZMYND10;DNAI3;DNAAF6;DNAH7;ODAD2;ODAD4;DNAI4;DNAH1;CFAP73;DNAAF3;DNAH5;CCDC39
prerank,T Cell Migration (GO:0072678),0.7846166520742819,1.8963377017745466,1.612903e-03,2.380198e-03,2.740000e-01,16/17,18.58%,DEFA1;CCL3;ZAP70;CCL26;MYO1G;CXCL16;PIK3CG;PIK3CD;CXCL10;GPR183;S1PR1;CXCL11;XG;CCR6;CD99;MSN
prerank,Regulation Of Nitric Oxide Biosynthetic Process (GO:0045428),0.6658299452740902,1.8957682820193498,1.000000e-03,2.383678e-03,2.770000e-01,15/37,13.67%,HBB;MMP8;KLF2;IFNG;PTGIS;TLR4;IL1B;CLEC7A;TNF;PTGS2;CLU;SIRPA;GLA;CD36;TLR6
prerank,Natural Killer Cell Mediated Immunity (GO:0002228),0.7361974995489148,1.8946916795615625,1.000000e-03,2.441984e-03,2.850000e-01,9/21,6.41%,NKG7;KIR3DL1;FCGR3A;GZMB;KLRD1;KLRC2;CD2;SLAMF7;KLRK1
prerank,B Cell Activation (GO:0042113),0.5950604452584258,1.8891221331158445,1.000000e-03,2.724203e-03,3.080000e-01,34/75,17.65%,ADGRG3;PRKCB;CD79A;PTPRC;CD40LG;NFAM1;BTK;VCAM1;ZAP70;CHRNA4;CD86;RAG2;LAX1;ITGA4;PIK3CD;JAK3;CD79B;LAT2;LYL1;FCRLA;GPR183;FLT3;HHEX;MS4A1;PTPRJ;IL10;CR2;RASGRP1;CD40;IFNK;MEF2C;PLCG2;PIK3R1;AKAP17A
prerank,Mitotic Metaphase Plate Congression (GO:0007080),-0.5219490532529522,-1.886181591427925,1.000000e-03,3.334868e-02,5.220000e-01,22/50,26.66%,CHMP4C;NUF2;KIF18A;KIF14;CEP55;NDC80;CDCA5;KIFC1;SPDL1;CCNB1;CDCA8;RRS1;CENPE;KIF22;KIF2C;CHMP3;BOD1;PINX1;PSRC1;RMDN1;ZW10;CDT1
prerank,Megakaryocyte Differentiation (GO:0030219),0.7755148663140555,1.8850357451253912,1.000000e-03,2.928035e-03,3.260000e-01,11/17,14.15%,GP9;MPIG6B;GP1BB;GATA1;GP5;TAL1;GP1BA;MAF;FLNA;SH2B3;ZNF385A
prerank,Regulation Of Immunoglobulin Production (GO:0002637),0.7240759905031069,1.8849998033074342,1.000000e-03,2.907416e-03,3.260000e-01,15/24,15.17%,FCGR2B;CR1;MZB1;PTPRC;SASH3;CD86;HLA-E;FCRL3;IL10;IL6;TLR9;STX4;TNFSF4;XBP1;TNFRSF4
prerank,Erythrocyte Differentiation (GO:0030218),0.6313501307906768,1.883301538182018,1.000000e-03,2.980431e-03,3.360000e-01,10/48,7.20%,AHSP;ALAS2;KLF1;MPIG6B;GATA1;TAL1;DMTN;IKZF1;NCKAP1L;TSPO2
prerank,Negative Regulation Of Interleukin-8 Production (GO:0032717),0.767059995823988,1.881630452682011,3.048780e-03,3.019325e-03,3.400000e-01,10/17,13.67%,ELANE;BPI;CD33;PTPN22;TMSB4X;IL10;TLR9;ARRB1;BCL3;TLR6
prerank,B Cell Mediated Immunity (GO:0019724),0.8093005708508492,1.8793046192226948,1.000000e-03,3.149743e-03,3.540000e-01,11/15,9.06%,FCGR2B;SLA2;TLR8;CSF2RB;FCER1G;IL2RB;CD74;IL21R;MPL;HLA-G;CD27
prerank,Positive Regulation Of Interleukin-12 Production (GO:0032735),0.6849236946953025,1.8789934629840934,1.000000e-03,3.128169e-03,3.540000e-01,19/32,14.39%,CD40LG;LAPTM5;IFNG;TLR2;TLR4;CCL19;CLEC7A;SCIMP;LTB;IL16;CCR7;HLA-G;TLR9;LGALS9;IRF5;SYK;IL12B;CD40;TNFSF4
prerank,Cytoplasmic Translation (GO:0002181),-0.4760028118876435,-1.8784439217407596,1.000000e-03,3.540486e-02,5.570000e-01,64/92,43.09%,RPL22L1;RPL26L1;RPS21;RPS5;RPS29;RPS17;RPLP0;RPL12;RPS7;RPLP1;RPS19;RPS10;RPL35;ZC3H15;RPL30;RPS3;RPL27;RPL38;RPS27A;RPS18;RPL8;RPL36;RPL24;RPL4;RPS2;RPL31;RPL28;RPL37A;EIF4A2;RPL13A;RPL5;RPL6;RPL35A;RPS8;RPL7A;RPL18A;RPS3A;RPS20;RPS15A;RPL17;RPSA;RACK1;RPL7;RPL26;RPS24;RWDD1;RPL18;RPL10A;RPL39;RPS15;RPL13;RPS25;EIF3M;RPL34;RPL22;RPS6;RPL11;RPL37;RPL14;EIF2B3;ETF1;RPL27A;RPL9;RPS28
prerank,Regulation Of Chemotaxis (GO:0050920),0.6913440585048096,1.8746015507078415,1.477105e-03,3.418226e-03,3.770000e-01,15/28,17.39%,ELANE;P2RY12;CXCR4;THBS1;CCL26;CCL19;TGFB1;AIF1;TREM2;GPR183;CCL21;STX4;PPM1F;DUSP3;RARRES2
prerank,Ribosomal Large Subunit Biogenesis (GO:0042273),-0.5379757503235684,-1.8738126403902446,1.000000e-03,3.617427e-02,5.720000e-01,34/49,33.93%,WDR74;TMA16;RPL26L1;RRS1;NPM1;NOP2;RPLP0;RRP15;WDR12;NSA2;MALSU1;NVL;RPF2;MDN1;ZNF622;BRIX1;EIF6;MRTO4;TRAF7;NOC2L;RPL5;RPL6;RPL35A;GTPBP4;LTO1;MAK16;GTF3A;PAK1IP1;NLE1;RSL24D1;EBNA1BP2;RPL7;RPL26;NOP16
prerank,Negative Regulation Of B Cell Activation (GO:0050869),0.748288338235174,1.873354488219608,1.000000e-03,3.511093e-03,3.840000e-01,14/20,16.61%,FCGR2B;CD300A;SAMSN1;LAPTM5;TYROBP;MNDA;FOXJ1;IL10;LYN;ID2;TNFRSF13B;CTLA4;INHBA;TNFAIP3
prerank,Receptor Internalization (GO:0031623),0.6308208344497365,1.8691687573689963,1.000000e-03,3.775490e-03,4.030000e-01,26/49,20.15%,CXCR1;SNCA;CXCR2;ITGB2;CXCL8;ARRB2;CCL14;FCER1G;DNM3;LILRB4;LILRB1;DMBT1;LRP1;ADM;GRB2;ARRB1;CD36;SYK;CD81;RAB31;RAMP3;PICALM;LDLRAP1;GRK3;GRK2;LMBRD1
prerank,Cellular Response To Lectin (GO:1990858),0.753064413993732,1.8687119817184512,1.000000e-03,3.757055e-03,4.040000e-01,11/19,17.19%,KLRD1;KLRC3;KLRC4;KLRC2;TYROBP;CLEC7A;FYN;LYN;SYK;PAK3;PLCG2
prerank,Stimulatory C-type Lectin Receptor Signaling Pathway (GO:0002223),0.753064413993732,1.8687119817184512,1.000000e-03,3.757055e-03,4.040000e-01,11/19,17.19%,KLRD1;KLRC3;KLRC4;KLRC2;TYROBP;CLEC7A;FYN;LYN;SYK;PAK3;PLCG2
prerank,tRNA Modification (GO:0006400),-0.4961242248738467,-1.8656516268363887,1.000000e-03,3.829315e-02,6.000000e-01,45/66,42.23%,PUS7;WDR4;DUS4L;NSUN2;PUS1;TYW1;TARBP1;TPRKB;TRUB1;METTL2B;DUS1L;TRMT6;PUS10;TRMT10A;TYW3;TYW5;SSB;PUS3;METTL1;THUMPD2;METTL8;BCDIN3D;CDKAL1;THADA;QTRT1;QTRT2;OSGEPL1;TRMT13;ANKRD16;TRIT1;YRDC;PUSL1;LCMT2;THG1L;AARS2;URM1;TRMT61A;ALKBH8;MOCS3;TRMT112;WDR6;TRMT44;GTPBP3;TRMT9B;CTU1
prerank,Sensory Perception Of Bitter Taste (GO:0050913),-0.6012175264479964,-1.8633898534027113,3.194888e-03,3.831856e-02,6.080000e-01,19/26,19.95%,CST4;TAS2R38;GNAT3;PIP;TAS2R19;TAS2R43;TAS2R5;TAS2R31;TAS2R30;TAS2R13;TAS2R46;TAS2R20;TAS2R3;TAS2R4;TAS2R50;TAS2R10;TAS2R14;RTP4;CST1
prerank,Regulation Of Interleukin-4 Production (GO:0032673),0.7290562538615261,1.860054724133637,1.000000e-03,4.353349e-03,4.490000e-01,14/22,14.39%,NLRP3;HAVCR2;CD40LG;HLA-DRB1;FCER1G;IRF4;CEBPB;CD86;HLA-E;LGALS9;SYK;FOXP3;RARA;TNFSF4
prerank,Regulation Of Cytokine Production Involved In Inflammatory Response (GO:1900015),0.6431728719284018,1.8597815871550123,1.000000e-03,4.337359e-03,4.500000e-01,24/44,16.88%,MEFV;GBP5;ALOX5;NOD2;TLR4;CD6;CLEC7A;TNF;LEP;LILRB4;PLD3;TREM2;ABCD2;IL17RA;APOD;NLRC3;SIRPA;IL6;MYD88;PER1;ADCY7;TLR6;PYCARD;NOS2
prerank,Positive Regulation Of Immune Effector Process (GO:0002699),0.6655852041626434,1.858908626801014,1.000000e-03,4.389682e-03,4.550000e-01,18/34,14.92%,FCN1;CFP;PTPRC;HLA-DRB1;IFNG;IL12RB1;HLA-DMB;HLA-DRA;IL1B;LILRB1;CCR2;PTPRJ;IL10;LGALS9;IL12B;CD81;TNFSF4;XBP1
prerank,Positive Regulation Of Cytokine Production Involved In Inflammatory Response (GO:1900017),0.7850589315007533,1.8546361156933038,1.000000e-03,4.662781e-03,4.760000e-01,10/16,13.67%,GBP5;NOD2;TLR4;CD6;CLEC7A;TNF;IL17RA;IL6;MYD88;TLR6
prerank,B Cell Proliferation (GO:0042100),0.752111341270869,1.8544713427367692,1.592357e-03,4.657340e-03,4.780000e-01,13/17,16.49%,CD79A;PTPRC;CD40LG;CD180;MS4A1;GAPT;IL10;CR2;RASGRP1;CD40;CD19;IFNK;MEF2C
prerank,Defense Response To Gram-positive Bacterium (GO:0050830),0.6091045347215694,1.8517007557333085,1.000000e-03,4.834159e-03,4.900000e-01,28/59,15.62%,DEFA3;DEFA1;DEFA4;RNASE3;CTSG;CAMP;FGR;RNASE2;RNASE6;RNASE1;MPEG1;TLR2;LYZ;IL1B;HLA-E;PGLYRP1;DEFB4A;GBP4;HLA-A;DMBT1;GBP2;IL6;MYD88;TNFRSF14;NLRP6;HMGB2;CASP4;DEFB1
prerank,Cellular Response To Low-Density Lipoprotein Particle Stimulus (GO:0071404),0.7206941965866152,1.8503864125508307,1.543210e-03,4.906152e-03,4.980000e-01,13/22,13.67%,ITGB2;CD68;FCER1G;LCP1;TLR4;TREM2;MYD88;CDH13;CD36;SYK;CD81;PPARG;TLR6
prerank,Myeloid Cell Activation Involved In Immune Response (GO:0002275),0.7652816089656794,1.8473948862567362,1.000000e-03,5.091176e-03,5.120000e-01,13/17,18.07%,DNASE1L3;FCER1G;IFNG;TYROBP;DOCK2;SLAMF1;LILRA2;DYSF;SYK;SBNO2;PYCARD;PLCG2;IFI35
prerank,Regulation Of Platelet Aggregation (GO:0090330),0.7073895182912979,1.8472010620470387,1.000000e-03,5.083193e-03,5.140000e-01,15/24,14.61%,CTSG;SERPINE2;DMTN;MMRN1;EMILIN2;MFSD2B;GP6;C1QTNF1;PRKCD;IL6;ALOX12;LYN;SYK;SH2B3;PDPN
prerank,Myeloid Leukocyte Differentiation (GO:0002573),0.5869593613883505,1.846886803516309,1.000000e-03,5.081231e-03,5.160000e-01,43/68,21.30%,PRTN3;OSCAR;CEBPE;IL1RL1;SPI1;CSF1R;LIF;HLA-DRB1;IFNG;CD4;TYROBP;UBD;MMP9;CCL19;PIK3CD;TREM2;GPR183;CBFA2T3;CCR7;IL33;BMP2;SNX10;CSF1;LGALS9;SBNO2;BATF2;PPARG;GAB2;TGFBR2;SOCS1;MT1G;CEBPA;CASP10;RUNX1;IL15;PDE1B;BATF3;MYH9;OSTM1;UCP2;DCSTAMP;GATA3;CASP8
prerank,Negative Regulation Of Interleukin-1 Production (GO:0032692),0.6971667433562809,1.8467920999397498,1.000000e-03,5.055751e-03,5.160000e-01,15/26,18.27%,MEFV;NLRP3;NLRP12;CD33;FFAR1;CARD16;LILRB4;IL10;CARD17P;CARD8;GHSR;TNFAIP3;GAS6;ELF4;CX3CL1
prerank,Regulation Of Lipopolysaccharide-Mediated Signaling Pathway (GO:0031664),0.7415381312652203,1.8449987913466526,1.543210e-03,5.211919e-03,5.250000e-01,9/18,11.98%,CD180;LTF;LY86;CARD16;SCIMP;LILRA2;LY96;CARD8;CD36
prerank,Platelet Aggregation (GO:0070527),0.6508540774824532,1.843855039516638,1.000000e-03,5.273161e-03,5.280000e-01,22/34,23.79%,HBB;ITGB3;P2RY12;GATA1;PLEK;FERMT3;GP1BA;PIK3CG;MYL9;TLN1;FLNA;ILK;ACTN1;VCL;MYH9;UBASH3B;MYL12A;PDGFRA;CLIC1;PIK3CB;CSRP1;GNAS
prerank,Positive Regulation Of Interleukin-2 Production (GO:0032743),0.7025956044872109,1.8421739701834465,1.000000e-03,5.385667e-03,5.400000e-01,14/25,17.19%,CD28;PTPRC;IRF4;CD4;CD86;IL1B;CLEC7A;PDE4B;PNP;CCR2;CARD11;CD80;RUNX1;PLCG2
prerank,Muscle Contraction (GO:0006936),0.563202574082874,1.837124718937079,1.000000e-03,5.743802e-03,5.640000e-01,38/93,19.17%,MYH1;MYL11;MYH2;MYH7;LMOD2;KLHL41;MYH8;LMOD3;CACNA1S;TTN;TRDN;RYR1;CHRNE;MYH4;CASQ2;MYLK2;MYOM2;SMPX;HCN4;DES;TMOD1;MYOT;GNAO1;APBB1;NMUR1;TPM2;GALR2;UTS2;ANKRD2;HRC;OXTR;MYH6;TMOD4;TMOD2;TPM1;SLC8A1;SLC6A8;MYL6
prerank,Skeletal Muscle Contraction (GO:0003009),0.7441098650583189,1.837022978846201,1.000000e-03,5.720827e-03,5.640000e-01,8/18,9.09%,STAC2;MYH7;MYH8;TNNI1;TCAP;RCSD1;JSRP1;TNNC1
prerank,Positive Regulation Of Cell Adhesion Mediated By Integrin (GO:0033630),0.741838999620048,1.835627420824667,1.612903e-03,5.868388e-03,5.720000e-01,9/17,12.24%,CCL5;P2RY12;FOXC2;CXCL13;CD3E;LIF;NCKAP1L;CCL21;SYK
prerank,Positive Regulation Of Homotypic Cell-Cell Adhesion (GO:0034112),0.7700984767848742,1.8342692901086934,1.000000e-03,5.991635e-03,5.820000e-01,11/16,14.74%,CCL5;CTSG;PLAUR;DMTN;MMRN1;EMILIN2;MFSD2B;GP6;IL6;PDPN;JAK1
prerank,Base-Excision Repair (GO:0006284),-0.5516818262191063,-1.8342681686692308,1.000000e-03,5.110138e-02,7.110000e-01,18/36,32.92%,POLQ;NTHL1;FEN1;POLE;DNA2;RPA3;SMUG1;HMGA2;POLB;UNG;NEIL3;POLD1;TDG;XPA;LIG3;WRN;PARG;NEIL2
prerank,Positive Regulation Of Neutrophil Migration (GO:1902624),0.6981798338768705,1.8327386250113087,1.000000e-03,6.102215e-03,5.890000e-01,13/23,19.20%,CXCL8;RAC2;RIPOR2;CD74;CCL19;NCKAP1L;CCR7;FUT7;CCL21;XG;FUT4;CD99;MOSPD2
prerank,Regulation Of Interleukin-1 Production (GO:0032652),0.7648195386472253,1.8317147784774985,1.582278e-03,6.133440e-03,5.940000e-01,11/16,16.87%,MEFV;NLRP12;ORM1;ORM2;TLR4;CCR7;SIRPA;IL10;SAA1;F2R;GAS6
prerank,Cellular Response To Virus (GO:0098586),0.6313240273473358,1.8278511388464693,1.381215e-03,6.519082e-03,6.110000e-01,26/43,26.49%,CCL5;NLRP3;IFNG;CCL19;CXCL10;POU2AF1;POU2F2;IL6;LGALS9;IRF5;IFNGR1;IFNGR2;VWCE;JAK1;IFNK;IFNAR2;RIOK3;TYK2;DDX3X;JAK2;IL10RB;ZC3H12A;LGALS8;IFNAR1;GSDME;IL12A
prerank,Myofibril Assembly (GO:0030239),0.6183753568850714,1.8274423234731985,1.000000e-03,6.508956e-03,6.110000e-01,14/45,3.96%,MYL2;MYH7;LMOD2;MYOZ1;ACTN2;ANKRD1;CSRP3;KLHL41;LMOD3;MYPN;CASQ1;TCAP;MYOZ2;TTN
prerank,Response To Amyloid-Beta (GO:1904645),0.6234257309178206,1.8254224492681577,1.000000e-03,6.635940e-03,6.200000e-01,21/42,16.50%,FCGR2B;FPR2;VCAM1;TLR4;MMP9;ITGA4;TREM2;FYN;LGMN;LRP1;NTRK1;MMP12;CD36;ICAM1;MMP3;TLR6;PRNP;CASP4;GRIN2A;MMP2;RAMP3
prerank,Outer Dynein Arm Assembly (GO:0036158),0.7211178119836509,1.825340597267799,1.000000e-03,6.614366e-03,6.210000e-01,9/20,10.74%,DNAAF1;DNAI1;DNAI2;ODAD1;CLXN;ZMYND10;DNAAF6;ODAD2;ODAD4
prerank,Negative Regulation Of T Cell Receptor Signaling Pathway (GO:0050860),0.7414084498444529,1.8250979523851882,6.172840e-03,6.576784e-03,6.210000e-01,11/18,15.27%,SLA2;LAPTM5;PTPN22;SH2D1A;LILRB4;UBASH3A;GBP1;PTPRJ;THY1;PRNP;DUSP3
prerank,Cellular Response To Oxygen-Containing Compound (GO:1901701),0.4980588081146668,1.8234459881888945,1.000000e-03,6.760487e-03,6.310000e-01,123/371,17.27%,DEFA3;DEFA1;PPBP;PF4V1;PF4;CXCL5;DEFA4;CTSG;P2RY12;NLRP3;ANKRD1;TNFRSF1B;ALOX5AP;NCF1;CXCL8;FFAR2;CD14;AQP9;LILRB2;CXCL3;CXCL9;CCR5;CXCL13;NOD2;CD68;CD180;DMTN;PDCD1LG2;LCP1;TLR2;SERPINE1;WNT2;RASGRP2;CD86;TLR4;CYP11B1;IL1B;CARD16;CCL2;IGFBP5;MMP9;P2RX7;PDE4B;RYR1;GFI1;FES;P2RY1;FOS;ZFP36;MCOLN1;NR4A3;FFAR3;CXCL10;CRHBP;RAPGEF1;CLU;ESR1;GNG2;VIM;LY96;ALOX15;CASP1;LILRB1;EGR1;SIRPA;LGMN;HCN4;PDE2A;GPBAR1;IL10;CXCL2;GBP2;PTK2B;PRKCD;SSTR2;RAP1B;CARD17P;IL6;INSIG1;MYD88;CPNE5;LYN;DAPK1;TNIP3;SBNO2;CD80;ADCY7;CXCL11;MPV17L;DPEP1;ACTB;SYT11;GUCA1A;NR1H3;KCNE1;MMP3;MAPK1;RARA;TWF2;TNFSF4;SMPD1;ZFP36L1;SESN2;HMGB2;XBP1;CPEB4;DLG4;PPIF;PYCARD;CD274;CLIC4;PDK4;CXCL1;MEF2C;RAMP3;TNFAIP3;RAP1A;FZD7;RHOA;INPP5K;PLCG2;FOXO1;TESC
prerank,Adaptive Immune Response Based On Somatic Recombination Of Immune Receptors Built From Immunoglobulin Superfamily Domains (GO:0002460),0.695308035748747,1.8214560127805426,3.072197e-03,6.936770e-03,6.390000e-01,13/23,16.25%,CR1;CR1L;SLA2;CD8A;HLA-DRB1;MYO1G;TLR4;EBI3;CR2;IL12B;IL18BP;BTN3A2;BTN3A3
prerank,Negative Regulation Of Leukocyte Cell-Cell Adhesion (GO:1903038),0.727971966784975,1.8206848956259836,1.562500e-03,6.993897e-03,6.460000e-01,11/18,20.59%,CTSG;IL4I1;LAPTM5;PTPN22;LAX1;JAK3;TNFAIP8L2;GPNMB;DUSP3;PAG1;TIGIT
prerank,Regulation Of Lymphocyte Proliferation (GO:0050670),0.7489492752883206,1.8197622188786693,1.000000e-03,7.055686e-03,6.530000e-01,9/17,12.34%,CD209;TNFRSF1B;TNFSF8;MZB1;LST1;PTPN22;LEP;IKZF3;IL12B
prerank,Plasma Membrane Invagination (GO:0099024),0.6986452660033936,1.8186077658951807,2.928258e-03,7.106257e-03,6.540000e-01,16/26,18.41%,MARCO;FCGR2B;ITGAM;ITGB2;BIN2;MSR1;HAVCR1;ARHGAP25;ELMO1;CD36;SH3BP1;SNX18;SNX9;RHOA;MYH9;VAMP7
prerank,Positive Regulation Of Interleukin-4 Production (GO:0032753),0.7404098815143104,1.8178695500896644,1.555210e-03,7.187706e-03,6.600000e-01,12/17,14.39%,NLRP3;HAVCR2;CD40LG;FCER1G;IRF4;CEBPB;CD86;HLA-E;LGALS9;SYK;RARA;TNFSF4
prerank,Positive Regulation Of Production Of Molecular Mediator Of Immune Response (GO:0002702),0.640602550712243,1.8155091928540303,1.000000e-03,7.419360e-03,6.750000e-01,20/36,15.17%,FFAR2;MZB1;PTPRC;NOD2;LAPTM5;PTPN22;SASH3;CD86;HLA-E;SCIMP;FFAR3;IL10;IL6;TLR9;IRF5;STX4;TNFRSF14;TNFSF4;XBP1;TNFRSF4
prerank,Lymphocyte Differentiation (GO:0030098),0.5714197123858823,1.8137452549949282,1.000000e-03,7.601860e-03,6.890000e-01,25/71,11.39%,ADGRG3;CD79A;PTPRC;NFAM1;CD4;VCAM1;ZAP70;PTPN22;IKZF1;RAG2;LEP;LCK;ITGA4;PIK3CD;JAK3;CD79B;LYL1;FLT3;HHEX;MS4A1;PTPRJ;RELB;IL10;LEPR;CR2
prerank,Innate Immune Response-Activating Signaling Pathway (GO:0002758),0.7445802055776136,1.8134946511778536,1.647446e-03,7.612307e-03,6.910000e-01,13/16,20.01%,MEFV;NLRP3;NOD2;CLEC4E;HCK;NLRC4;LILRA2;CASP1;NLRP1;STING1;PYCARD;LACC1;NAIP
prerank,Negative Regulation Of Cytokine Production Involved In Immune Response (GO:0002719),0.7521232904368292,1.8121974984839253,3.053435e-03,7.699536e-03,6.950000e-01,12/16,18.16%,APOA2;TNF;TGFB1;JAK3;LILRB4;IRAK3;HLA-F;LILRB1;IL10;FOXP3;HFE;SMAD7
prerank,Hexose Transmembrane Transport (GO:0008645),0.7072480576712894,1.8120513857788165,1.574803e-03,7.683856e-03,6.960000e-01,6/21,11.72%,PPBP;SLC2A3;SLC2A14;SLC2A5;SLC2A4;SLC2A6
prerank,Response To Cytokine (GO:0034097),0.5361845119724851,1.8104571975762374,1.000000e-03,7.855994e-03,7.030000e-01,53/122,21.63%,MEFV;SNCA;SLC11A1;SELL;NLRP12;TIMP3;CXCR4;SELP;TIMP1;CH25H;CSF1R;IFITM2;CXCL16;IL1B;UBD;CD74;JAK3;IRAK3;FLT3;CIITA;CCR7;RELB;IL6R;SELE;IRAK2;LGALS9;IFITM3;MYD88;TIMP2;MCL1;IFITM1;NFKB2;CD40;CHI3L1;SMPD1;TRIM21;HCLS1;CD274;RHOA;TIMP4;LDLRAP1;IL6ST;IFNAR2;IL1R1;MAPKAPK2;MME;GCH1;MAPKAPK3;JAK2;CASP8;ADAM9;ITIH4;ALDH1A2
prerank,Regulation Of Nuclear Division (GO:0051783),-0.6263331877165935,-1.8102586051793637,1.000000e-03,6.427180e-02,7.950000e-01,7/19,8.07%,CDCA2;NEK2;PKMYT1;CAV2;FBXO43;MKI67;RCC1
prerank,Negative Regulation Of Sequestering Of Calcium Ion (GO:0051283),0.6441409778962828,1.8098113293061249,1.000000e-03,7.890100e-03,7.070000e-01,20/36,18.51%,GP9;GP1BB;GP5;PTPRC;GP1BA;CCL19;RYR1;LCK;CLU;CCR7;PLCB2;HTR2A;CCL21;FLNA;F2R;FGF2;PLCD1;PLCG2;ITPR2;ITPR1
prerank,Release Of Sequestered Calcium Ion Into Cytosol (GO:0051209),0.6286283594724928,1.8093769371569972,1.000000e-03,7.913810e-03,7.090000e-01,20/39,18.51%,GP9;GP1BB;GP5;PTPRC;FASLG;GP1BA;RYR1;LCK;CLU;CCR7;PLCB2;HTR2A;CCL21;FLNA;F2R;FGF2;PLCD1;PLCG2;ITPR2;ITPR1
prerank,DNA Metabolic Process (GO:0006259),-0.390151806564976,-1.809004872149662,1.000000e-03,6.366664e-02,8.030000e-01,145/286,34.51%,FAM111B;PARP2;ORC6;CHEK1;TICRR;MCM4;CDC45;RECQL4;CBS;EXO1;MCM10;RAD51AP1;TOP2A;XRCC2;RFC3;PCLAF;GEN1;POLQ;TIMELESS;NTHL1;UBE2T;TOP1MT;CDK1;POLD2;PRKDC;FEN1;RBBP8;CHD1L;MCM7;DONSON;MSH2;RAD51;POLE;RMI2;BRCA1;FANCC;MSH6;DNA2;MRPL36;TERT;ORC5;FANCA;UBE2V2;NUDT15;TSN;NABP2;RFC5;PTMS;RPA3;NPM1;MNAT1;RFC4;RNASEH2A;UCHL5;WDHD1;POLA2;TYMS;BLM;DNASE1L2;RAD21;USP45;DNASE1;POLA1;POLB;FANCL;RMI1;TRIM28;GTF2H3;UNG;RFC2;SET;EID3;SUMO1;DCTPP1;XRCC3;FSCN1;HMGB3;GLRX2;NEIL3;RAN;TRRAP;POLE3;MCM8;RPS3;ENDOV;MCM3;POLE2;RECQL5;RAD50;PRIM1;PRIM2;KPNA2;ZNF827;POLD1;TDG;ATR;MRE11;NFRKB;PTGES3;KMT5C;ALKBH3;RAD51D;REV1;RRM1;GRWD1;ORC2;DUT;ZNF365;RAD18;MEN1;NUDT1;XPA;RAD51B;PARP1;LIG3;RAD52;LTO1;NSMCE4A;CDK2;ACTL6A;WRN;UBE2N;FAM111A;RAG1;ORC1;RAD17;LIG4;ENDOG;ORC3;ZRANB3;PARG;INO80C;POLI;HINFP;TENT4A;NOC3L;RAD51C;MSH3;GTF2H4;EXD2;TERF1;MCM9;REXO4;FMR1;SMARCAD1
prerank,Regulation Of Lymphocyte Differentiation (GO:0045619),0.7225864822704067,1.808046331054124,1.572327e-03,8.027129e-03,7.140000e-01,14/19,14.71%,IL4I1;CRTAM;SLAMF8;CD2;TBX21;NCKAP1L;FCRL3;ZFP36L2;CCR2;IKZF3;TLR9;ZNF683;ZFP36L1;PRDM1
prerank,Negative Regulation Of Type II Interferon Production (GO:0032689),0.6807763603330993,1.8045156781323688,1.000000e-03,8.452124e-03,7.360000e-01,19/26,16.87%,CR1;HAVCR2;LAPTM5;HLA-DRB1;LGALS9B;PDCD1LG2;VSIR;TLR4;LILRB4;LGALS9C;LILRB1;LGALS9;FOXP3;PRNP;RARA;TNFSF4;INHBA;CD274;GAS6
prerank,Intracellular Estrogen Receptor Signaling Pathway (GO:0030520),0.7444634905121634,1.8036885766007773,4.838710e-03,8.551599e-03,7.420000e-01,2/16,0.01%,DEFA3;DEFA1
prerank,T Cell Differentiation (GO:0030217),0.6075959996298155,1.803197814970068,1.338688e-03,8.620559e-03,7.480000e-01,19/43,14.52%,CD28;CD8A;PTPRC;SPI1;FCER1G;CD4;ZAP70;PTPN22;RAG2;TGFB1;LEP;LCK;PIK3CD;ZFP36L2;RIPK3;LEPR;FOXP3;RHOH;ZFP36L1
prerank,Negative Regulation Of Cell Junction Assembly (GO:1901889),0.6980962090064444,1.802560992221839,1.000000e-03,8.688811e-03,7.510000e-01,12/24,18.67%,THBS1;DMTN;TLR2;IL1B;TNF;ARHGAP6;APOD;ACVRL1;FAM107A;SLIT1;CORO1C;PTEN
prerank,Positive Regulation Of Leukocyte Activation (GO:0002696),0.7387600504501122,1.8021841805339445,1.600000e-03,8.688263e-03,7.530000e-01,11/18,15.86%,CD226;CRLF2;CLEC4D;THBS1;TLR4;CLEC7A;HAVCR1;IL33;TSLP;TLR6;CEBPA
prerank,ncRNA Processing (GO:0034470),-0.44509339859370334,-1.8018610707454923,1.000000e-03,6.662963e-02,8.300000e-01,76/100,44.00%,WDR74;POP1;DCAF13;NOP58;INTS7;INTS13;RPS17;INTS8;UTP20;RPS7;RPS19;POP7;DKC1;NVL;INTS1;DDX10;SPPL2B;RPL27;EXOSC2;IGF2BP3;ESF1;SSB;INTS2;MRM2;MRTO4;TSEN2;EMG1;EXOSC4;DDX47;RPL5;INTS14;RPL35A;NOP56;EXOSC7;DDX54;NOLC1;TUT1;INTS10;EXOSC9;RRP7BP;INTS5;MTREX;EXOSC5;EBNA1BP2;BYSL;RPL7;RPL26;THG1L;RPS24;TSEN54;RRP36;RPP30;ZCCHC8;DIS3;RPS15;WDR36;RPS25;UTP15;RRP9;KARS1;SBDS;LYAR;RPS6;RPL11;ADAT1;INTS12;RPL14;RPP21;RRP7A;NOL8;INTS6;RPS28;INTS4;PIH1D1;PELP1;EXOSC3
prerank,DNA Biosynthetic Process (GO:0071897),-0.6343978952384546,-1.7999035276004764,5.167959e-03,6.670041e-02,8.400000e-01,11/17,29.88%,RFC3;POLD2;POLE;TERT;HROB;TYMS;POLA1;POLD1;RRM1;WRN;POLDIP2
prerank,Regulation Of Inflammatory Response To Antigenic Stimulus (GO:0002861),0.7423469086666857,1.798096252671225,1.602564e-03,9.283034e-03,7.780000e-01,10/17,17.26%,PLA2G2D;FGR;HCK;HLA-DRB1;TREM2;FYN;LYN;SYK;FURIN;RHBDF2
prerank,Positive Regulation Of ERK1 And ERK2 Cascade (GO:0070374),0.5168801550010235,1.7967271327295724,1.000000e-03,9.361353e-03,7.830000e-01,73/162,19.35%,MARCO;CCL13;CCL5;CCL23;FPR2;CCL8;CCL3;CCL18;C5AR1;CCL15;CCL4;PTPRC;CCR1;ARRB2;CCL7;NOD2;CCL14;CCL11;CSF1R;HLA-DRB1;CCN2;CD4;PTPN22;CCL26;SLAMF1;CCL2;CD74;CCL19;TNF;TGFB1;SCIMP;P2RY1;CCL24;GLIPR2;TREM2;GPR183;ALOX15;CCR7;APOE;BMP2;PTK2B;OPRM1;LGALS9;HTR2A;CCL21;NTRK1;NTRK3;ARRB1;CD36;PDGFD;RASGRP1;ICAM1;FGF1;F2R;CHI3L1;GPNMB;FGF2;DDR2;CRKL;PYCARD;TEK;RAMP3;RAP1A;ROR2;GAS6;CCL22;PLA2G5;SEMA7A;CX3CL1;FGF10;DDT;GPR55;BMPER
prerank,Positive Regulation Of Cell Cycle Process (GO:0090068),-0.43852822613528974,-1.7965131146072282,1.000000e-03,6.742691e-02,8.500000e-01,59/110,26.28%,KIF23;KIF14;TGFA;BIRC5;EPGN;MAD2L1;DBF4;SMC4;NDC80;CIT;E2F7;GEN1;NCAPH;RACGAP1;GPSM2;DDX11;CDC7;OR2A4;GIPC1;FEN1;SPAG5;OPN1MW;CENPV;CDC6;ECT2;PLK4;CDCA8;MAP3K20;CEP295;NCAPD2;LRP5;NCAPD3;NCAPG2;ZNF16;TAS2R13;NUSAP1;OPN1LW;RANBP1;PCID2;RAD21;INCENP;SOX15;AURKA;XRCC3;STIL;PKP4;SMC2;DBF4B;SASS6;NCAPG;IL1A;CDC25B;MAP10;SPAST;BTC;RRM1;CXCR5;SMC6;RAD18
prerank,Positive Regulation Of Neutrophil Chemotaxis (GO:0090023),0.7280205645081304,1.7955303630941748,3.039514e-03,9.501172e-03,7.890000e-01,8/18,11.52%,CXCL8;RAC2;RIPOR2;CD74;CCL19;NCKAP1L;CCR7;CCL21
prerank,DNA-templated DNA Replication Maintenance Of Fidelity (GO:0045005),-0.5234740762541943,-1.795076485232559,3.546099e-03,6.660773e-02,8.520000e-01,19/41,23.76%,TONSL;CENPX;GEN1;TIMELESS;EME1;DDX11;DONSON;TRAIP;RAD51;POLE;MMS22L;ETAA1;TIPIN;FANCM;BLM;MCM8;POLD1;ATR;CAMSAP3
prerank,Heart Contraction (GO:0060047),0.6183266677833298,1.7928706116848787,2.906977e-03,9.801683e-03,8.020000e-01,24/38,19.34%,MYL2;MYL4;MYH7;CSRP3;TCAP;TTN;TRDN;MYL3;CASQ2;MYLK2;MYBPC3;TNNC1;SCN2B;GPX1;ACTC1;GAA;ATP1A2;SCN1B;DMD;MYH6;TPM1;SLC8A1;KCNQ1;GRK2
prerank,Fc Receptor Mediated Stimulatory Signaling Pathway (GO:0002431),0.6885251812573768,1.79264271946681,3.007519e-03,9.786124e-03,8.030000e-01,13/22,14.82%,FCGR2B;FGR;HCK;FCER1G;MYO1G;NR4A3;FYN;VAV1;PRKCD;LYN;VAV3;SYK;PLD2
prerank,Leukocyte Adhesion To Vascular Endothelial Cell (GO:0061756),0.7292060809780962,1.7917894533002146,4.709576e-03,9.860402e-03,8.040000e-01,12/18,15.99%,SELL;SELPLG;SELP;VCAM1;SPN;TNF;ITGB7;ITGA4;SELE;JAM2;LRG1;GCNT1
prerank,Cellular Response To Amyloid-Beta (GO:1904646),0.633308727802136,1.7912390939769074,1.445087e-03,9.882282e-03,8.050000e-01,16/34,15.40%,FCGR2B;FPR2;VCAM1;TLR4;ITGA4;TREM2;FYN;LGMN;LRP1;NTRK1;CD36;ICAM1;TLR6;PRNP;CASP4;GRIN2A
prerank,Detection Of Chemical Stimulus Involved In Sensory Perception Of Taste (GO:0050912),-0.5730239373456472,-1.7903129244076912,3.215434e-03,6.814641e-02,8.620000e-01,20/28,20.97%,CST4;TAS2R38;GNAT3;PIP;TAS2R19;TAS2R43;TAS2R5;TAS2R31;TAS2R30;TAS2R13;TAS2R46;TAS2R20;TAS2R3;TAS2R4;TAS2R50;TAS2R10;TAS2R14;RTP4;CST1;TAS1R3
prerank,Positive Regulation Of Glial Cell Differentiation (GO:0045687),0.7284691063021771,1.79018128514637,3.350084e-03,9.978730e-03,8.070000e-01,7/17,12.16%,SERPINE2;TNFRSF1B;CXCR4;EGR2;TGFB1;BMP2;ID2
prerank,Regulation Of Macrophage Activation (GO:0043030),0.6662209544987144,1.7883372422842314,1.000000e-03,1.021842e-02,8.180000e-01,14/28,16.97%,BPI;MMP8;FCGR2B;THBS1;TLR4;CD74;CD84;IL33;IL6;GPR137B;NR1H3;TLR6;CEBPA;CD200
prerank,Ribonucleoprotein Complex Biogenesis (GO:0022613),-0.43112042785845134,-1.7866340817007433,1.000000e-03,6.958520e-02,8.730000e-01,74/114,38.37%,WDR74;NOP58;BOP1;TMA16;MPHOSPH10;PNO1;MRPL36;RPL26L1;RRS1;NPM1;XPO1;RPS5;URB2;WDR43;RPS17;WDR12;UTP20;RPS7;RPS19;NAT10;WDR75;MALSU1;TGS1;NVL;RPF2;SPPL2B;CUL4A;DDX31;RPL38;IGF2BP3;NOM1;RIOK1;ZNF622;MRTO4;BMS1;RBIS;HEATR1;EMG1;GRWD1;NOC2L;RPL5;RPL35A;RPS8;GTPBP4;UTP11;RPS3A;LTO1;WDR3;NOP56;TBL3;KRR1;RPS15A;METTL17;ZNF658;GTF3A;PAK1IP1;UTP4;RSL24D1;LTV1;EBNA1BP2;BYSL;RPL7;RPL26;NOP16;RPS24;RRP36;RIOK2;NIP7;RPS15;WDR36;RPS25;UTP15;UTP18;RRP9
prerank,Cellular Response To Interleukin-6 (GO:0071354),0.6846415328627721,1.785347833726013,4.687500e-03,1.061315e-02,8.320000e-01,12/22,21.00%,PTPRT;SELPLG;SPI1;PTGIS;ST18;IL6R;IL6;SBNO2;JAK1;ST3GAL6;IL6ST;JAK2
prerank,Regulation Of Cell Adhesion (GO:0030155),0.5225119457812952,1.7851385474661223,1.000000e-03,1.060794e-02,8.330000e-01,44/139,14.18%,AZU1;IBSP;CCL5;CXCL8;CYTIP;ADAM8;RAC2;CXCR4;PLAUR;RIPOR2;DUSP1;CXCL12;RSU1;SPN;TNN;ADAMDEC1;TNF;FES;PIK3CG;RND1;CXCR3;LPXN;CCR7;SEMA4D;FUT7;PTPRJ;PLXNC1;PTK2B;SIPA1;TGFBI;PLXND1;FBLN1;ACVRL1;PDE3B;LYN;CDH13;STX4;IL12B;SAA1;TNC;CYTH1;MYADM;TFE3;VTN
prerank,Positive Regulation Of Protein Serine/Threonine Kinase Activity (GO:0071902),0.5272569419273229,1.784864318264543,1.000000e-03,1.059361e-02,8.340000e-01,41/112,18.24%,ELANE;SNCA;ADAM8;S100A12;CEMIP;THBS1;NOD2;DIRAS2;CSF1R;IFNG;LTF;PIK3R5;SH2D1A;SLC8A2;NTF3;TLR4;PIK3R6;IL1B;TNF;TGFB1;PIK3CG;FLT3;RGCC;FGFR1;CCND3;NTRK3;PDGFD;RASGRP1;FLT1;CCND2;CD40;FGF1;CAMK1;FGF2;LRRK2;NEK10;MEF2C;RHOA;SLC27A1;CALM3;TCIM
prerank,Positive Regulation Of MAPK Cascade (GO:0043410),0.49068340024205287,1.782795523131901,1.000000e-03,1.091245e-02,8.440000e-01,105/284,17.47%,ELANE;MMP8;MARCO;CCL13;CCL5;OSM;CCL23;FPR2;CCL8;CCL3;CCL18;ADAM8;C5AR1;CCL15;S100A12;CCL4;PTPRC;THBS1;DOK2;CCR1;ARRB2;CCL7;NOD2;CCL14;DIRAS2;CCL11;CSF1R;LAPTM5;LIF;HLA-DRB1;CCN2;CD4;DOK3;PIK3R5;PTPN22;CCL26;NTF3;TLR4;PIK3R6;SLAMF1;IL1B;CCL2;CD74;CCL19;TNF;TGFB1;LEP;SCIMP;IGFBP6;P2RY1;PIK3CG;CCL24;GLIPR2;MAP4K1;TREM2;GPR183;FLT3;FCRL3;ADRB3;ALOX15;CCR7;APOE;BMP2;PTPRJ;PTK2B;ADRA2B;OPRM1;FGFR1;IL6;TLR9;LGALS9;HTR2A;TMEM106A;CCL21;NTRK1;NTRK3;ARRB1;CD36;DOK5;PDGFD;ARL6IP5;RASGRP1;CD81;FLT1;ICAM1;CD40;FGF1;F2R;CHI3L1;GPNMB;FGF2;LRRK2;DDR2;CRKL;PYCARD;TEK;NEK10;MEF2C;RAMP3;RAP1A;ROR2;GAS6;PLCG2;CCL22;PLA2G5
prerank,Positive Regulation Of Myeloid Leukocyte Differentiation (GO:0002763),0.6378479567439427,1.78257251501628,2.820874e-03,1.090589e-02,8.500000e-01,20/37,21.30%,PF4;CCR1;LIF;HLA-DRB1;EVI2B;IFNG;CD4;CD74;TNF;FES;CSF1;ID2;IL12B;ZFP36L1;HCLS1;RUNX1;TESC;DCSTAMP;NEDD9;CASP8
prerank,Glucose Transmembrane Transport (GO:1904659),0.6898685202853493,1.7817409910566975,1.000000e-03,1.095362e-02,8.540000e-01,6/21,11.72%,PPBP;SLC2A3;SLC2A14;SLC2A5;SLC2A4;SLC2A6
prerank,Regulation Of Receptor Signaling Pathway Via STAT (GO:1904892),0.7331592990637598,1.7812456915245485,1.569859e-03,1.097841e-02,8.560000e-01,12/17,21.20%,PTPRT;CRLF2;PTPRC;TGFB1;JAK3;IL7R;IL6;TSLP;PPARG;TP53INP2;JAK2;EGF
prerank,Peptide Biosynthetic Process (GO:0043043),-0.41106289759806247,-1.779962095942517,1.000000e-03,7.243913e-02,8.860000e-01,85/154,37.67%,EEF1A2;PCSK1;GGTLC1;GGT3P;MRPL13;GGTLC3;GGT2P;MRPL36;MRPS17;RPS21;RPS5;RPS29;MRPL14;RPS17;ZAR1;FARSB;MRPS33;RPLP0;MRPL9;RPL12;RPS7;RPS4Y1;RPLP1;MRPL12;RPS19;MRPL51;MRPL42;RPS10;RPL35;GSPT2;MRPL35;RPL30;RPS3;YARS2;RPL27;RPL38;MRPS11;IGF2BP3;RPS27A;RPS18;RPL8;RPL36;RPL24;MRPS5;RPL4;RPS2;RPL31;RPL28;RPL37A;MRRF;RPL13A;RPL5;RPL6;MRPL37;RPL35A;MRPL11;RPS8;MRPS15;RPL7A;RPL18A;RPS3A;RPS20;RPS15A;MRPL3;RPL17;RPSA;MRPS7;MRPL24;EIF4G1;DARS1;MRPS16;RPL7;RPL26;RPS24;COPS5;MRPS14;RPL18;MRPS18B;RPL10A;RPL39;MRPL18;MRPS21;RPS15;RPL13;RPS25
prerank,Leukocyte Tethering Or Rolling (GO:0050901),0.7328899849694872,1.7771275931395847,1.579779e-03,1.164757e-02,8.730000e-01,11/16,15.99%,SELL;SELPLG;SELP;VCAM1;SPN;TNF;ITGB7;ITGA4;SELE;JAM2;GCNT1
prerank,Negative Regulation Of Osteoclast Differentiation (GO:0045671),0.7001528716251524,1.7770958271916777,4.629630e-03,1.160651e-02,8.740000e-01,10/19,13.85%,LILRB3;CCL3;LTF;TLR4;LILRB4;MAFB;LILRB1;GPR137B;TNFAIP6;FBN1
prerank,Regulation Of Innate Immune Response (GO:0045088),0.5577085992034329,1.7769802028337922,1.000000e-03,1.157026e-02,8.740000e-01,25/77,18.07%,CCL5;FCGR2B;FPR2;FGR;ADAM8;GBP5;TLR8;PTPN22;SH2D1B;HLA-E;IRAK3;TASL;TREM2;NLRC3;PTPN6;IRF1;EREG;SAMHD1;IFNK;CD1D;CFH;TRIM21;TNFAIP3;ZDHHC18;IFI35
prerank,Negative Regulation Of Interleukin-1 Beta Production (GO:0032691),0.6975006041746034,1.776741636280526,3.062787e-03,1.156967e-02,8.740000e-01,12/22,18.27%,MEFV;NLRP3;CD33;FFAR1;CARD16;LILRB4;CARD17P;CARD8;GHSR;TNFAIP3;ELF4;CX3CL1
prerank,Heterotypic Cell-Cell Adhesion (GO:0034113),0.6712185253439832,1.7766175256885437,1.000000e-03,1.153832e-02,8.750000e-01,13/27,8.95%,ITGB3;ITGAX;ITGB2;LILRB2;CD2;ITGAD;VCAM1;NINJ1;JAM3;ITGB7;ITGA4;CD200R1;ITGA5
prerank,Positive Regulation Of Protein Phosphorylation (GO:0001934),0.48487170610114544,1.7760892896901146,1.000000e-03,1.159473e-02,8.790000e-01,119/345,18.27%,ODAM;AZU1;MARCO;ITLN1;OSM;ITGB3;GATA1;SNCA;FPR2;FGF5;LCP2;PTPRC;CEMIP;FGF9;PLAUR;CSF1R;LEFTY2;LIF;HLA-DRB1;CD4;SH2D1A;NTF3;BMP6;DAB2;IL1B;MMP9;CD74;CCL19;TNF;TGFB1;LEP;P2RY1;RSPO1;MMD;FAXDC2;GDF6;TREM2;SH2D3C;ENPP2;AGAP2;CCR7;ITGA5;SDCBP;MOB1B;SEMA4D;BMP2;PTPRJ;S1PR2;PTK2B;IL6R;LEPR;KNDC1;VEGFC;CSF1;MAP2K3;IL6;MOB3C;CLEC6A;CCND3;ACVRL1;ENG;EREG;MOB3A;PECAM1;NIBAN1;LIMK2;CCL21;LYN;MOB3B;NTRK1;NTRK3;ARRB1;TNFRSF14;STK4;PDGFD;CD80;RASGRP1;CD81;APLNR;PPARG;TMEM119;CCND2;CD40;TGFBR2;FGF1;PRNP;MAPK1;CHI3L1;VTN;AKT2;GPNMB;PRKAG2;FGF2;ILK;CREBL2;LRRK2;DDR2;CAMKK1;CRKL;HFE;CDKN1A;HCLS1;TEK;INHBA;NEK10;RAMP3;RAP1A;GAS6;SNX9;STOX1;PLCG2;IL15;RASSF2;RARRES2;FAM20A;CALM3;TGFBR1;TNK2;CX3CL1
prerank,Skeletal Muscle Tissue Development (GO:0007519),0.6060148976499167,1.7751110482703123,2.743484e-03,1.168982e-02,8.820000e-01,11/39,7.81%,MYL11;MYOZ1;CSRP3;KLHL41;LMOD3;KLHL40;MYOZ2;EGR2;RYR1;MYF6;MYLK2
prerank,tRNA Processing (GO:0008033),-0.49488660859560135,-1.7750199772113597,1.000000e-03,7.435021e-02,8.990000e-01,27/49,36.65%,POP1;WDR4;PTCD1;NSUN2;TRMT10C;TRUB1;POP7;METTL2B;RPP40;DDX1;SSB;PUS3;METTL1;TSEN2;QTRT1;ELAC1;FAM98B;FAM98A;ANKRD16;TRIT1;LCMT2;RTRAF;THG1L;AARS2;TSEN54;TRPT1;RPP30
prerank,Defense Response To Virus (GO:0051607),0.5071249221594383,1.7749082233016402,1.000000e-03,1.166269e-02,8.820000e-01,56/176,17.72%,BPIFA1;AZU1;IFIT1B;PRF1;APOBEC3A;RNASE2;GBP5;RNASE6;PTPRC;TLR8;RNASE1;IFITM2;TLR2;OASL;APOBEC3B;TLR7;TNF;APOBEC3G;CXCL10;APOBEC3C;APOBEC3H;CASP1;LILRB1;NLRP1;BNIP3L;IRF1;RIPK3;MARCHF2;DDX60L;GBP2;ISG20;IL6;IFIT2;TLR9;APOBEC3D;IFITM3;MYD88;CARD8;SAMHD1;MLKL;DDIT4;APOBEC3F;IFITM1;IRF7;NLRC5;CD40;NLRP6;STING1;NT5C3A;PYCARD;TRIM21;ZNFX1;ATG7;IFIT3;SLFN11;IRF2
prerank,Positive Regulation Of Regulatory T Cell Differentiation (GO:0045591),0.740436131066465,1.7732232008690494,7.656968e-03,1.192486e-02,8.870000e-01,12/17,17.99%,CR1;IL4I1;LILRB2;HLA-DRB1;VSIR;HLA-DRA;LILRB4;HLA-G;FOXP3;SOCS1;BCL6;FOXO3
prerank,Natural Killer Cell Activation (GO:0030101),0.6424530227369338,1.7720868073819789,1.420455e-03,1.205583e-02,8.900000e-01,14/29,15.28%,FCGR3A;NCR1;PTPRC;CD2;CD244;IL2RB;SLAMF7;IL21R;KLRK1;PIK3CD;NCR3;IL12B;RASGRP1;IFNK
prerank,Interferon-Mediated Signaling Pathway (GO:0140888),0.6465088119871508,1.7711617377177626,1.443001e-03,1.217279e-02,8.940000e-01,21/31,25.72%,HCK;IFNG;IFITM2;IRF1;IFITM3;MYD88;IFNGR1;IFNGR2;IFITM1;JAK1;IFNK;IFNAR2;TYK2;JAK2;IL10RB;IKBKE;SP100;IFNAR1;STAT1;TBKBP1;HDAC4
prerank,Positive Regulation Of Calcium Ion Transport (GO:0051928),0.6578775659793031,1.7709331150972707,2.949853e-03,1.215676e-02,8.940000e-01,15/27,20.47%,CCL5;CCL3;CCL4;CCR1;FFAR1;CXCL12;CCL2;LILRA2;ATP2A1;F2R;STC1;ORAI1;STIM2;ATP2B1;P2RX4
prerank,Positive Regulation Of T Cell Differentiation (GO:0045582),0.5768969428789381,1.7658961449861763,1.280410e-03,1.303077e-02,9.110000e-01,23/61,14.92%,CR1;IL4I1;LILRB2;ADAM8;HLA-DRB1;ZAP70;IL12RB1;VNN1;VSIR;HLA-DRA;LILRB4;NCKAP1L;TESPA1;IHH;HLA-G;PNP;IL12B;FOXP3;SOCS1;ZMIZ1;TNFSF4;RHOH;XBP1
prerank,Phospholipase C-activating G Protein-Coupled Receptor Signaling Pathway (GO:0007200),0.5633697596168474,1.7655123058535451,1.256281e-03,1.302796e-02,9.110000e-01,26/67,16.10%,P2RY12;CXCR2;FPR2;FPR1;C5AR1;C3AR1;C5AR2;CMKLR1;GRM1;P2RY10;FPR3;GPR174;P2RY1;CALCA;GPR65;P2RY8;PTH1R;ESR1;OPRM1;HTR2A;NMUR1;F2RL2;F2R;GALR2;OPRL1;GNA15
prerank,Sarcomere Organization (GO:0045214),0.6464107309372223,1.7619566702990064,1.000000e-03,1.360482e-02,9.220000e-01,10/28,3.96%,MYH7;LMOD2;MYOZ1;ANKRD1;CSRP3;MYPN;CASQ1;TCAP;MYOZ2;TTN
prerank,Positive Regulation Of Reactive Oxygen Species Metabolic Process (GO:2000379),0.5976596530609377,1.7616331797053162,2.751032e-03,1.358696e-02,9.250000e-01,19/46,13.67%,MMP8;FPR2;ITGAM;ITGB2;THBS1;TYROBP;TLR4;CLEC7A;TGFB1;CYBA;CBR1;PRKCD;GRB2;CD177;CD36;AKR1C1;SYK;TGFBR2;TLR6
prerank,Integrin-Mediated Signaling Pathway (GO:0007229),0.5504170802147268,1.761281594083895,1.000000e-03,1.360258e-02,9.250000e-01,29/83,12.24%,ITGA2B;MPIG6B;ITGB3;ITGAX;FGR;ITGAM;ITGB2;ITGBL1;PLEK;FERMT3;CD40LG;ITGAD;HCK;ITGAL;DAB2;PRAM1;ITGB7;ITGA4;TXK;ITGA11;FYB1;ITGA5;ZYX;FN1;PTK2B;FBLN1;ADAMTS1;ITGAE;SYK
prerank,Cellular Response To Peptide (GO:1901653),0.5775274267662627,1.7586644962185993,1.000000e-03,1.404090e-02,9.350000e-01,23/55,15.40%,FCGR2B;FPR2;NOD2;VCAM1;PTPN22;TLR4;CYP11B1;ITGA4;TREM2;VIM;FYN;LGMN;CYP11A1;LRP1;NTRK1;CD36;ICAM1;TLR6;PRNP;ZFP36L1;XBP1;CASP4;GRIN2A
prerank,Regulation Of Viral Entry Into Host Cell (GO:0046596),0.6177902719370925,1.7560164398809386,1.345895e-03,1.457449e-02,9.440000e-01,19/40,16.98%,TRIM58;FCN1;HLA-DRB1;CD4;IFITM2;CD74;RFPL4A;CIITA;RFPL4AL1;LGALS9;IFITM3;LRRC15;LGALS1;IFITM1;SMPD1;TRIM22;FURIN;TRIM21;TRIM38
prerank,Pyroptosis (GO:0070269),0.6450559821577313,1.7557432805829278,4.392387e-03,1.455687e-02,9.440000e-01,13/27,15.85%,ELANE;MEFV;NLRP3;GZMB;GZMA;GSDMA;NLRC4;TREM2;CASP1;NLRP1;CASP4;PYCARD;TRIM21
prerank,Cilium-Dependent Cell Motility (GO:0060285),0.7170365563934166,1.7535193915383602,1.615509e-03,1.490361e-02,9.460000e-01,12/16,23.53%,TEKT1;TEKT2;DNAH3;DNAI3;TEKT3;DNAH7;RSPH9;TEKT4;DNAH1;RFX3;DNAH17;CFAP54
prerank,Positive Regulation Of Protein Modification Process (GO:0031401),0.4926538954703504,1.7518734694267983,1.000000e-03,1.521887e-02,9.510000e-01,76/211,20.49%,ODAM;MARCO;ITLN1;ITGB3;FPR2;FGF5;LILRB2;FGF9;PLAUR;CSF1R;HLA-DRB1;IFNG;CD4;DAB2;IL1B;MMP9;CD74;TNF;TGFB1;LEP;P2RY1;RSPO1;FAXDC2;PPP1R16B;ACE;TRABD2B;TREM2;EGR1;MOB1B;SEMA4D;BMP2;PRKCD;LEPR;KNDC1;VEGFC;MOB3C;CCND3;ENG;MOB3A;PECAM1;NIBAN1;LIMK2;LYN;MOB3B;NTRK1;NTRK3;ARRB1;STK4;RASGRP1;TMEM119;CCND2;CD40;FGF1;AKT2;GPNMB;SMPD1;FGF2;ILK;LRRK2;CRKL;CDKN1A;TEK;GAS6;ATG7;RARRES2;FAM20A;SVIP;CALM3;FGF10;C3;FLOT1;TESK1;MAPK3;FLCN;NTRK2;DDX3X
prerank,tRNA Aminoacylation (GO:0043039),-0.6085615685621403,-1.749356065759326,3.067485e-03,9.165511e-02,9.400000e-01,15/22,33.51%,GARS1;MARS2;LARS1;IARS1;QRSL1;DARS2;IARS2;YARS2;VARS1;EPRS1;RARS2;RARS1;GATC;WARS2;LARS2
prerank,Negative Regulation Of Inflammatory Response To Antigenic Stimulus (GO:0002862),0.7328916687525463,1.7492977514696566,3.225806e-03,1.563287e-02,9.570000e-01,9/16,17.26%,FGR;HCK;HLA-DRB1;TREM2;FYN;LYN;SYK;FURIN;RHBDF2
prerank,Positive Regulation Of Phospholipase C Activity (GO:0010863),0.6435763931468439,1.7462365555129526,4.497751e-03,1.626557e-02,9.630000e-01,22/33,21.73%,P2RY12;RASGRP4;C5AR1;ITK;CD86;ARHGAP6;TXK;ESR1;S1PR4;PLCB2;SELE;FGFR1;HTR2A;NMUR1;FLT1;LPAR2;FGF2;GNA15;GPR55;ANG;GNAQ;PDGFRA
prerank,Regulation Of Adaptive Immune Response (GO:0002819),0.7091802366002447,1.7456773172319138,4.615385e-03,1.631763e-02,9.630000e-01,11/18,18.85%,FCGR2B;IL4I1;SAMSN1;SASH3;ALOX15;IRF1;RIPK3;IRF7;TNFSF4;PYCARD;IL6ST
prerank,Regulation Of MAP Kinase Activity (GO:0043405),0.5162025353082729,1.7453884940826803,1.215067e-03,1.629715e-02,9.630000e-01,40/108,17.68%,ELANE;CD300A;S100A12;THBS1;NOD2;DIRAS2;DUSP1;PIK3R5;NTF3;TLR4;PIK3R6;IL1B;LAX1;TNF;TGFB1;PIK3CG;IRAK3;FLT3;APOE;BMP2;PTPRJ;PRKCD;FGFR1;LYN;NTRK3;PDGFD;RASGRP1;PPARG;FLT1;CD40;FGF1;SH2B3;SMPD1;FGF2;LRRK2;RGS14;NEK10;MEF2C;INPP5K;RGS2
prerank,Regulation Of B Cell Receptor Signaling Pathway (GO:0050855),0.7306751349176808,1.7446648942392509,6.309148e-03,1.639252e-02,9.650000e-01,9/16,12.81%,FCGR2B;PRKCB;CD300A;NFAM1;PTPN22;FCRL3;LPXN;LYN;CD81
prerank,Fc Receptor Signaling Pathway (GO:0038093),0.6474870866782513,1.744460804192923,1.497006e-03,1.635600e-02,9.650000e-01,9/26,12.24%,FCGR3A;CD247;LILRA4;FCER1G;LCK;VAV1;LYN;VAV3;SYK
prerank,Superoxide Metabolic Process (GO:0006801),0.6292851402814942,1.744101828520326,2.869440e-03,1.636726e-02,9.650000e-01,13/31,12.48%,PRG3;APOA4;NCF1C;NCF1;NCF1B;NCF2;NCF4;PREX1;NRROS;CYBB;CYBA;SOD3;SOD2
prerank,Glycerolipid Catabolic Process (GO:0046503),-0.6408326883353709,-1.7440093328435076,5.714286e-03,9.408619e-02,9.470000e-01,3/17,0.68%,PLA2G4E;PLA2G4F;PLA2G4D
prerank,Replication Fork Processing (GO:0031297),-0.5067198523432683,-1.7436826974697635,1.000000e-03,9.232224e-02,9.480000e-01,23/44,29.48%,TONSL;CENPX;GEN1;EME1;DDX11;RBBP8;DONSON;TRAIP;RAD51;MMS22L;BRCA1;DNA2;ETAA1;FANCM;BLM;BRCA2;RAD50;ATR;MRE11;PCNA;PARP1;WRN;FAM111A
prerank,Interstrand Cross-Link Repair (GO:0036297),-0.5122724061185089,-1.742507482228533,1.000000e-03,9.133057e-02,9.480000e-01,25/36,36.95%,RAD51AP1;FANCI;CENPX;RAD51;FANCC;FANCA;HROB;DCLRE1A;FANCM;FANCL;FANCB;XRCC3;FSCN1;NEIL3;MCM8;FANCD2;RNF8;XPA;EXO5;MCM9;ERCC6L2;FAAP100;FANCG;FANCF;FANCE
prerank,DNA Recombination (GO:0006310),-0.5148710141267403,-1.742054800700122,3.745318e-03,8.983176e-02,9.500000e-01,26/42,33.43%,RAD54B;EXO1;XRCC2;GEN1;RBBP8;MSH2;RAD51;RMI2;BRCA1;MRPL36;TSN;BLM;RAD21;RMI1;XRCC3;HMGB3;RAD50;MRE11;RAD51D;RAD51B;RAD52;RAG1;LIG4;ENDOG;RAD51C;MSH3
prerank,Lymphocyte Proliferation (GO:0046651),0.6584838608167168,1.7420441374786573,3.044140e-03,1.681970e-02,9.660000e-01,16/24,18.58%,CD79A;PTPRC;CD40LG;PIK3CG;FLT3;MS4A1;IL10;CR2;RASGRP1;CD40;TNFSF14;TNFRSF4;IFNK;MEF2C;ELF4;MSN
prerank,Natural Killer Cell Mediated Cytotoxicity (GO:0042267),0.6768841824721367,1.7420374190314567,7.645260e-03,1.675049e-02,9.660000e-01,8/22,6.41%,NKG7;KIR3DL1;FCGR3A;GZMB;CD2;SLAMF7;CORO1A;KLRK1
prerank,Regulation Of NIK/NF-kappaB Signaling (GO:1901222),0.5461021298763064,1.741958335188192,1.000000e-03,1.669747e-02,9.660000e-01,33/80,18.24%,MMP8;ADGRG3;NLRP3;NLRP12;NOD2;SPI1;LAPTM5;TLR2;PTPN22;CD86;TLR4;TLR7;IL1B;CCL19;TNF;TMSB4X;NFKBIA;NLRC3;CD27;LIMS1;TLR9;LGALS9;IL12B;BCL3;ADIPOR1;TNFSF14;ILK;PYCARD;CYLD;RHOA;RASSF2;IFI35;TCIM
prerank,Receptor-Mediated Endocytosis (GO:0006898),0.5134796399896889,1.7419233883313532,1.000000e-03,1.665267e-02,9.660000e-01,51/121,20.15%,MARCO;CXCR1;MRC1;SNCA;FCGR2B;CXCR2;ITGAM;ITGB2;CXCL8;ARRB2;FCER1G;MSR1;CXCL16;STAB1;DAB2;DNM3;LILRB4;ADRB3;APOE;LILRB1;SCARF1;ASGR1;CTSL;CLEC9A;DNAJC6;LRP1;ADM;GRB2;CD36;TFR2;SYK;RNASEK;CD81;RAB31;FCHO2;RAMP3;SNX9;PICALM;PDLIM7;PIP5K1C;FCHSD2;LDLRAP1;FCHO1;GRK3;AP2A2;PPT1;LRP1B;NLGN3;GRK2;EPS15;LMBRD1
prerank,Positive Regulation Of Protein Kinase Activity (GO:0045860),0.5066977493163892,1.7418986249987518,1.000000e-03,1.660048e-02,9.660000e-01,50/139,17.78%,AZU1;CCL5;ITGB3;SNCA;SLC11A1;LCP2;PTPRC;CSF1R;IFNG;LTF;CD4;SH2D1A;SLC8A2;CCL19;FCGR1A;CASS4;MMD;CALCA;ACE;CLU;AGAP2;CCR7;EGR1;RIPK3;PTK2B;PRKCD;IL6R;STRADB;CSF1;MAP2K3;EREG;CCL21;IL12B;TGFBR2;PRNP;PRKAG2;CAMK1;LRRK2;DDR2;CAMKK1;DLG4;CDKN1A;RAP1A;GAS6;SNX9;RHOA;STOX1;SLC27A1;RASSF2;CALM3
prerank,Positive Regulation Of Receptor-Mediated Endocytosis (GO:0048260),0.6008698557080898,1.7415334969896983,1.379310e-03,1.661433e-02,9.670000e-01,19/41,19.23%,ARRB2;CCL14;SERPINE1;NTF3;DAB2;CCL19;GREM1;CLU;B2M;SFRP4;SELE;CCL21;ARRB1;VTN;HFE;LDLRAP1;HIP1;PPT1;C3
prerank,Regulation Of T Cell Migration (GO:2000404),0.6741712524577903,1.7409423095366767,2.980626e-03,1.667421e-02,9.680000e-01,16/23,17.07%,CCL5;RIPOR2;CXCL12;SPN;DOCK8;AIRE;AIF1;CXCL10;CD200R1;APOD;CCL21;TNFRSF14;CCR6;PYCARD;CD200;RHOA
prerank,Positive Regulation Of Pattern Recognition Receptor Signaling Pathway (GO:0062208),0.605921601712717,1.7409284250206838,2.677376e-03,1.660725e-02,9.680000e-01,19/39,20.86%,CD14;TREML4;LTF;TLR2;PTPN22;OASL;NINJ1;TASL;CYBA;TLR1;TLR9;NR1H3;TLR5;IFI35;PJA2;FLOT1;USP15;DDX3X;SLC15A4
prerank,Lymphocyte Mediated Immunity (GO:0002449),0.731425071186585,1.7395089056276039,8.305648e-03,1.688025e-02,9.690000e-01,7/16,4.98%,CR1;CR1L;SLA2;KLRD1;CD8A;KLRC2;MYO1G
prerank,Positive Regulation Of Chromosome Segregation (GO:0051984),-0.621411491167839,-1.7378951290424733,1.369863e-02,9.203773e-02,9.540000e-01,13/18,26.28%,SMC4;NCAPH;CDK1;CCNB1;CDC6;NCAPD2;NCAPD3;NCAPG2;SMC2;NCAPG;RCC2;SMC6;RAD18
prerank,Positive Regulation Of Leukocyte Adhesion To Vascular Endothelial Cell (GO:1904996),0.7020019175930786,1.7365966078490607,9.508716e-03,1.745498e-02,9.700000e-01,11/17,19.99%,ITGB2;SELP;TNF;FUT7;SELE;IL6;CHST2;ETS1;FUT4;RHOA;CHST4
prerank,Activation Of Phospholipase C Activity (GO:0007202),0.674759358170144,1.735645524908062,4.643963e-03,1.757489e-02,9.710000e-01,17/25,20.42%,P2RY12;RASGRP4;C5AR1;ITK;CD86;ARHGAP6;TXK;S1PR4;PLCB2;SELE;HTR2A;NMUR1;LPAR2;GNA15;GPR55;ANG;GNAQ
prerank,Negative Regulation Of Interleukin-10 Production (GO:0032693),0.7231589189276538,1.7353160149265452,4.769475e-03,1.756573e-02,9.710000e-01,11/16,16.11%,MMP8;FCGR2B;PDCD1LG2;TYROBP;VSIR;JAK3;LILRB4;LILRB1;IL12B;FOXP3;CD274
prerank,Regulation Of Toll-Like Receptor 4 Signaling Pathway (GO:0034143),0.6677999038755231,1.734417324943633,2.994012e-03,1.772931e-02,9.720000e-01,12/22,19.45%,BPIFB1;CD14;LTF;PTPN22;NINJ1;LILRA2;TREM2;LYN;NR1H3;TNFAIP3;IFI35;FLOT1
prerank,Positive Regulation Of Hydrolase Activity (GO:0051345),0.5060441462166971,1.7339616943840663,1.000000e-03,1.779813e-02,9.720000e-01,63/165,18.87%,ODAM;PRTN3;CCL13;CCL5;CCL23;RASGRP4;CCL8;CCL3;CCL18;CCL15;CCL4;PREX1;CTSS;CCL7;CCL14;CCL11;RSU1;CCL26;RGS10;RASGRP2;DOCK8;CCL2;CCL19;CCL24;DOCK10;RAPGEF1;RGS9;SEMA4D;BMP2;RIPK3;CTSL;LIMS1;RGS6;CCL21;NTRK1;CTSK;RASGEF1B;ARAP1;RGL1;RASGRP1;PSAP;CD40;THY1;SH3BP1;F2R;MAPRE2;DOCK11;CTSH;SNX18;HMGB2;RASGRP3;RAP1A;CD200;SNX9;RHOA;PICALM;CCL22;RALGDS;CALM3;CX3CL1;RGL4;RGS11;SRGAP3
prerank,Mitotic Spindle Organization (GO:0007052),-0.4337950793382469,-1.7338597508937093,1.000000e-03,9.382837e-02,9.580000e-01,32/85,20.08%,TTK;NUF2;KIF23;TPX2;BIRC5;PLK1;KIF4A;NDC80;MISP;CENPH;GPSM2;KIFC1;RCC1;CCNB1;SPC25;PRC1;CDCA8;KIFC2;CENPE;KIF4B;INTS13;KIF11;STMN1;MAP9;SPICE1;MZT1;TBCE;INCENP;AURKA;RAN;STIL;DCTN6
prerank,Regulation Of Calcium-Mediated Signaling (GO:0050848),0.6548778387729439,1.7338433407806193,4.261364e-03,1.776585e-02,9.730000e-01,19/27,21.67%,SLA2;CCL3;PLEK;CCL4;SLC24A4;CMKLR1;SLC8A2;TRAT1;CLEC7A;TREM2;GBP1;CDH13;LRRK2;PLCG2;RGN;ITPR1;P2RX5;P2RX4;CD22
prerank,Negative Regulation Of Peptidyl-Tyrosine Phosphorylation (GO:0050732),0.6495794402761633,1.7323596261108016,2.890173e-03,1.805288e-02,9.760000e-01,14/30,14.08%,CD300A;PTPRC;SAMSN1;DMTN;NTF3;SH3BP5;LILRB4;SOCS3;PTPN6;SEMA4D;PRKCD;SOCS1;THY1;SH2B3
prerank,Ribosome Biogenesis (GO:0042254),-0.4034483488497306,-1.7318695835673994,1.000000e-03,9.400206e-02,9.620000e-01,91/151,38.37%,WDR74;DCAF13;NOP58;BOP1;TMA16;MPHOSPH10;PNO1;MRPL36;RPL26L1;RRS1;NPM1;XPO1;RPS5;URB2;WDR43;RPS17;WDR12;UTP20;RPS7;RPS19;NAT10;WDR75;MALSU1;DKC1;NVL;DDX10;RPF2;SPPL2B;CUL4A;DDX31;RPL27;EXOSC2;IGF2BP3;NOM1;ESF1;RIOK1;ZNF622;MRM2;MRTO4;BMS1;RBIS;HEATR1;EMG1;EXOSC4;GRWD1;NOC2L;DDX47;RPL5;RPL35A;RPS8;GTPBP4;UTP11;RPS3A;LTO1;WDR3;NOP56;EIF2S1;TBL3;EXOSC7;DDX54;KRR1;RPS15A;METTL17;ZNF658;GTF3A;NOLC1;PAK1IP1;UTP4;RSL24D1;EXOSC9;RRP7BP;LTV1;MTREX;EXOSC5;EBNA1BP2;BYSL;RPL7;RPL26;NOP16;RPS24;RRP36;RIOK2;NIP7;DIS3;RPS15;WDR36;RPS25;MRPL22;UTP15;UTP18;RRP9
prerank,Homologous Chromosome Pairing At Meiosis (GO:0007129),-0.6016619783396625,-1.7314866342280673,6.191950e-03,9.260815e-02,9.630000e-01,8/21,13.30%,RNF212;HORMAD1;TRIP13;SYCP2;RNF212B;MND1;TEX12;P3H4
prerank,DNA Integrity Checkpoint Signaling (GO:0031570),-0.4907664707621885,-1.7314073163208965,3.787879e-03,9.091389e-02,9.630000e-01,19/42,26.66%,CHEK1;CDC45;TIMELESS;DONSON;CDC6;MAP3K20;DNA2;MRPL36;INTS7;TIPIN;CLOCK;E2F1;USP28;ATR;PRPF19;TIPRL;CAMSAP3;CLSPN;CDT1
prerank,Microtubule Cytoskeleton Organization Involved In Mitosis (GO:1902850),-0.4700601388674198,-1.730207716558616,1.000000e-03,9.027732e-02,9.640000e-01,26/59,21.31%,TTK;NUF2;BIRC5;PLK1;KIF4A;NDC80;CENPH;ESPL1;GPSM2;RCC1;CDK1;CCNB1;SPC25;CDCA8;CENPE;NUSAP1;KIF4B;INTS13;KIF11;STMN1;TBCE;INCENP;RAN;STIL;DCTN6;CKAP5
prerank,Negative Regulation Of Lipid Storage (GO:0010888),0.7096574580731612,1.7286928809474764,1.501502e-03,1.894377e-02,9.800000e-01,9/17,17.09%,ITGB3;TNF;TREM2;NFKBIA;IL6;PPARG;NR1H3;ABCG1;PNPLA2
prerank,Negative Regulation Of Chemokine Production (GO:0032682),0.7170840362813494,1.726791029039204,4.991681e-03,1.932712e-02,9.810000e-01,7/16,10.67%,ELANE;MEFV;LILRB4;SIRPA;IL10;IL6;LGALS9
prerank,Response To Hydrogen Peroxide (GO:0042542),0.5941471587562557,1.726787502084199,1.000000e-03,1.926012e-02,9.810000e-01,15/44,16.61%,HBB;HBA1;HP;HMOX1;CLU;FYN;SIRPA;RIPK3;PRKCD;IL6;GPX1;CAT;CYP1B1;PPIF;TNFAIP3
prerank,Regulation Of Osteoclast Differentiation (GO:0045670),0.6026577919924527,1.7265617524475194,8.391608e-03,1.924112e-02,9.810000e-01,14/36,13.85%,LILRB3;CCL3;CCR1;IFNG;CEBPB;TLR4;TNF;LILRB4;MAFB;CSF1;GPR137B;IL12B;TNFAIP6;FBN1
prerank,Positive Regulation Of Epithelial Cell Apoptotic Process (GO:1904037),0.6868342356620132,1.726491276702596,6.220840e-03,1.917496e-02,9.810000e-01,11/21,14.99%,THBS1;FASLG;CD40LG;CCL2;ITGA4;SFRP4;HLA-G;RGCC;IL6;CD40;ECSCR
prerank,Negative Regulation Of Leukocyte Activation (GO:0002695),0.7180556379546693,1.726457642758444,6.250000e-03,1.912743e-02,9.810000e-01,12/16,16.97%,FCGR2B;CD300A;CD33;HAVCR2;CD300LF;CD84;LILRB4;GRN;FN1;NR1H3;MILR1;CD200
prerank,DNA Replication Initiation (GO:0006270),-0.5895086572381151,-1.7263449384525253,1.988636e-02,9.201937e-02,9.670000e-01,14/21,33.32%,ORC6;CDC45;MCM10;MCM7;ORC5;POLA2;POLA1;MCM3;PRIM1;PRIM2;ORC2;ORC1;ORC3;NOC3L
prerank,Regulation Of Interferon-Alpha Production (GO:0032647),0.6499553059197342,1.7221485553930884,4.431315e-03,2.006985e-02,9.860000e-01,10/25,12.84%,TLR8;LILRA4;HAVCR2;TLR4;TLR7;NLRC3;IL10;TLR9;IRF5;IRF7
prerank,Regulation Of Defense Response (GO:0031347),0.5260882240072186,1.721684286149059,1.000000e-03,2.014163e-02,9.870000e-01,39/88,21.94%,FCGR2B;FGR;ALOX5;NOD2;HCK;PIK3AP1;AKNA;PTPN22;CARD16;BST1;TMSB4X;TREM2;PTGS2;ALOX15;GRN;APOE;CASP1;NLRP1;IRF1;CCR2;NLRP14;SELE;MYD88;SAMHD1;SBNO2;TNC;TNFSF4;NLRP6;CASP4;HERC5;CYLD;BCL6;SEMA7A;LACC1;AGTR1;IL1R1;JAK2;CASP8;GGT1
prerank,Positive Regulation Of Cytokine Production Involved In Immune Response (GO:0002720),0.6088807063152164,1.7204934176675293,4.103967e-03,2.042794e-02,9.880000e-01,15/33,14.39%,CD226;FFAR2;NOD2;LAPTM5;KIR2DL4;HLA-E;CLEC7A;SCIMP;FFAR3;HLA-F;HLA-A;HLA-G;IRF5;TNFRSF14;TNFSF4
prerank,Determination Of Left/Right Symmetry (GO:0007368),0.589641730061391,1.7190347020241812,1.381215e-03,2.069782e-02,9.890000e-01,17/40,20.93%,DNAAF1;CFC1;DNAI1;CFAP52;DNAI2;ENKUR;PIERCE1;CFAP45;FOXJ1;ODAD2;ODAD4;MMP23A;CFAP53;DNAH5;CCDC39;RFX3;PKD2
prerank,T Cell Mediated Immunity (GO:0002456),0.6629810355321785,1.7175867239623663,6.201550e-03,2.095502e-02,9.900000e-01,11/20,16.25%,CR1;CR1L;PRF1;CD8A;CRTAM;MYO1G;HLA-A;CR2;CTSH;BTN3A2;BTN3A3
prerank,Regulation Of Peptidyl-Tyrosine Phosphorylation (GO:0050730),0.5337583171698896,1.713637858537377,1.226994e-03,2.205744e-02,9.900000e-01,32/84,14.18%,OSM;ITGB3;GATA1;ITGB2;PTPRC;SAMSN1;LIF;DMTN;NTF3;BMP6;CD74;TGFB1;BST1;TREM2;ENPP2;FYN;ITGA5;PTPN6;SEMA4D;PTPRJ;PTK2B;PRKCD;IL6R;IL6;CLEC6A;PECAM1;TNFRSF14;IL12B;CD80;CD81;PRNP;VTN
prerank,Negative Regulation Of Angiogenesis (GO:0016525),0.5336202112872904,1.7121794534065895,2.547771e-03,2.241717e-02,9.900000e-01,22/77,13.08%,PF4;KLF2;THBS1;ALOX5;FASLG;SERPINE1;STAB1;TNF;ADAMTS9;CXCL10;SPARC;HLA-G;HHEX;CCR2;SERPINF1;RGCC;PDE3B;THBS2;DCN;SULF1;PPARG;FOXO4
prerank,Superoxide Anion Generation (GO:0042554),0.7124864394507184,1.712128473529207,3.125000e-03,2.234148e-02,9.900000e-01,8/16,7.74%,PRG3;NCF1C;NCF1;NCF1B;NCF2;NCF4;CYBB;CYBA
prerank,B Cell Differentiation (GO:0030183),0.5749391184741166,1.7108311074239153,1.371742e-03,2.266948e-02,9.900000e-01,29/51,25.72%,ADGRG3;CD79A;PTPRC;NFAM1;VCAM1;RAG2;ITGA4;PIK3CD;JAK3;CD79B;LYL1;FLT3;HHEX;MS4A1;PTPRJ;IL10;CR2;IFNK;PLCG2;PIK3R1;BLNK;KLF6;DNAJB9;ZBTB7A;HDAC5;IRF2BP2;GPS2;ITGB1;HDAC4
prerank,Regulation Of T Cell Cytokine Production (GO:0002724),0.698100722430494,1.7037022157174813,4.497751e-03,2.470294e-02,9.940000e-01,10/18,18.16%,CLC;TNFRSF1B;LILRB4;HLA-F;HLA-A;CCR2;FOXP3;TNFSF4;HFE;SMAD7
prerank,Positive Regulation Of Lipid Catabolic Process (GO:0050996),0.6891890907711503,1.703681912910547,7.861635e-03,2.461278e-02,9.940000e-01,9/18,17.09%,APOA4;APOA2;APOC2;IL1B;ABCD2;PRKCD;IRS2;AKT2;PNPLA2
prerank,Regulation Of Ubiquitin Protein Ligase Activity (GO:1904666),-0.6145580753086427,-1.7035236424669304,1.347709e-02,1.117656e-01,9.880000e-01,6/17,8.64%,MAD2L1;UBE2S;PLK1;UBE2C;USP44;CDC20
prerank,rRNA Processing (GO:0006364),-0.4141855312622573,-1.7023586181505077,1.000000e-03,1.110916e-01,9.880000e-01,65/101,40.07%,WDR74;DCAF13;PRKDC;NOP58;MPHOSPH10;MRM1;RPS17;NOP2;NHP2;RRP15;UTP20;RPS7;NSA2;RPS19;NAT10;DKC1;NVL;DDX10;SPPL2B;RPL27;EXOSC2;IGF2BP3;ESF1;RIOK1;NOL11;EIF6;MRM2;MRTO4;EMG1;EXOSC4;DDX47;RPL5;RPL35A;WDR3;NOP56;EXOSC7;MAK16;DDX54;TSR3;NOLC1;UTP4;EXOSC9;RRP7BP;MTREX;EXOSC5;EBNA1BP2;DDX52;RPL7;RPL26;RPS24;RRP36;RIOK2;TFB1M;DIS3;RPS15;WDR36;RPS25;UTP15;RRP9;SBDS;LYAR;RPS6;MPHOSPH6;C1D;RPL11
prerank,Positive Regulation Of Phosphatidylinositol 3-Kinase Activity (GO:0043552),0.6312779577024495,1.701729393943656,5.839416e-03,2.516124e-02,9.950000e-01,13/26,16.00%,P2RY12;FGR;NOD2;CCL19;TGFB1;FLT3;CCR7;PTK2B;CCL21;FLT1;CD19;FGF2;TEK
prerank,mRNA Modification (GO:0016556),-0.5557431592102151,-1.7007404898147456,3.115265e-03,1.109710e-01,9.880000e-01,15/26,27.64%,PUS7;NSUN2;PUS1;TRMT10C;RPUSD4;HNRNPAB;PUS7L;TRUB1;DKC1;TRMT6;PUS3;METTL8;TRMT61B;METTL4;TRUB2
prerank,Cellular Component Disassembly (GO:0022411),0.5774546105032968,1.6997651766670088,1.000000e-03,2.565045e-02,9.950000e-01,17/45,16.00%,ELANE;MMP8;CTSG;ADAM8;MMP19;TPSAB1;CTSS;LCP1;MMP9;MMP10;ADAMTS4;KLK4;MMP12;CTSK;MMP3;FURIN;MMP2
prerank,Extracellular Matrix Disassembly (GO:0022617),0.5835754275004321,1.6988144355934547,4.109589e-03,2.590206e-02,9.960000e-01,17/43,16.00%,ELANE;MMP8;CTSG;ADAM8;MMP19;TPSAB1;CTSS;LCP1;MMP9;MMP10;ADAMTS4;KLK4;MMP12;CTSK;MMP3;FURIN;MMP2
prerank,Regulation Of Striated Muscle Contraction (GO:0006942),0.6398275001697225,1.697052669449481,2.998501e-03,2.625818e-02,9.960000e-01,14/26,20.47%,MYL2;TNNI1;MYL3;NKX2-5;SLC8A3;MYBPC3;HCN4;ATP1A2;SCN10A;DMD;CALM3;SMAD7;GRK2;P2RX4
prerank,DNA Repair (GO:0006281),-0.3798322964649342,-1.697037420086755,1.000000e-03,1.127924e-01,9.910000e-01,137/287,36.03%,TRIP13;PARP2;CHEK1;TICRR;RECQL4;EXO1;RAD51AP1;XRCC2;RFC3;DEPDC1B;FANCI;CENPX;CDCA5;POLQ;USP44;TIMELESS;NTHL1;UBE2T;EME1;CDK1;PRKDC;FEN1;RBBP8;CHD1L;TRAIP;MSH2;RAD51;POLE;ALKBH2;RMI2;BRCA1;FANCC;MSH6;DNA2;MRPL36;FANCA;UBE2V2;HROB;NABP2;RFC5;DCLRE1A;RPA3;NPM1;MNAT1;RFC4;SMUG1;RNASEH2A;WDHD1;FANCM;HMGA2;PMS1;BLM;RAD21;USP45;POLA1;POLB;FANCL;PMS2;TRIM28;GTF2H3;UNG;RFC2;BRCA2;FANCB;EID3;SUMO1;XRCC3;FSCN1;DDX1;NEIL3;PPP5C;TRRAP;RPS3;ENDOV;POLE2;MC1R;RECQL5;RAD50;ZGRF1;FANCD2;POLD1;TDG;ATR;MRE11;KMT5C;ALKBH3;RAD51D;SPRTN;MGME1;RRM1;MTA1;RNF8;RAD18;MEN1;ERCC8;NUDT1;PCNA;XPA;RAD51B;PARP1;LIG3;RAD52;NSMCE4A;MLH3;NSD2;WRN;UBE2N;FAM111A;POLDIP2;RAD17;LIG4;EXO5;ASCC1;ZRANB3;EYA1;POLI;HINFP;TENT4A;NEIL2;RAD23B;RAD51C;MSH3;GTF2H4;EXD2;WDR33;REXO4;FMR1;ERCC6L2;DTX3L;PWWP3A;HLTF;FAAP100;ASCC3;FANCG;MBD4;XRCC6;FANCF
prerank,Negative Regulation Of Viral Genome Replication (GO:0045071),0.5666229620242414,1.6958357030534386,6.811989e-03,2.653999e-02,9.960000e-01,20/50,18.06%,CCL5;APOBEC3A;LTF;IFITM2;OASL;APOBEC3B;TNF;APOBEC3G;APOBEC3C;APOBEC3H;SLPI;ISG20;APOBEC3D;IFITM3;APOBEC3F;IFITM1;RESF1;ZNFX1;INPP5K;TNIP1
prerank,Negative Regulation Of Interleukin-2 Production (GO:0032703),0.6725549044792369,1.6945107952987373,4.366812e-03,2.689470e-02,9.960000e-01,12/21,16.61%,CR1;VSIG4;PTPRC;HAVCR2;LAPTM5;TBX21;LILRB4;ZFP36;GBP1;FOXP3;PRNP;TNFAIP3
prerank,Fc-gamma Receptor Signaling Pathway Involved In Phagocytosis (GO:0038096),0.6613043823018704,1.6939611822934617,6.201550e-03,2.698561e-02,9.960000e-01,11/20,14.82%,FCGR2B;FGR;HCK;MYO1G;FYN;VAV1;PRKCD;LYN;VAV3;SYK;PLD2
prerank,Regulation Of I-kappaB kinase/NF-kappaB Signaling (GO:0043122),0.480398320150468,1.6932642633980681,1.000000e-03,2.708264e-02,9.960000e-01,90/225,26.58%,TRIM58;NLRP12;PRKCB;HMOX1;S100A12;FASLG;ARRB2;NOD2;HLA-DRB1;LTF;CD4;IL1B;CARD16;UBD;CD74;CCL19;CLEC7A;TNF;PIM2;LILRB4;RFPL4A;LTB;TREM2;ESR1;NLRC3;CCR7;CASP1;RFPL4AL1;SECTM1;LITAF;TLR9;LGALS9;CLEC6A;MYD88;CARD8;CARD11;PER1;TMEM106A;CCL21;FLNA;TNIP3;LGALS1;ECM1;CARD19;CD40;MAP3K3;TLR6;F2R;TRAF1;RHOH;PELI1;TRIM22;PYCARD;TRIM21;ALPK1;CASP10;TNFAIP3;TRIM38;RHOA;PLCG2;IKBKG;TNIP1;CX3CL1;RIOK3;CFLAR;APOL2;IFIT5;TNFRSF1A;S100B;CASP8;CCDC22;TAB2;SHISA5;WLS;ZC3H12A;IKBKE;TRIM25;TRADD;BIRC3;WNT5A;TNIP2;PINK1;STAT1;NEK6;GPRC5B;TRIM68;RHOC;TRIM8;OPTN;TNFRSF10B
prerank,Negative Regulation Of Immune System Process (GO:0002683),0.582065401253209,1.6932130751188976,6.915629e-03,2.700042e-02,9.960000e-01,18/40,16.97%,BPIFB1;FCGR2B;TSC22D3;LILRB2;HMOX1;PDCD1;LILRB4;IRAK3;LILRA2;TREM2;HLA-G;TLR9;LYN;FOXP3;TLR6;TNFAIP3;GPR108;CD200
prerank,Protein Mannosylation (GO:0035268),-0.5625951373861349,-1.6921253272520431,6.042296e-03,1.157272e-01,9.920000e-01,12/21,27.35%,LARGE2;TMTC3;DPY19L4;TMTC4;DPY19L1;FKTN;DPY19L2;POMT2;TMTC2;RXYLT1;TMTC1;DPY19L2P2
prerank,Positive Regulation Of Lymphocyte Migration (GO:2000403),0.7072297141308571,1.6895921737873827,3.149606e-03,2.816097e-02,9.970000e-01,11/16,17.07%,CCL5;CXCL12;SPN;DOCK8;AIF1;CXCL10;CCL21;TNFRSF14;JAM2;PYCARD;RHOA
prerank,Cellular Response To Organic Substance (GO:0071310),0.5287683673098171,1.6895332456689358,1.273885e-03,2.806551e-02,9.970000e-01,28/73,17.19%,CCL5;NLRP12;CCL3;CXCR4;CSF1R;CYP11B1;IL1B;CCL2;IGFBP5;TNF;TGFB1;TREM2;FLT3;CCR7;CASP1;SYK;ARL6IP5;CYP1B1;SLIT1;STAT5B;CLEC3B;STING1;HCLS1;OXTR;RAMP3;RHOA;INPP5K;PLCG2
prerank,Fc-epsilon Receptor Signaling Pathway (GO:0038095),0.6387031530501187,1.6876357366848487,4.504505e-03,2.862747e-02,9.970000e-01,8/22,17.19%,LILRA4;FCER1G;NR4A3;VAV1;LYN;VAV3;SYK;PLCG2
prerank,Actomyosin Structure Organization (GO:0031032),0.5256147363591853,1.6866829968311523,1.272265e-03,2.885662e-02,9.970000e-01,31/76,18.66%,MYH7;LMOD2;MYOZ1;ACTN2;ANKRD1;CSRP3;KLHL41;LMOD3;MYPN;CASQ1;TCAP;MYOZ2;TTN;MYL9;EPB41L3;MYOM2;ZYX;TMOD1;ARRB1;PHACTR1;WDR1;FRMD3;EPB41;EPB41L2;MYH6;RHOA;TMOD4;MYH9;TMOD2;SYNPO2L;TPM1
prerank,Positive Regulation Of Release Of Sequestered Calcium Ion Into Cytosol (GO:0051281),0.6131721557866447,1.6866133328965192,6.887052e-03,2.877629e-02,9.970000e-01,15/31,18.27%,SNCA;CASQ1;CXCL9;CEMIP;TRDN;GSTM2;CXCL10;CXCL11;APLNR;CD19;THY1;F2R;CALM3;GSTO1;CX3CL1
prerank,Negative Regulation Of Viral Entry Into Host Cell (GO:0046597),0.6996137567333545,1.685150917517487,6.163328e-03,2.919799e-02,9.970000e-01,7/17,12.65%,FCN1;CH25H;IFITM2;CIITA;IFITM3;LRRC15;IFITM1
prerank,Regulation Of Synapse Organization (GO:0050807),-0.5615047246123104,-1.684839112042389,6.079027e-03,1.212181e-01,9.930000e-01,8/25,8.86%,KLK8;CTNNA2;CAMK2B;SLITRK2;EPHA4;CHRNB2;IL1RAPL1;RAB17
prerank,Positive Regulation Of Vascular Associated Smooth Muscle Cell Proliferation (GO:1904707),0.6632347950713675,1.6834605347698373,4.672897e-03,2.968912e-02,9.970000e-01,11/20,18.56%,FGF9;IGFBP5;MMP9;NR4A3;IL10;MEF2D;FGF2;ERN1;MMP2;LDLRAP1;JUN
prerank,Regulation Of Activated T Cell Proliferation (GO:0046006),0.6082361435500236,1.6834583763436057,8.450704e-03,2.958709e-02,9.970000e-01,15/31,16.11%,CLC;CRTAM;PDCD1LG2;IL12RB1;LILRB4;ICOSLG;RIPK3;LGALS9;IDO1;IL12B;FOXP3;PRNP;BTN2A2;PYCARD;CD274
prerank,Peptidyl-Tyrosine Dephosphorylation (GO:0035335),0.624869322345143,1.682899986509179,9.063444e-03,2.963924e-02,9.970000e-01,13/28,21.71%,PTPRT;DUSP1;PTPN22;PTPRO;DUSP5;PTPRR;PTPN6;PTPRJ;PTPN5;DUSP3;DUSP18;UBASH3B;DUSP10
prerank,Regulation Of Mitochondrial Translation (GO:0070129),-0.5624617254167422,-1.6817120333549769,2.865330e-03,1.222045e-01,9.940000e-01,12/22,27.64%,LRPPRC;TRMT10C;RPUSD4;SHMT2;MALSU1;UQCC2;RCC1L;NGRN;COA3;TSFM;METTL8;TRUB2
prerank,Negative Regulation Of Epithelial To Mesenchymal Transition (GO:0010719),-0.5310314803644712,-1.6812928418329078,9.584665e-03,1.206619e-01,9.940000e-01,8/30,12.89%,FOXA2;NKX2-1;ZNF750;HPN;EPHA4;BMP5;SFRP1;MARK1
prerank,Second-Messenger-Mediated Signaling (GO:0019932),0.5413143029260936,1.680858978057137,1.280410e-03,3.031908e-02,9.970000e-01,27/68,18.92%,P2RY12;FPR2;FCGR3A;FPR1;CXCL8;CCL3;CXCR4;CCR5;BTK;LAT2;KLRG1;APOE;MCTP1;SELE;CD36;NMUR1;LRRK2;CCR6;EDNRB;MCTP2;PPP1R9B;NOS2;PLCG2;DDAH2;SAMD14;NDNF;AGTR1
prerank,Negative Regulation Of Proteolysis (GO:0045861),0.5856836623253681,1.6787515136037277,4.360465e-03,3.097484e-02,9.990000e-01,17/38,17.33%,SERPINE2;SERPINB3;CST7;TIMP3;TIMP1;CTSB;CST3;IL10;TIMP2;SERPINB4;GAS1;ECM1;PRNP;LRRK2;TRIM21;TIMP4;CLN8
prerank,Cardiac Muscle Contraction (GO:0060048),0.5975535633551818,1.6784248004593212,1.337296e-02,3.098296e-02,9.990000e-01,20/32,19.34%,MYL2;MYL4;MYH7;CSRP3;TCAP;TTN;MYL3;CASQ2;MYLK2;MYBPC3;TNNC1;SCN2B;GAA;SCN1B;DMD;MYH6;TPM1;SLC8A1;KCNQ1;GRK2
prerank,Positive Regulation Of Viral Life Cycle (GO:1903902),0.6547867468347159,1.6773816055949635,1.013025e-02,3.128416e-02,9.990000e-01,10/22,16.98%,CLEC4G;CD209;HLA-DRB1;CD4;CD74;LGALS9;LGALS1;SMPD1;FURIN;TRIM38
prerank,Positive Regulation Of Locomotion (GO:0040017),0.6215574624834928,1.6771198480197733,1.472754e-03,3.127835e-02,9.990000e-01,14/28,14.85%,P2RY12;THBS1;CSF1R;CCL26;SPOCK2;CCL19;TGFB1;NTN1;TREM2;CCR7;CCL21;STX4;AKT2;PPM1F
prerank,Negative Regulation Of Protein Processing (GO:0010955),0.7144651817413862,1.67704950202306,1.127214e-02,3.119578e-02,9.990000e-01,7/15,14.75%,SERPINE2;THBS1;SERPINE1;CTSZ;GAS1;PRNP;LRRK2
prerank,"Phagocytosis, Engulfment (GO:0006911)",0.6261265777301718,1.6767157989088795,8.797654e-03,3.120625e-02,9.990000e-01,14/29,13.59%,MARCO;FCGR2B;ITGAM;ITGB2;THBS1;BIN2;MSR1;HAVCR1;ARHGAP25;AIF1;TIMD4;ELMO1;CD36;SH3BP1
prerank,Cell-Matrix Adhesion (GO:0007160),0.504401427620881,1.676585891957925,1.196172e-03,3.115308e-02,9.990000e-01,33/105,14.63%,ITGA2B;ITGB3;ACTN2;ITGAX;LYVE1;ITGAM;ITGB2;ACTN3;ITGBL1;FERMT3;ITGAD;ITGAL;CD96;PARVG;VCAM1;HPSE;TNN;SIGLEC1;ITGB7;ITGA4;ADAMTS9;COL13A1;ITGA11;ITGA5;ZYX;FBLN5;FN1;CCL21;ITGAE;THY1;OTOA;VTN;ILK
prerank,Negative Regulation Of Defense Response (GO:0031348),0.503540550672756,1.671782906880307,1.000000e-03,3.286783e-02,9.990000e-01,36/101,22.08%,ELANE;MEFV;NLRP3;FPR2;NLRP12;AOAH;ALOX5;IL10RA;PTGIS;IRAK3;PTGER4;NLRC3;APOE;SIRPA;METRNL;IL10;PRKCD;TNFAIP8L2;GHSR;SAA1;TNFAIP6;PPARG;NR1H3;TRIM21;TEK;CYLD;TNFAIP3;ZDHHC18;ELF4;MAPK7;PPARD;TNFRSF1A;GATA3;ENPP3;ISL1;FNDC4
prerank,Positive Regulation Of Macrophage Migration (GO:1905523),0.6895157998727552,1.6711593554601003,9.584665e-03,3.298631e-02,9.990000e-01,13/18,20.47%,CCL5;P2RY12;CCL3;THBS1;CSF1R;CMKLR1;TREM2;CSF1;MAPK1;RARRES2;CX3CL1;MAPK3;P2RX4
prerank,Positive Regulation Of NF-kappaB Transcription Factor Activity (GO:0051092),0.4902636347680951,1.6696247701075118,1.000000e-03,3.335261e-02,9.990000e-01,45/144,18.27%,TRIM58;IL18RAP;NLRP3;PRKCB;S100A12;NOD2;CD40LG;BTK;LTF;TLR2;TLR4;IL1B;CARD16;NLRC4;CLEC7A;TNF;IRAK3;RFPL4A;CLU;RFPL4AL1;NTSR1;RIPK3;IL18R1;IL6;IRAK2;TLR9;LGALS9;MYD88;CARD11;NTRK1;CD36;HSPA1B;HSPA1A;CD40;TLR6;TRAF1;TRIM22;PYCARD;TRIM21;TRIM38;MTPN;IL1RAP;PLCG2;IKBKG;CX3CL1
prerank,Calcium Ion Homeostasis (GO:0055074),0.5135320437300805,1.6691626650348679,1.218027e-03,3.339344e-02,9.990000e-01,27/95,10.97%,ELANE;CCL13;CCL5;CCL23;SNCA;CSRP3;CCL8;CCL3;CCL15;CCR1;CCL7;CCL14;SLC24A4;CCL11;CXCL12;TRDN;SLC8A2;CCL19;ALPL;CASQ2;PTH1R;SLC8A3;ATP2A1;CCR2;ATP2A3;SLC24A3;HTR2A
prerank,Positive Regulation Of NIK/NF-kappaB Signaling (GO:1901224),0.5567652461709971,1.6687099284101554,1.322751e-03,3.340588e-02,9.990000e-01,23/53,18.24%,MMP8;NLRP3;NLRP12;NOD2;LAPTM5;TLR2;CD86;TLR4;TLR7;IL1B;CCL19;TNF;CD27;LIMS1;TLR9;LGALS9;IL12B;TNFSF14;ILK;PYCARD;RHOA;IFI35;TCIM
prerank,Outflow Tract Septum Morphogenesis (GO:0003148),-0.5521834726863996,-1.6684747445974113,2.064897e-02,1.327037e-01,9.970000e-01,4/23,1.73%,NELL1;LRP2;TBX20;BMP4
prerank,protein-RNA Complex Assembly (GO:0022618),-0.39507468733609225,-1.6667811223970452,1.000000e-03,1.327598e-01,9.970000e-01,77/145,37.76%,SRPK3;SNRPG;SNRPD1;SNRPF;PRKDC;EIF3B;GCFC2;BOP1;SNRPE;CELF3;DENR;RRS1;RPS5;STRAP;TARBP2;EIF3H;LSM4;CPSF6;NOP2;EIF2S2;RPLP0;SRPK2;RPS19;KHDC4;TGS1;DDX1;EIF3E;SRPK1;GEMIN6;RPF2;PUF60;GEMIN2;RPL38;MRPS11;USP39;MDN1;POLR2D;TXNL4A;SRSF10;PRPF19;BRIX1;EIF6;CELF5;TRAF7;PTGES3;EIF3C;NCBP1;LUC7L2;RPL5;RPL6;MCTS1;COIL;EIF3J;LUC7L3;SNRPB;NLE1;TSSC4;RPSA;NUDT21;RRP7BP;MRPS7;GEMIN5;CPSF7;HSP90AB1;GEMIN7;NOL3;SMN1;SRSF9;PRMT7;CLNS1A;SNRNP200;HNRNPC;SART3;RPS15;ERAL1;EIF3M;RAMAC
prerank,Protein Kinase B Signaling (GO:0043491),0.644276724902384,1.6663578152128071,3.025719e-03,3.417228e-02,9.990000e-01,7/23,8.06%,CCL5;CCL3;IL1B;CCL2;TNF;TGFB1;PLK3
prerank,Regulation Of Angiogenesis (GO:0045765),0.47534528489924643,1.6660361212860932,1.000000e-03,3.421936e-02,9.990000e-01,68/190,18.88%,PF4;ITGAX;CXCL8;PRKCB;HMOX1;CXCL13;THBS1;ALOX5;FASLG;PTGIS;SERPINE1;STAB1;PIK3R6;EMILIN2;IL1B;NINJ1;LEP;PIK3CG;PIK3CD;PPP1R16B;CXCL10;SPARC;TNFSF12;GRN;HLA-G;HHEX;ANGPTL4;CCR2;GLUL;SERPINF1;RGCC;VEGFC;PLXND1;IL6;ADAMTS1;PDE3B;THBS2;DCN;ECM1;SULF1;CYP1B1;APLNR;PPARG;FLT1;HK2;FOXO4;CD40;LRG1;FGF1;CHI3L1;ETS1;CTSH;GPNMB;FGF2;XBP1;ECSCR;BTG1;CEMIP2;TEK;RNH1;HSPB6;TNFAIP3;RUNX1;HIPK2;MECP2;CD34;WARS1;RHOJ
prerank,Calcium-Mediated Signaling (GO:0019722),0.520187655355053,1.6628157441156484,1.000000e-03,3.533415e-02,9.990000e-01,31/82,18.92%,AZU1;P2RY12;FPR2;FCGR3A;CXCL8;CCL3;CXCR4;PTPRC;SELP;CCR5;BTK;DMTN;VCAM1;P2RX7;LAT2;CLU;MCTP1;PTPRJ;SELE;NMUR1;PRNP;LRRK2;CCR6;DEFB1;EDNRB;MCTP2;PPP1R9B;PLCG2;SAMD14;SLC8A1;AGTR1
prerank,Regulation Of Natural Killer Cell Activation (GO:0032814),0.6959690411945527,1.6626626919331444,1.716069e-02,3.527226e-02,9.990000e-01,10/16,14.71%,KLRD1;KLRC3;KLRC2;PTPN22;KLRC1;TYROBP;LEP;ZNF683;IL12B;PRDM1
prerank,Cellular Response To Copper Ion (GO:0071280),0.677021165178994,1.660588026801099,7.961783e-03,3.598277e-02,9.990000e-01,7/16,15.56%,SNCA;MT1H;MT1A;MT2A;MT1M;PRNP;MT1G
prerank,Positive Regulation Of Phosphatidylinositol 3-Kinase Signaling (GO:0014068),0.5337892186819861,1.6605211696442987,1.000000e-03,3.588547e-02,9.990000e-01,26/67,16.87%,CCL5;OSM;FGR;HCST;NCF1;SELP;PIK3AP1;TNF;LEP;TREM2;FLT3;PTPN6;SEMA4D;FN1;FGFR1;NTRK1;NTRK3;DCN;PDGFD;FLT1;F2R;FGF2;DDR2;HCLS1;TEK;ROR2
prerank,Positive Regulation Of I-kappaB kinase/NF-kappaB Signaling (GO:0043123),0.48009751001645146,1.6599449987999697,1.000000e-03,3.603326e-02,9.990000e-01,65/170,25.47%,TRIM58;PRKCB;HMOX1;S100A12;FASLG;NOD2;HLA-DRB1;LTF;CD4;CARD16;UBD;CD74;CCL19;CLEC7A;TNF;PIM2;RFPL4A;LTB;CCR7;CASP1;RFPL4AL1;SECTM1;LITAF;TLR9;LGALS9;CLEC6A;MYD88;CARD11;TMEM106A;CCL21;FLNA;LGALS1;ECM1;CD40;MAP3K3;TLR6;F2R;PELI1;TRIM22;TRIM21;ALPK1;CASP10;TRIM38;RHOA;IKBKG;CX3CL1;CFLAR;APOL2;IFIT5;TNFRSF1A;S100B;CASP8;CCDC22;TAB2;SHISA5;WLS;IKBKE;TRIM25;TRADD;BIRC3;TNIP2;PINK1;NEK6;GPRC5B;TRIM68
prerank,Regulation Of Reactive Oxygen Species Biosynthetic Process (GO:1903426),0.6347231334668331,1.6595827151977642,3.034901e-03,3.605827e-02,9.990000e-01,9/24,13.67%,MMP8;SNCA;ALOX5;TLR4;CYBA;ABCD2;CD36;SLC18A2;TLR6
prerank,Regulation Of Acute Inflammatory Response (GO:0002673),0.6893252444137212,1.6595058521323323,7.874016e-03,3.600720e-02,9.990000e-01,5/16,2.15%,OSM;NLRP3;PLA2G2D;FFAR2;DNASE1L3
prerank,Mitochondrial ATP Synthesis Coupled Electron Transport (GO:0042775),-0.4469677349275624,-1.6593275020194125,1.000000e-03,1.388716e-01,9.970000e-01,44/66,44.90%,NDUFB9;UQCC3;NDUFS6;COA6;COX6C;CYC1;CYCS;NDUFA9;COX5A;NDUFAB1;NDUFB2;NDUFB5;NDUFB3;NDUFA10;UQCRB;COX7C;COX7A2;SDHC;NDUFC2;COX6A1;NDUFV3;NDUFA12;NDUFB1;COX4I2;SDHA;NDUFAF1;UQCRH;NDUFC1;COX5B;NDUFA2;COX7B;UQCRQ;NDUFA5;NDUFB10;NDUFV1;UQCRFS1;NDUFS3;NDUFS4;UQCRC2;NDUFB7;NDUFA7;NDUFS1;NDUFS5;TAFAZZIN
prerank,G2/M Transition Of Mitotic Cell Cycle (GO:0000086),-0.48719044495991715,-1.6577033905532512,3.484321e-03,1.387202e-01,9.970000e-01,18/38,22.43%,FOXM1;PKMYT1;PLK1;PLCB1;CCNA2;CDK1;CCNB1;MELK;WEE1;BRSK1;TAF2;CDC25A;TPD52L1;AURKA;MASTL;ENSA;CDC25C;CDC25B
prerank,Cellular Response To Cadmium Ion (GO:0071276),0.6285629892099069,1.6574371901636475,5.908419e-03,3.674042e-02,9.990000e-01,10/22,19.91%,SLC11A1;NCF1;MT1H;MT1A;MMP9;FOS;MAPK1;MT1G;JUN;MAPK3
prerank,Neuromuscular Synaptic Transmission (GO:0007274),-0.5980277725894014,-1.6569808605731084,1.856764e-02,1.375199e-01,9.970000e-01,6/17,5.66%,CHRNA3;RIMBP2;CHRNB4;ERC2;DTNA;CHRNB2
prerank,Cholesterol Efflux (GO:0033344),0.6718544796101461,1.6565504731880205,1.990812e-02,3.698623e-02,9.990000e-01,12/19,24.94%,APOA4;APOA2;APOC2;APOC1;APOE;SOAT1;ABCG1;NPC2;ABCA7;STX12;NPC1;ABCA8
prerank,Positive Regulation Of MAP Kinase Activity (GO:0043406),0.5088575745272239,1.6558370157506663,1.277139e-03,3.713123e-02,9.990000e-01,30/89,16.49%,ELANE;S100A12;THBS1;NOD2;DIRAS2;PIK3R5;NTF3;TLR4;PIK3R6;IL1B;CCL19;TNF;TGFB1;PIK3CG;FLT3;FGFR1;TLR9;NTRK3;PDGFD;RASGRP1;FLT1;CD40;TLR6;FGF1;FGF2;LRRK2;ERN1;MAP3K10;NEK10;MEF2C
prerank,Regulation Of Lipid Storage (GO:0010883),0.6721873023604779,1.654724899804674,1.384615e-02,3.753318e-02,9.990000e-01,13/19,27.34%,ITGB3;LCP1;TNF;NFKBIA;IL6;PPARG;C3;ZC3H12A;IKBKE;APOB;FBXW7;PLIN5;NFKB1
prerank,Regulation Of Interleukin-17 Production (GO:0032660),0.6051638932501148,1.6541264495376538,8.670520e-03,3.767257e-02,9.990000e-01,17/30,17.21%,OSM;NOD2;SLAMF6;IFNG;VSIR;TLR4;TGFB1;LY9;NCKAP1L;IL6;MYD88;IL12B;FOXP3;PRNP;TNFSF4;RFTN1;IL15
prerank,Negative Regulation Of Biomineral Tissue Development (GO:0070168),0.6626871271398149,1.653284982755422,7.961783e-03,3.793027e-02,9.990000e-01,9/19,16.87%,CCL3;SRGN;CCR1;TGFB1;GREM1;PTK2B;ECM1;ENPP1;GAS6
prerank,Positive Regulation Of Antigen Receptor-Mediated Signaling Pathway (GO:0050857),0.6653562302759484,1.6527753775276568,7.575758e-03,3.803785e-02,9.990000e-01,16/20,26.98%,CD226;PRKCB;PTPRC;NFAM1;TRAT1;LCK;TESPA1;CARD11;CD81;IKBKG;KCNN4;PRKCH;RAB29;FOXP1;PRKD2;NECTIN2
prerank,Glycosaminoglycan Metabolic Process (GO:0030203),0.6301778461599729,1.6523446908194188,4.291845e-03,3.807666e-02,9.990000e-01,13/27,19.68%,HS3ST2;FUCA1;CHST9;HS3ST3A1;HAS1;GNS;HS3ST3B1;HEXB;UGDH;XYLT1;HEXA;SGSH;IDUA
prerank,Regulation Of Calcium Ion Transport (GO:0051924),0.5572620392956283,1.6520698587892715,3.978780e-03,3.808571e-02,9.990000e-01,31/54,21.20%,CCL5;CASQ1;CCL3;EFHB;LILRB2;CCL4;CD33;CCR1;FFAR1;CD4;CD84;LILRA2;FCRL3;IL16;LILRB1;EPB41;F2R;STC1;PLN;ORAI1;HRC;INPP5K;SARAF;STIM2;ATP2B1;HOMER3;GRIN3B;P2RX4;PKD2;SLC8B1;EGF
prerank,Regulation Of T Cell Mediated Cytotoxicity (GO:0001914),0.5853035735866076,1.6516989577711427,8.356546e-03,3.813590e-02,9.990000e-01,19/35,15.67%,KLRD1;PTPRC;HLA-DRB1;IL12RB1;KLRC1;HLA-DRA;HLA-E;HLA-B;HLA-C;HLA-F;HLA-A;LILRB1;HLA-G;RIPK3;IL12B;MICB;STX7;CD1D;HFE
prerank,Regulation Of DNA-templated DNA Replication (GO:0090329),-0.5766005075733691,-1.6511228173853156,8.695652e-03,1.421519e-01,9.980000e-01,10/17,27.08%,TICRR;MCM4;MCM7;GMNN;TIPIN;MCIDAS;BLM;MCM3;CDT1;METTL4
prerank,Intracellular Monoatomic Cation Homeostasis (GO:0030003),0.4711779856339459,1.6499701418557413,1.000000e-03,3.879894e-02,9.990000e-01,59/177,19.54%,ALAS2;ELANE;CCL13;CCL5;CCL23;SLC11A1;CSRP3;CCL8;CCL3;HMOX1;CCL15;CCR1;CCL7;CCL14;SLC24A4;CCL11;HAMP;CXCL12;ATP12A;TRDN;SLC8A2;BMP6;CCL19;LCK;TMC8;CASQ2;PTH1R;SLC8A3;B2M;ATP1B2;ATP2A1;CCR2;ATP2A3;SLC24A3;FTL;SLC40A1;HTR2A;CYBRD1;MT2A;TFR2;FTH1;CD40;ATP1A2;PRNP;STC1;PLN;HFE;FXYD2;ATP6AP1;PICALM;ATP6V0D1;SLC46A1;KCNJ2;HJV;RGN;SLC8A1;FBXL5;STIM2;ATP1B3
prerank,Positive Regulation Of GTPase Activity (GO:0043547),0.4682840100053069,1.649493897727712,1.000000e-03,3.893730e-02,9.990000e-01,84/224,20.96%,ODAM;PRTN3;CCL13;CCL5;CCL23;RASGRP4;CCL8;CCL3;CCL18;CCL15;CCL4;CXCL13;PREX1;CCL7;CCL14;CCL11;RSU1;CCL26;RGS10;RASGRP2;NTF3;DOCK8;CCL2;CCL19;ARHGAP25;GMIP;CCL24;GPR65;DOCK10;RHOG;ARHGAP45;RAPGEF1;TBC1D10C;AGAP2;CCR7;FOXJ1;RGS9;SEMA4D;LIMS1;SIPA1;RGS6;CCL21;TBC1D9;NTRK1;NTRK3;RASGEF1B;ARAP1;SGSM1;RGL1;RASGRP1;CD40;THY1;SH3BP1;F2R;MAPRE2;DOCK11;SNX18;SIPA1L1;TIAM2;RASGRP3;TBC1D17;TBC1D14;RAP1A;SNX9;PICALM;CCL22;RALGDS;CORO1C;CX3CL1;RGL4;RGS11;SRGAP3;ARHGAP24;TBC1D22A;TBC1D10A;TBC1D10B;NDEL1;SIPA1L3;ARHGEF15;FLCN;ARHGAP22;RASGRF2;TBC1D1;RASGEF1A
prerank,Regulation Of Protein Phosphorylation (GO:0001932),0.45870553444353956,1.6490790487351132,1.000000e-03,3.895236e-02,9.990000e-01,85/245,19.92%,ODAM;MARCO;ITLN1;ITGB3;FPR2;FGR;ITGB2;FGF5;ROPN1L;FGF9;PLAUR;CSF1R;HLA-DRB1;TTN;CD4;DAB2;IL1B;MMP9;CD74;TNF;TGFB1;BST1;LEP;P2RY1;RSPO1;FAXDC2;TREM2;FYN;MOB1B;SEMA4D;SIRPA;BMP2;FN1;LEPR;KNDC1;VEGFC;MOB3C;FBLN1;CCND3;ENG;MOB3A;PECAM1;NIBAN1;LIMK2;LYN;MOB3B;PRR5L;NTRK1;NTRK3;ARRB1;STK4;FKBP8;RASGRP1;TMEM119;MYADM;CCND2;CD40;SOCS1;FGF1;PRNP;TSPYL2;AKT2;GPNMB;FGF2;SESN2;ILK;LRRK2;CRKL;CDKN1A;TEK;HRC;PLPP3;GAS6;INPP5K;RARRES2;FAM20A;CORO1C;PTEN;FGF10;C3;BMPER;FLOT1;TESK1;MAPK3;FLCN
prerank,Establishment Of Mitotic Spindle Localization (GO:0040001),-0.5031056292488312,-1.6489571468701016,3.389831e-03,1.425748e-01,9.980000e-01,11/34,13.11%,PKHD1;SAPCD2;MAD2L1;PLK1;NDC80;MISP;ESPL1;GPSM2;SPDL1;CENPA;NUSAP1
prerank,Intracellular Steroid Hormone Receptor Signaling Pathway (GO:0030518),0.5794147424945644,1.6483704956452132,7.022472e-03,3.911848e-02,9.990000e-01,9/38,17.91%,DEFA3;DEFA1;ESR1;WBP2;NCOA4;ZMIZ1;MAPK1;PADI2;CALCOCO1
prerank,Acylglycerol Homeostasis (GO:0055090),0.6859781641995109,1.6473858017349503,1.397516e-02,3.940821e-02,9.990000e-01,9/17,14.60%,APOA4;LCP1;APOC2;CETP;APOE;ANGPTL4;LIPC;NR1H3;GCKR
prerank,Positive Regulation Of Endothelial Cell Apoptotic Process (GO:2000353),0.7002136108625242,1.6470475396559683,9.787928e-03,3.945059e-02,9.990000e-01,9/15,14.99%,THBS1;FASLG;CD40LG;CCL2;ITGA4;HLA-G;RGCC;CD40;ECSCR
prerank,Cardiac Muscle Tissue Morphogenesis (GO:0055008),0.606426546713153,1.6435127400044423,7.256894e-03,4.086675e-02,1.000000e+00,15/29,11.90%,MYL2;MYH7;ANKRD1;TCAP;TTN;MYL3;TGFB1;NKX2-5;MYLK2;S1PR1;MYBPC3;TNNC1;BMP2;ENG;NOG
prerank,Regulation Of Response To Biotic Stimulus (GO:0002831),0.6071082159631734,1.6427429973562127,8.759124e-03,4.107680e-02,1.000000e+00,17/31,28.93%,FCGR2B;FGR;PTPN22;TREM2;IRF1;SAMHD1;DAPK1;CD36;HERC5;CX3CL1;CASP8;CD55;BIRC3;FOXP1;RNF135;N4BP1;TRAF3
prerank,Cell Cycle G2/M Phase Transition (GO:0044839),-0.47623766670225626,-1.6424900386058192,7.407407e-03,1.479861e-01,9.980000e-01,18/40,22.43%,FOXM1;PKMYT1;PLK1;PLCB1;CCNA2;CDK1;CCNB1;MELK;WEE1;BRSK1;TAF2;CDC25A;TPD52L1;AURKA;MASTL;ENSA;CDC25C;CDC25B
prerank,Positive Regulation Of Cell Adhesion (GO:0045785),0.5079370873849534,1.642481282661156,6.226650e-03,4.108229e-02,1.000000e+00,31/84,18.66%,AZU1;IBSP;CCL5;P2RY12;ADAM8;FOXC2;LIF;SIRPG;CXCL12;RSU1;TNF;NCKAP1L;ALOX15;CCR7;FUT7;PTPRJ;LIMS1;CCDC80;CCL21;STX4;SYK;IL12B;SAA1;VIT;TFE3;PPM1F;FBLN2;PLPP3;SMAD7;NDNF;TPM1
prerank,"Maturation Of SSU-rRNA From Tricistronic rRNA Transcript (SSU-rRNA, 5.8S rRNA, LSU-rRNA) (GO:0000462)",-0.5137647516175384,-1.634945309416,1.086957e-02,1.552862e-01,9.980000e-01,16/30,30.91%,DCAF13;RRS1;RPS21;WDR43;UTP20;RPS19;RPP40;MRPS11;NOL10;BMS1;HEATR1;RPS8;UTP25;TBL3;TSR1;UTP4
prerank,Negative Regulation Of Lipid Metabolic Process (GO:0045833),0.6228591946447231,1.6337226198479582,4.360465e-03,4.499299e-02,1.000000e+00,8/23,12.95%,APOA2;APOC2;IL1B;TNF;APOC1;APOD;PDE3B;HCAR2
prerank,Left/Right Pattern Formation (GO:0060972),0.598889468416575,1.6336512582649796,4.316547e-03,4.488714e-02,1.000000e+00,10/30,16.52%,DNAAF1;CFC1;DNAI1;DNAI2;PIERCE1;FOXJ1;ODAD2;MMP23A;CFAP53;DNAH5
prerank,Mitotic Cytokinesis (GO:0000281),-0.44271043261091414,-1.6331418219597826,9.523810e-03,1.554540e-01,9.980000e-01,21/59,19.12%,KIF23;BIRC5;ANLN;KIF20A;CEP55;PLK1;KIF4A;CIT;ESPL1;RACGAP1;RTKN;CKAP2;ECT2;CDCA8;CENPA;NUSAP1;KIF4B;STAMBP;STMN1;INCENP;EXOC6B
prerank,Insulin Secretion (GO:0030073),-0.5770324388130246,-1.631830845658415,2.638522e-02,1.547379e-01,9.980000e-01,4/18,4.01%,RIMS2;FAM3B;GAL;SLC30A8
prerank,Positive Regulation Of Epithelial To Mesenchymal Transition (GO:0010718),0.5532756825163596,1.6314108421636895,2.820874e-03,4.588012e-02,1.000000e+00,15/47,14.61%,SERPINB3;DAB2;IL1B;TGFB1;GLIPR2;SDCBP;SNAI1;COL1A1;BMP2;RGCC;IL6;LOXL2;LRG1;TGFBR2;PDPN
prerank,Negative Regulation Of Wound Healing (GO:0061045),0.6197459449520477,1.6303860164773194,1.059002e-02,4.626457e-02,1.000000e+00,10/25,14.48%,MYOZ1;SERPINE2;ALOX5;THBD;SERPINE1;MMRN1;TNF;APOE;VTN;FGF2
prerank,Positive Regulation Of Cellular Catabolic Process (GO:0031331),0.4833212364798604,1.6298773937098077,1.142857e-03,4.638722e-02,1.000000e+00,38/137,17.99%,TRIM58;MEFV;SNCA;APOA4;TNFRSF1B;ADAM8;LAPTM5;IFNG;APOC2;IL1B;P2RX7;TNF;PIM2;RFPL4A;ABCD2;APOE;RFPL4AL1;GTPBP1;PRKCD;PRR5L;DAPK1;DCN;IRS2;AKT2;LRRK2;TFEB;TRIM22;FURIN;TRIM21;DHRSX;TP53INP1;TRIM38;SNX9;PNPLA2;FOXO1;PLEKHF1;SVIP;FOXO3
prerank,Negative Regulation Of DNA-binding Transcription Factor Activity (GO:0043433),0.47712223386132074,1.629166345627005,1.000000e-03,4.663290e-02,1.000000e+00,44/139,16.97%,ADGRG3;NWD1;NLRP3;NLRP12;TMIGD3;ADORA3;HAVCR2;ARRB2;SPI1;PTGIS;EOMES;CMKLR1;GFI1;TMSB4X;IRAK3;NFKBIA;ESR1;NLRC3;SFRP4;FOXJ1;NFKBIE;PIM1;NUPR1;IRAK2;TLR9;CARD8;FLNA;ARRB1;ID2;CYP1B1;NLRC5;FOXP3;BCL3;PRNP;TNFSF4;LRRK2;TNFRSF4;MAP3K10;PYCARD;TRIM21;CYLD;TNFAIP3;GAS6;CD200
prerank,Intracellular Iron Ion Homeostasis (GO:0006879),0.5513173359275445,1.6274998248399966,8.321775e-03,4.739312e-02,1.000000e+00,18/46,19.21%,ALAS2;SLC11A1;HMOX1;HAMP;BMP6;B2M;FTL;SLC40A1;CYBRD1;TFR2;FTH1;HFE;ATP6AP1;PICALM;ATP6V0D1;SLC46A1;HJV;FBXL5
prerank,Peptidyl-Tyrosine Modification (GO:0018212),0.532659293915566,1.6271094045590295,2.762431e-03,4.746665e-02,1.000000e+00,24/54,16.19%,FGR;CSF1R;HCK;BTK;ZAP70;FES;LCK;JAK3;ABI3;FLT3;FYN;PTPN6;PTK2B;FGFR1;LYN;NTRK1;SYK;TPST2;FLT1;BLK;DDR2;EFEMP1;TEK;CLK1
prerank,Zinc Ion Transmembrane Transport (GO:0071577),-0.5689344076951348,-1.6269815917663801,2.523659e-02,1.589541e-01,9.990000e-01,4/19,7.17%,SLC39A2;SLC30A8;SLC39A4;SLC39A5
prerank,Regulation Of Membrane Protein Ectodomain Proteolysis (GO:0051043),0.6431881204501545,1.6256369279148406,1.757188e-02,4.810011e-02,1.000000e+00,12/21,17.07%,TNFRSF1B;TIMP3;TIMP1;IFNG;IL1B;TNF;APOE;IL10;TIMP2;FURIN;SNX9;TIMP4
prerank,DNA Replication Checkpoint Signaling (GO:0000076),-0.5986425154324241,-1.6248588229115777,2.601156e-02,1.596631e-01,9.990000e-01,11/17,30.61%,TICRR;CDC45;TIMELESS;CDC6;DNA2;TIPIN;NAE1;CLSPN;CDT1;ORC1;RAD17
prerank,Establishment Of Spindle Orientation (GO:0051294),-0.4942225783223784,-1.6247374990605634,1.038062e-02,1.577738e-01,9.990000e-01,10/33,11.86%,PKHD1;SAPCD2;MAD2L1;PLK1;NDC80;MISP;GPSM2;SPDL1;LLGL2;CENPA
prerank,Regulation Of Erythrocyte Differentiation (GO:0045646),0.5784465129265943,1.6235249029497951,1.133144e-02,4.901898e-02,1.000000e+00,16/35,17.99%,GATA1;SPI1;TAL1;ZFP36;RHEX;NCKAP1L;MAFB;LYN;HSPA1B;HSPA1A;STAT5B;ETS1;ZFP36L1;HMGB2;INHBA;FOXO3
prerank,Regulation Of Cardiac Muscle Cell Action Potential (GO:0098901),-0.517906499677398,-1.622732273150328,9.523810e-03,1.578571e-01,9.990000e-01,17/27,24.59%,DSP;CXADR;NOS1AP;DSG2;ANK2;HCN3;CAV1;JUP;DSC2;ATP2A2;TMEM161B;PKP2;RYR2;DLG1;FGF13;GJA5;CAMK2D
prerank,Negative Regulation Of RNA Biosynthetic Process (GO:1902679),0.6858007414519913,1.6223544085411634,2.024922e-02,4.949735e-02,1.000000e+00,9/16,17.08%,APOBEC3A;APOBEC3B;APOBEC3G;APOBEC3C;APOBEC3H;APOBEC3D;APOBEC3F;RESF1;INPP5K
prerank,Positive Regulation Of Macromolecule Biosynthetic Process (GO:0010557),0.4769156316016833,1.6213830458812928,2.298851e-03,4.991767e-02,1.000000e+00,38/116,21.20%,AZU1;NLRP12;CD28;THBS1;NOD2;IFNG;SLC25A37;TLR2;TLR4;IL1B;CCL2;CCL19;CIITA;VIM;IL33;RGCC;IL6;TLR9;TMEM106A;NIBAN1;CCL21;NLRC5;BCL3;IRS2;AKT2;FGF2;NAMPT;XBP1;LARP6;FCER2;MTPN;SAMD4A;AKR1B1;SMOC2;DDX3X;JAK2;FGFR4;EGF
prerank,Aerobic Electron Transport Chain (GO:0019646),-0.4413166856860479,-1.6213321943510022,4.651163e-03,1.577287e-01,9.990000e-01,40/64,43.63%,NDUFB9;UQCC3;NDUFS6;COX6C;CYC1;CYCS;NDUFA9;COX5A;NDUFAB1;NDUFB2;NDUFB5;NDUFB3;NDUFA10;UQCRB;COX7C;COX7A2;SDHC;NDUFC2;COX6A1;NDUFV3;NDUFB1;COX4I2;SDHA;NDUFAF1;UQCRH;NDUFC1;COX5B;NDUFA2;COX7B;UQCRQ;NDUFA5;NDUFB10;NDUFV1;UQCRFS1;NDUFS3;NDUFS4;UQCRC2;NDUFB7;NDUFA7;NDUFS1
prerank,Regulation Of Cell Adhesion Mediated By Integrin (GO:0033628),0.5800089570704072,1.6208934357268308,1.161103e-02,5.005172e-02,1.000000e+00,13/33,12.84%,P2RY12;FOXC2;FERMT3;LIF;SERPINE1;JAM3;PIK3CG;NCKAP1L;PDE3B;CCL21;LYN;SYK;CYP1B1
prerank,Negative Regulation Of Type I Interferon Production (GO:0032480),0.5708958366412246,1.619637559213509,9.831461e-03,5.055320e-02,1.000000e+00,11/36,16.59%,LILRA4;HAVCR2;TYROBP;RNF125;NLRC3;LILRB1;SIRPA;RELB;IL10;PYCARD;CYLD
prerank,Negative Regulation Of Viral Process (GO:0048525),0.5256618346721199,1.6191422019009056,5.154639e-03,5.069288e-02,1.000000e+00,20/57,20.38%,CCL5;APOBEC3A;LTF;IFITM2;OASL;TNF;ZFP36;APOBEC3G;APOBEC3C;APOBEC3H;SLPI;ISG20;IFITM3;APOBEC3F;IFITM1;TRIM21;ZNFX1;TNIP1;PITX3;IFIT5
prerank,Negative Regulation Of Blood Vessel Morphogenesis (GO:2000181),0.5161154879187039,1.6187073534201808,5.174644e-03,5.080717e-02,1.000000e+00,20/68,16.00%,PF4;THBS1;ALOX5;FASLG;STAB1;CXCL10;SPARC;HLA-G;HHEX;CCR2;SERPINF1;RGCC;PDE3B;THBS2;DCN;SULF1;PPARG;FOXO4;ECSCR;TEK
prerank,Osteoclast Differentiation (GO:0030316),0.6319283268892888,1.6184224666146423,1.937407e-02,5.081456e-02,1.000000e+00,13/22,20.75%,OSCAR;CSF1R;TYROBP;TREM2;GPR183;BMP2;SNX10;CSF1;SBNO2;GAB2;ATP6AP1;OSTM1;DCSTAMP
prerank,Positive Regulation Of Interleukin-17 Production (GO:0032740),0.6420528142515854,1.617383288595215,1.654135e-02,5.120765e-02,1.000000e+00,12/20,21.00%,OSM;NOD2;SLAMF6;TGFB1;LY9;IL6;MYD88;IL12B;RFTN1;IL15;TYK2;JAK2
prerank,Response To Fibroblast Growth Factor (GO:0071774),0.6408653506475899,1.6170009231385603,1.957831e-02,5.123282e-02,1.000000e+00,8/19,14.52%,CCL5;CXCL8;EGR3;ZFP36;ZFP36L2;IER2;NR4A1;ZFP36L1
prerank,Regulation Of Single Stranded Viral RNA Replication Via Double Stranded DNA Intermediate (GO:0045091),0.6777085049293127,1.6169102564668494,1.259843e-02,5.114441e-02,1.000000e+00,10/17,17.08%,APOBEC3A;CXCL8;APOBEC3B;APOBEC3G;APOBEC3C;APOBEC3H;APOBEC3D;APOBEC3F;RESF1;INPP5K
prerank,Recombinational Repair (GO:0000725),-0.40818163893366105,-1.616707206886501,1.000000e-03,1.612198e-01,9.990000e-01,47/94,35.98%,RAD54B;RECQL4;TONSL;RAD51AP1;XRCC2;GEN1;SEM1;FEN1;RBBP8;RAD51;MMS22L;RMI2;BRCA1;NABP2;RPA3;BLM;RMI1;PALB2;BRCA2;EID3;XRCC3;FSCN1;NSMCE2;MCM8;RECQL5;SPIDR;MRE11;KDM4D;ZMYND8;RAD51D;SMC6;RAD51B;LIG3;PSMD14;RAD52;NSMCE4A;WRN;UBE2N;SMC5;RAD51C;AUNIP;EXD2;MCM9;REV3L;SLF1;XRCC6;SFR1
prerank,Triglyceride Homeostasis (GO:0070328),0.6351172159650388,1.6164323831633258,1.829268e-02,5.127466e-02,1.000000e+00,11/23,15.81%,APOA4;LCP1;APOC2;CETP;APOE;ANGPTL4;LIPC;NR1H3;GCKR;XBP1;DGAT2
prerank,Regulation Of ERK1 And ERK2 Cascade (GO:0070372),0.4541788075938004,1.616300657910835,1.000000e-03,5.118663e-02,1.000000e+00,91/223,19.35%,MARCO;CCL13;CCL5;CCL23;FPR2;CCL8;TIMP3;CCL3;CCL18;C5AR1;CCL15;CCL4;PTPRC;CCR1;ARRB2;CCL7;NOD2;CCL14;CCL11;CSF1R;HLA-DRB1;CCN2;CD4;PTPN22;CCL26;TLR4;SLAMF1;IL1B;CCL2;CD74;CCL19;TNF;TGFB1;SCIMP;P2RY1;CCL24;GLIPR2;TREM2;GPR183;PTPRR;ALOX15;CCR7;APOE;GBP1;PTPN6;SIRPA;BMP2;FN1;PTK2B;OPRM1;LGALS9;FBLN1;HTR2A;CCL21;LYN;NTRK1;NTRK3;ARRB1;CD36;SYK;PDGFD;RASGRP1;ICAM1;FGF1;EPHB1;F2R;CHI3L1;GPNMB;FGF2;DDR2;RGS14;DUSP3;CRKL;PYCARD;TEK;NEK10;RAMP3;RAP1A;ROR2;GAS6;CCL22;PLA2G5;SEMA7A;TNIP1;CX3CL1;PTEN;FGF10;PSCA;DDT;GPR55;BMPER
prerank,Response To Copper Ion (GO:0046688),0.6375506742695215,1.6136884636967257,2.056962e-02,5.249984e-02,1.000000e+00,8/20,15.56%,SNCA;MT1H;MT1A;MT2A;LOXL2;MT1M;PRNP;MT1G
prerank,Negative Regulation Of Smooth Muscle Cell Proliferation (GO:0048662),0.5779605729373528,1.6131952096077165,1.404494e-02,5.260917e-02,1.000000e+00,26/36,26.49%,HMOX1;IFNG;IGFBP5;AIF1;APOD;APOE;BMP2;IL10;IL12B;SOD2;CNN1;PPARG;EFEMP2;CDKN1A;MEF2C;TNFAIP3;TPM1;PTEN;ANG;CDKN1B;TRIB1;PPARGC1A;APLN;PTGIR;PDCD4;IL12A
prerank,Regulation Of Cell Motility (GO:2000145),0.4864419744666837,1.6128909721601126,1.218027e-03,5.262202e-02,1.000000e+00,32/108,14.48%,ADGRG3;SERPINE2;CSRP3;FGF5;WAS;FGF9;CSF1R;TNN;SPOCK3;SPOCK2;CCL19;TGFB1;TMSB4X;FES;NTN1;DOCK10;ENPP2;FYN;CCR7;ARHGAP18;PLXNC1;PLXND1;FBLN1;BEX4;KIF2A;CCL21;FLNA;TNC;MGAT3;FGF1;AKT2;FGF2
prerank,Negative Regulation Of I-kappaB kinase/NF-kappaB Signaling (GO:0043124),0.5684238552637112,1.6127276409900027,1.075269e-02,5.256308e-02,1.000000e+00,18/40,23.24%,NLRP12;ARRB2;LILRB4;TREM2;ESR1;NLRC3;CARD8;PER1;TNIP3;CARD19;RHOH;PYCARD;TNFAIP3;TNIP1;RIOK3;CASP8;CCDC22;ZC3H12A
prerank,Negative Regulation Of Cell Cycle Process (GO:0010948),-0.5025817516762486,-1.6109738767561876,3.472222e-03,1.667392e-01,9.990000e-01,9/31,11.04%,BMP4;CHMP4C;CHEK1;NEK2;FBXO43;E2F7;ESPL1;TOM1L1;GPER1
prerank,Positive Regulation Of Peptidyl-Tyrosine Phosphorylation (GO:0050731),0.4782389744866137,1.6102664468858956,2.352941e-03,5.379961e-02,1.000000e+00,47/114,19.04%,CCL5;OSM;ITGB3;GATA1;PTPRC;CSF1R;LIF;IFNG;NTF3;BMP6;CD74;TNF;TGFB1;FCGR1A;CASS4;GREM1;ACE;TREM2;FLT3;ENPP2;ITGA5;SEMA4D;PTPRJ;PTK2B;IL6R;IL6;CLEC6A;GH2;PECAM1;LYN;TSLP;TNFRSF14;IL12B;CD80;CD81;CD40;PRNP;VTN;DLG4;HCLS1;GAS6;PLCG2;IL15;TNK2;FGF10;IL6ST;CSHL1
prerank,Regulation Of Response To External Stimulus (GO:0032101),0.4788710801357323,1.609208165237853,2.433090e-03,5.421844e-02,1.000000e+00,49/115,22.40%,P2RY12;FCGR2B;FGR;CXCR4;ALOX5;NOD2;HCK;PIK3AP1;GNAT1;AKNA;PTPN22;GP1BA;CARD16;BST1;TMSB4X;TREM2;PTGS2;ALOX15;GRN;CASP1;NLRP1;IRF1;CCR2;NLRP14;SELE;MYD88;SAMHD1;CD36;SBNO2;TNC;F2R;TNFSF4;NLRP6;CASP4;HERC5;CYLD;BCL6;SEMA7A;CX3CL1;LACC1;AGTR1;IL1R1;P2RX4;JAK2;CASP8;PDGFRA;GGT1;GRK7;CD55
prerank,Regulation Of Endocytosis (GO:0030100),0.5163754171152317,1.6064939485677003,1.394170e-02,5.561213e-02,1.000000e+00,25/64,19.45%,OLFM4;SNCA;FGR;PTPRC;GPC3;HCK;DAB2;CCL19;APOE;LILRB1;MCTP1;LRP1;RUFY1;CDH13;CD177;TFR2;SYK;SYT11;LRPAP1;SMPD1;PACSIN1;PICALM;HIP1;OPHN1;FLOT1
prerank,Negative Regulation Of Response To External Stimulus (GO:0032102),0.4714029812418167,1.6046506924786197,1.000000e-03,5.661727e-02,1.000000e+00,49/128,23.43%,ELANE;MEFV;NLRP3;FPR2;NLRP12;AOAH;ALOX5;IL10RA;LTF;PTGIS;SERPINE1;MMRN1;CARD16;IRAK3;LILRA2;PTGER4;NLRC3;APOE;SIRPA;METRNL;IL10;PRKCD;TNFAIP8L2;CARD8;GHSR;RTN4RL1;SAA1;TNFAIP6;PPARG;NR1H3;FGF2;DUSP3;TRIM21;TEK;CYLD;TNFAIP3;ZDHHC18;ELF4;PTEN;MAPK7;PPARD;TNFRSF1A;GATA3;ENPP3;ISL1;FNDC4;TRIB1;DRD2;GBA1
prerank,Positive Regulation Of Phosphatase Activity (GO:0010922),0.6205169462051888,1.6035780680806504,2.973396e-02,5.704063e-02,1.000000e+00,8/22,17.78%,CD300A;PLEK;IFNG;BMP2;RIPK3;PPP1R15A;MEF2C;CALM3
prerank,Response To Molecule Of Bacterial Origin (GO:0002237),0.5084266256654284,1.6021742531906864,9.198423e-03,5.773594e-02,1.000000e+00,35/67,23.25%,SNCA;FCGR2B;SLC11A1;CXCL8;CD14;SELP;PTPN22;TLR4;IL1B;CD6;IRAK3;C4B;LY96;SLPI;IL10;CXCL2;SELE;IL6;TLR9;LGALS9;IRF5;F2R;HMGB2;PELI1;TNFAIP3;NOS2;CPS1;OTUD5;MAPKAPK2;GCH1;MAPKAPK3;JAK2;TAB2;TRIB1;NOS3
prerank,Regulation Of Phosphatidylinositol 3-Kinase Activity (GO:0043551),0.5664167552401159,1.6015410293004622,1.159420e-02,5.796896e-02,1.000000e+00,15/34,17.62%,P2RY12;FGR;NOD2;CCL19;TGFB1;FLT3;CCR7;PTK2B;CCL21;PIK3IP1;FLT1;CD19;FGF2;TEK;PIK3R1
prerank,Macrophage Differentiation (GO:0030225),0.6257199521049325,1.6013828670055685,3.067485e-02,5.789414e-02,1.000000e+00,15/21,21.30%,IL1RL1;CSF1R;LIF;HLA-DRB1;IFNG;CD4;MMP9;IL33;CSF1;SOCS1;CASP10;IL15;UCP2;GATA3;CASP8
prerank,Mitochondrial Respiratory Chain Complex Assembly (GO:0033108),-0.40286088903515893,-1.601213930002157,1.000000e-03,1.782142e-01,9.990000e-01,53/90,39.11%,SDHAF3;NDUFB9;UQCC3;COX19;NDUFAF2;SDHAF4;FOXRED1;COX20;NDUFA9;NDUFAF5;UQCC6;COX17;NDUFAF6;NDUFAB1;COA8;UQCC2;TMEM186;COA3;SLC25A33;COA1;TIMM21;NUBPL;NDUFB2;NDUFB5;LYRM2;COA5;NDUFB3;TMEM126B;NDUFA10;UQCC1;BCS1L;COX16;NDUFAF4;NDUFC2;UQCC4;NDUFB1;TMEM126A;NDUFAF1;NDUFC1;CHCHD7;NDUFAF8;DMAC2;PET117;OMA1;NDUFAF7;COX14;TMEM223;NDUFA2;NDUFA5;SAMM50;NDUFB10;LYRM7;UQCRFS1
prerank,Negative Regulation Of Catalytic Activity (GO:0043086),0.6075975954385571,1.6009656228572307,5.917160e-03,5.797778e-02,1.000000e+00,5/25,5.61%,SERPINB3;HP;GZMA;TIMP1;SERPINA5
prerank,Cytoskeleton-Dependent Cytokinesis (GO:0061640),-0.4102949294505192,-1.6007395586972961,5.319149e-03,1.767448e-01,9.990000e-01,26/79,20.41%,CECR2;NOX5;ROPN1B;KIF23;BIRC5;ANLN;KIF20A;CEP55;PLK1;KIF4A;CIT;ESPL1;RACGAP1;RTKN;CKAP2;ECT2;CDCA8;CENPA;NUSAP1;KIF4B;STAMBP;STMN1;INCENP;EXOC6B;ANK3;SPIRE2
prerank,Negative Regulation Of Cell Adhesion (GO:0007162),0.5048398426472438,1.5993994326264576,6.353240e-03,5.878447e-02,1.000000e+00,25/69,13.23%,PTPRC;B4GALNT2;RIPOR2;DMTN;DUSP1;SERPINE1;SPN;ADAMDEC1;PTPRO;JAM3;TGFB1;SPOCK1;RND1;LPXN;SEMA4D;PLXNC1;SIPA1;TGFBI;PLXND1;FBLN1;ACVRL1;PDE3B;CDH13;CYP1B1;CORO2B
prerank,Positive Regulation Of Actin Filament Polymerization (GO:0030838),0.5512340919974179,1.5991726473302534,1.650619e-02,5.876475e-02,1.000000e+00,22/39,22.22%,LMOD2;CCL11;HCK;CCL26;CCL24;NCKAP1L;CCR7;VASP;PTK2B;CCL21;CARMIL2;EVL;PYCARD;SNX9;CRACD;FCHSD2;BIN1;TENM1;FCHSD1;LMOD1;WASHC2C;PFN1
prerank,Response To Lipid (GO:0033993),0.47955296179765955,1.5988516524782683,4.872107e-03,5.878882e-02,1.000000e+00,49/105,21.97%,BGLAP;SNCA;SLC11A1;APOA4;SPP1;SELP;FFAR1;PTPN22;TLR4;IL1B;CD6;TGFB1;IRAK3;ALPL;CDKN2D;TREM2;ESR1;LY96;SLPI;SELE;LGALS9;CD36;SYK;PPARG;MICB;STAT5B;F2R;RARA;CTSH;HMGB2;PELI1;ABCG1;NOS2;PLCG2;FOXO1;CPS1;FOXO3;PAQR8;OTUD5;MAPKAPK2;GCH1;MAPKAPK3;ACER2;JAK2;FGFR4;RXRA;AQP3;ALDH1A2;TAB2
prerank,Prostaglandin Biosynthetic Process (GO:0001516),0.6591838647340864,1.5980080837398103,1.395349e-02,5.911521e-02,1.000000e+00,7/17,8.10%,PTGS1;PTGIS;TBXAS1;PTGDS;CD74;PTGS2;CBR1
prerank,Positive Regulation Of Metabolic Process (GO:0009893),0.48717186326990103,1.5979700550467817,6.060606e-03,5.897206e-02,1.000000e+00,27/98,14.65%,PTH2R;IGHA2;G0S2;IGHA1;CXCR4;IFNG;IRF4;FABP4;CEBPB;CMKLR1;JCHAIN;CLEC7A;TNF;LEP;ALPL;KDM6B;ADRB3;ACSL1;CCR2;TRPV2;LEPR;GATM;CD36;SYK;IL4R;ADIPOR1;LCN2
prerank,"Negative Regulation Of Gene Expression, Epigenetic (GO:0045814)",-0.4467942710847195,-1.597311748381784,1.606426e-02,1.793349e-01,9.990000e-01,13/47,19.43%,SDR16C5;CHEK1;UHRF1;HDAC9;HELLS;EZH2;MACROH2A2;HMGA2;SMYD5;LMNB2;CBX3;SUV39H2;POLE3
prerank,Negative Regulation Of Endocytosis (GO:0045806),0.5728873541086407,1.596921299493795,1.482480e-02,5.945173e-02,1.000000e+00,12/32,13.38%,PRTN3;FCGR2B;TLR2;APOC2;APOC1;PIP4P2;DYSF;LILRB1;SIRPA;MCTP1;SYT11;NR1H3
prerank,Dendritic Cell Differentiation (GO:0097028),0.6230776078118835,1.596500546468757,1.651652e-02,5.954745e-02,1.000000e+00,16/21,18.03%,PRTN3;UBD;CCL19;IRF8;TREM2;FLT3;CLU;CCR7;LILRB1;LGALS9;LYN;BATF2;TGFBR2;BATF;GAS6;BATF3
prerank,Mitotic Sister Chromatid Cohesion (GO:0007064),-0.5726749823318344,-1.5962297090254571,3.625378e-02,1.787967e-01,9.990000e-01,6/19,15.33%,DSCC1;ESCO2;CDCA5;SGO1;NAA50;RAD21
prerank,Homotypic Cell-Cell Adhesion (GO:0034109),0.5337460857741113,1.5960473944873232,6.561680e-03,5.966041e-02,1.000000e+00,25/45,23.79%,HBB;ITGB3;P2RY12;GATA1;PLEK;FERMT3;GP1BA;PIK3CG;MYL9;TLN1;FLNA;XG;ILK;ACTN1;VCL;PLPP3;MYH9;CD99;UBASH3B;MYL12A;PDGFRA;CLIC1;PIK3CB;CSRP1;GNAS
prerank,Antigen Processing And Presentation Of Peptide Antigen Via MHC Class I (GO:0002474),0.6506648287890568,1.5950681264917075,1.538462e-02,6.007880e-02,1.000000e+00,11/18,27.15%,FCER1G;CLEC4A;IFI30;ACE;B2M;HLA-A;HFE;TAP1;ERAP2;TAPBP;TAP2
prerank,Positive Regulation Of Cytokine-Mediated Signaling Pathway (GO:0001961),0.5517090226161595,1.594364509797277,1.506849e-02,6.031840e-02,1.000000e+00,21/42,23.97%,CXCR4;CD300LF;LAPTM5;CD74;GFI1;TXK;CASP1;CSF1;TSLP;HSPA1B;NLRC5;HSPA1A;NLRP6;CASP4;STING1;GAS6;AGPAT1;AXL;IKBKE;RNF185;WNT5A
prerank,Positive Regulation Of Neuron Death (GO:1901216),0.5724543168341781,1.5943078295537605,1.445087e-02,6.017938e-02,1.000000e+00,12/34,10.12%,SNCA;ITGAM;ITGB2;C1QA;CCL3;IFNG;TYROBP;TNF;CLU;FYN;GRN;NUPR1
prerank,Extracellular Matrix Organization (GO:0030198),0.46089735543845006,1.5942852453806413,1.000000e-03,6.004610e-02,1.000000e+00,53/167,16.87%,ELANE;IBSP;MMP8;CTSG;SMOC1;ADAM8;LOX;MMP19;TPSAB1;CTSS;DMP1;LCP1;SPOCK2;MMP9;TGFB1;DPT;ADAMTSL4;ADAMTS9;GREM1;COL13A1;ADAMTS18;MMP10;COL1A1;CCDC80;RECK;ADAMTS4;TGFBI;ADAMTS10;HAS1;ADAMTS1;MMP23B;KLK4;MMP23A;MMP12;CTSK;COL1A2;COL24A1;LOXL2;VIT;CYP1B1;TLL1;MMP3;COLQ;DDR2;FURIN;MMP2;CRTAP;COL5A1;MIA;LOXL4;LUM;COL8A2;GAS6
prerank,Positive Regulation Of Innate Immune Response (GO:0045089),0.5470174414962924,1.5940891798955135,2.051984e-02,5.999611e-02,1.000000e+00,20/43,23.97%,CCL5;FPR2;GBP5;TLR8;SPI1;SH2D1B;HLA-E;TASL;EREG;NLRC5;IFNK;STING1;CD1D;PLA2G5;IFI35;RIOK3;SLC15A4;IKBKE;RNF185;WNT5A
prerank,Retrotransposon Silencing (GO:0010526),0.6354586001712588,1.593090253023591,2.332815e-02,6.043310e-02,1.000000e+00,10/19,18.28%,TDRD9;APOBEC3B;APOBEC3G;APOBEC3C;APOBEC3H;APOBEC3D;APOBEC3F;TEX15;SPOCD1;TUT7
prerank,Actin Filament Organization (GO:0007015),0.4648903021815498,1.5923895112907318,2.275313e-03,6.064375e-02,1.000000e+00,56/137,20.41%,SPTA1;XIRP1;ACTA1;LMOD2;NRAP;XIRP2;LMOD3;MYO1F;RAC2;WAS;TCAP;TTN;DMTN;LCP1;VIL1;MYO1G;CORO1A;WIPF1;ARHGAP25;AIF1;CASS4;RND1;MYO7A;RFLNB;RHOG;NEB;ELMO1;VILL;ERMN;FLNA;GHSR;CARMIL2;RFLNA;SH3KBP1;CNN1;ACTC1;EVL;GAS2L2;SH3BP1;TPM2;MARCKS;HCLS1;ACTN1;PPP1R9B;BIN3;CORO1C;HIP1;SAMD14;TPM1;MYO5A;CAPG;GAS2;CNN2;ARPC4;LMOD1;TAGLN2
prerank,Response To Organic Cyclic Compound (GO:0014070),0.5224049478428495,1.5911373575735854,5.524862e-03,6.123321e-02,1.000000e+00,18/53,15.54%,CCL5;BGLAP;CCL3;SPP1;IL1B;CCL2;IGFBP5;TNF;TGFB1;ALPL;CDKN2D;CLU;ESR1;ARL6IP5;CYP1B1;STAT5B;ADORA2A;STING1
prerank,Positive Regulation Of Cytokinesis (GO:0032467),-0.49939677841103275,-1.590830946815607,1.351351e-02,1.838868e-01,9.990000e-01,20/34,25.23%,KIF23;KIF14;BIRC5;CIT;RACGAP1;OR2A4;GIPC1;OPN1MW;CENPV;CDC6;ECT2;CDCA8;TAS2R13;OPN1LW;INCENP;PKP4;CDC25B;MAP10;SPAST;CXCR5
prerank,Mitotic Spindle Assembly (GO:0090307),-0.4549843990022681,-1.5906628827628577,7.434944e-03,1.820005e-01,9.990000e-01,16/44,17.66%,KIF23;TPX2;BIRC5;KIF4A;MISP;RACGAP1;KIFC1;PRC1;CDCA8;KIFC2;KIF4B;KIF11;MAP9;SPICE1;MZT1;INCENP
prerank,Intracellular Calcium Ion Homeostasis (GO:0006874),0.4687728735662036,1.5900736645527755,5.707763e-03,6.173540e-02,1.000000e+00,29/128,10.97%,ELANE;CCL13;CCL5;CCL23;CSRP3;CCL8;CCL3;CCL15;CCR1;CCL7;CCL14;SLC24A4;CCL11;CXCL12;TRDN;SLC8A2;CCL19;RYR1;CALCA;TRPM2;CASQ2;PTH1R;SLC8A3;ATP2A1;CCR2;ATP2A3;SLC24A3;HERPUD1;HTR2A
prerank,I-kappaB kinase/NF-kappaB Signaling (GO:0007249),0.5422402022609067,1.5897908524787039,1.416431e-02,6.174837e-02,1.000000e+00,12/44,13.56%,TLR8;TLR2;TLR4;TLR7;NFKBIA;NLRC3;RELB;IRAK2;TLR9;CARD11;NFKB2;BCL3
prerank,Microtubule Bundle Formation (GO:0001578),0.533417746351677,1.5891050910883835,1.209677e-02,6.203968e-02,1.000000e+00,15/48,15.36%,RSPH1;DNAAF1;CFAP46;CFAP74;HOATZ;CFAP206;RP1;PIERCE1;RSPH4A;FOXJ1;TPPP3;RSPH9;GAS2L2;SPEF1;LRRC43
prerank,Negative Regulation Of G Protein-Coupled Receptor Signaling Pathway (GO:0045744),0.6257366469044097,1.588908139570244,1.345291e-02,6.198545e-02,1.000000e+00,5/21,2.71%,CCL5;SNCA;LY6G6E;CXCL8;PLEK
prerank,Protein O-linked Mannosylation (GO:0035269),-0.5654814369510084,-1.5887086512335409,3.160920e-02,1.825936e-01,9.990000e-01,8/16,23.95%,LARGE2;TMTC3;TMTC4;FKTN;POMT2;TMTC2;RXYLT1;TMTC1
prerank,Negative Regulation Of Cell-Substrate Junction Organization (GO:0150118),0.6711887051778985,1.5857051370706958,2.587519e-02,6.366253e-02,1.000000e+00,7/15,18.67%,THBS1;DMTN;ARHGAP6;APOD;FAM107A;CORO1C;PTEN
prerank,Negative Regulation Of Focal Adhesion Assembly (GO:0051895),0.6711887051778985,1.5857051370706958,2.587519e-02,6.366253e-02,1.000000e+00,7/15,18.67%,THBS1;DMTN;ARHGAP6;APOD;FAM107A;CORO1C;PTEN
prerank,Double-Strand Break Repair (GO:0006302),-0.3618262809068031,-1.584370862818021,1.000000e-03,1.864780e-01,1.000000e+00,62/165,29.48%,TRIP13;PARP2;RAD54B;RECQL4;TONSL;RAD51AP1;XRCC2;DEPDC1B;CDCA5;GEN1;POLQ;SEM1;EME1;PRKDC;FEN1;RBBP8;RAD51;MMS22L;RMI2;BRCA1;DNA2;MRPL36;UBE2V2;NABP2;DCLRE1A;RPA3;ATP23;BLM;RAD21;POLA1;POLB;RMI1;PALB2;BRCA2;EID3;XRCC3;FSCN1;DDX1;NSMCE2;PPP5C;MCM8;RECQL5;RAD50;SPIDR;ZGRF1;PRPF19;MRE11;KDM4D;ZMYND8;RAD51D;MTA1;SMC6;RNF8;RAD51B;PARP1;LIG3;PSMD14;RAD52;NSMCE4A;NSD2;WRN;UBE2N
prerank,tRNA Aminoacylation For Protein Translation (GO:0006418),-0.47477165656491416,-1.583359958973128,2.422145e-02,1.858172e-01,1.000000e+00,21/35,34.24%,EARS2;GARS1;FARSB;MARS2;LARS1;IARS1;DARS2;IARS2;TARS2;VARS1;NARS2;EPRS1;RARS2;RARS1;PARS2;WARS2;TARS1;DARS1;LARS2;CARS2;AARS2
prerank,Regulation Of Spindle Organization (GO:0090224),-0.5646640817312157,-1.5830252684717134,2.492212e-02,1.843321e-01,1.000000e+00,8/19,23.29%,TPX2;GNAI1;GPSM2;BORA;MAP9;STIL;SASS6;PSRC1
prerank,Negative Regulation Of Myeloid Leukocyte Differentiation (GO:0002762),0.5905897673088819,1.5829709716439386,2.031930e-02,6.517012e-02,1.000000e+00,11/26,16.08%,LILRB3;CCL3;C1QC;TLR4;LILRB4;MAFB;GPR137B;TNFAIP6;FBN1;RARA;INHBA
prerank,Cellular Response To Glucocorticoid Stimulus (GO:0071385),0.6647822195408191,1.578897109482688,2.878788e-02,6.766240e-02,1.000000e+00,13/16,27.24%,ZFP36;SSTR5;ZFP36L2;SSTR2;FAM107A;ZFP36L1;KLF9;BCL2L11;ISL1;UBE2L3;PCK2;NR3C1;AQP1
prerank,Positive Regulation Of Immunoglobulin Production (GO:0002639),0.5777305000110866,1.5780266569559902,2.529762e-02,6.811617e-02,1.000000e+00,12/31,15.17%,MZB1;PTPRC;SASH3;CD86;HLA-E;IL10;IL6;TLR9;STX4;TNFSF4;XBP1;TNFRSF4
prerank,Positive Regulation Of Phosphorylation (GO:0042327),0.44324777021040634,1.577263545134906,1.000000e-03,6.843212e-02,1.000000e+00,83/217,21.26%,ODAM;MARCO;ITLN1;CCL5;ITGB3;FPR2;CSRP3;FGF5;FGF9;THBS1;PLAUR;CSF1R;HLA-DRB1;CD4;DAB2;IL1B;MMP9;CD74;TNF;TGFB1;LEP;P2RY1;RSPO1;NCKAP1L;FAXDC2;TREM2;FLT3;SDCBP;MOB1B;SEMA4D;BMP2;LEPR;KNDC1;VEGFC;FGFR1;MOB3C;CCND3;ENG;EREG;MOB3A;PECAM1;NIBAN1;LIMK2;LYN;MOB3B;NTRK1;NTRK3;ARRB1;STK4;RASGRP1;TMEM119;FLT1;CCND2;CD40;FGF1;AKT2;GPNMB;FGF2;ILK;LRRK2;DDR2;CRKL;CDKN1A;TEK;VAC14;ROR2;GAS6;FZD7;RARRES2;FAM20A;FGF10;C3;FLOT1;TESK1;ANG;MAPK3;FLCN;AKR1B1;NTRK2;DHX34;FGFR4;EGF;KCTD20
prerank,Establishment Of Mitotic Spindle Orientation (GO:0000132),-0.49616726521422716,-1.576425061265866,1.980198e-02,1.913185e-01,1.000000e+00,9/29,11.86%,PKHD1;SAPCD2;MAD2L1;PLK1;NDC80;MISP;GPSM2;SPDL1;CENPA
prerank,Homologous Chromosome Segregation (GO:0045143),-0.5959717738336661,-1.5748764564755893,3.216374e-02,1.915431e-01,1.000000e+00,5/15,8.70%,RNF212;PTTG1;RNF212B;PTTG3P;MND1
prerank,Calcium-Mediated Signaling Using Intracellular Calcium Source (GO:0035584),0.6167206963041223,1.574822132162483,2.265861e-02,6.990995e-02,1.000000e+00,9/20,15.62%,AZU1;PTPRC;SELP;DMTN;VCAM1;CLU;PTPRJ;PRNP;DEFB1
prerank,Regulation Of Release Of Sequestered Calcium Ion Into Cytosol (GO:0051279),0.5345433904999113,1.5744650161223506,1.338688e-02,6.999104e-02,1.000000e+00,22/48,19.39%,SNCA;CASQ1;CXCL9;CEMIP;TRDN;GSTM2;JSRP1;CXCL10;CASQ2;JPH3;PTK2B;CXCL11;APLNR;CD19;THY1;F2R;HRC;DMD;CALM3;GSTO1;CX3CL1;UBASH3B
prerank,Regulation Of Regulatory T Cell Differentiation (GO:0045589),0.6037054369073651,1.5733277421822618,2.537313e-02,7.055686e-02,1.000000e+00,14/22,17.99%,CR1;IL4I1;LILRB2;VSIR;LILRB4;LAG3;HLA-G;IRF1;FOXP3;SOCS1;TNFSF4;CTLA4;BCL6;FOXO3
prerank,Zinc Ion Transport (GO:0006829),-0.5337435114562408,-1.5725870442118444,3.691275e-02,1.925279e-01,1.000000e+00,4/22,7.17%,SLC39A2;SLC30A8;SLC39A4;SLC39A5
prerank,Regulation Of GTPase Activity (GO:0043087),0.44823596817074507,1.5722061140936048,1.000000e-03,7.113901e-02,1.000000e+00,74/204,20.96%,ODAM;PRTN3;CCL13;CCL5;CCL23;RASGRP4;CCL8;CCL3;CCL18;CCL15;CCL4;ARHGAP9;PREX1;CCL7;CCL14;CCL11;RSU1;FGD3;CCL26;RGS10;RASGRP2;DOCK8;CCL2;ARHGAP15;CCL19;KLRK1;GMIP;CCL24;DOCK10;RAPGEF1;ADAP2;RGS9;SEMA4D;PLXNC1;VAV1;LIMS1;PLXND1;EPHA5;RGS6;CCL21;GPR137B;VAV3;NTRK1;RASGEF1B;ARAP1;RGL1;RASGRP1;CD40;THY1;SH3BP1;F2R;MAPRE2;DOCK11;SNX18;SIPA1L1;LRRK2;RASGRP3;RAP1A;SNX9;PICALM;CCL22;RALGDS;FGD4;CX3CL1;RGL4;RGS11;SRGAP3;TBC1D10B;NDEL1;FLCN;NTRK2;RASGRF2;RASIP1;RASGEF1A
prerank,Positive Regulation Of Cell Motility (GO:2000147),0.43747963232499315,1.5690523562565066,3.337041e-03,7.313530e-02,1.000000e+00,63/213,14.92%,CCL5;ITGAX;FGR;SERPINB3;CCL3;CXCR4;FERMT3;CEMIP;THBS1;CCR1;CCL7;CCL11;CSF1R;CXCL12;CCL26;VIL1;CXCL16;NTF3;VSIR;DAB2;SPOCK2;IL1B;CCL19;CLEC7A;TGFB1;AIF1;PIK3CD;CASS4;CCL24;NTN1;SEMA6B;CCR7;GRN;SDCBP;SEMA4D;SNAI1;COL1A1;BMP2;PTK2B;HBEGF;CSF1;PECAM1;CCL21;LRRC15;CDH13;NTRK3;STX4;CARMIL2;PDGFD;SOD2;FAM107A;FLT1;MYADM;SUN2;FGF1;F2R;AKT2;CTSH;GPNMB;TWIST2;PDPN;PPM1F;XBP1
prerank,RNA Methylation (GO:0001510),-0.42271509553850894,-1.5689085718343372,4.424779e-03,1.961359e-01,1.000000e+00,38/60,42.20%,SNRPG;SNRPD1;SNRPF;SNRPE;NSUN2;TRMT10C;TARBP1;METTL2B;TGS1;METTL5;TRMT6;TRMT10A;TYW3;METTL1;MRM2;THUMPD2;METTL8;TRMT61B;BCDIN3D;THADA;METTL4;TRMT13;HENMT1;SNRPB;TFB2M;LCMT2;RBM15;METTL3;VIRMA;TFB1M;TRMT61A;ZCCHC4;TRMT112;WDR6;TRMT44;GTPBP3;TRMT9B;SNRPD2
prerank,Regulation Of Establishment Of Planar Polarity (GO:0090175),-0.4998345712224447,-1.5679928869439814,1.805054e-02,1.955317e-01,1.000000e+00,13/29,21.49%,WNT7A;WNT11;PKHD1;SAPCD2;CELSR3;FZD6;PRICKLE1;CELSR2;DVL1;SMURF1;FZD3;CELSR1;VANGL2
prerank,Positive Regulation Of Mitotic Sister Chromatid Separation (GO:1901970),-0.5947819098531567,-1.5666344447378004,3.582090e-02,1.954987e-01,1.000000e+00,13/15,35.71%,BIRC5;UBE2C;ESPL1;CDC20;CDCA8;INCENP;NSMCE2;ANAPC7;AURKB;DLGAP5;CDC16;ANAPC5;CDC23
prerank,Generation Of Neurons (GO:0048699),-0.35947142202629123,-1.5662931389720147,1.000000e-03,1.939870e-01,1.000000e+00,36/149,14.26%,NELL1;WNT7A;LHX9;ASCL1;VAX2;ASTN1;WNT11;MAPT;KIAA0319;VXN;DCDC2;WNT16;LHX1;INSM1;WNT3;PCSK9;ASCL2;DCC;IRX4;MYEF2;WNT7B;IL1RAPL1;CIT;MET;SHH;RACGAP1;LHX4;SMARCA1;SEMA3A;FZD8;MARK1;NRCAM;BRSK1;SIX1;LHX2;PEX13
prerank,peptidyl-L-cysteine S-palmitoylation (GO:0018230),-0.5490589081492908,-1.5659488376652178,1.734104e-02,1.904889e-01,1.000000e+00,6/21,13.15%,GOLGA7B;ZDHHC15;ZDHHC11B;ZDHHC11;ZDHHC9;ZDHHC23
prerank,peptidyl-S-diacylglycerol-L-cysteine Biosynthetic Process From Peptidyl-Cysteine (GO:0018231),-0.5490589081492908,-1.5659488376652178,1.734104e-02,1.904889e-01,1.000000e+00,6/21,13.15%,GOLGA7B;ZDHHC15;ZDHHC11B;ZDHHC11;ZDHHC9;ZDHHC23
prerank,Determination Of Bilateral Symmetry (GO:0009855),0.5910007255388157,1.564913066654719,1.799100e-02,7.583194e-02,1.000000e+00,9/26,16.52%,CFC1;DNAI1;DNAI2;PIERCE1;FOXJ1;ODAD2;MMP23A;CFAP53;DNAH5
prerank,T-helper Cell Differentiation (GO:0042093),0.6487546510005068,1.563258609848915,3.072197e-02,7.676988e-02,1.000000e+00,10/16,25.58%,STAT4;PTGER4;GPR183;IL6;IL12B;BATF;GATA3;ZFPM1;FOXP1;RORC
prerank,Negative Regulation Of Lipid Catabolic Process (GO:0050995),0.6569937522626556,1.562781192753771,3.020668e-02,7.692283e-02,1.000000e+00,6/15,12.95%,APOA2;IL1B;TNF;APOC1;PDE3B;HCAR2
prerank,Tumor Necrosis Factor-Mediated Signaling Pathway (GO:0033209),0.5523956808981026,1.5620518769337712,1.675978e-02,7.719094e-02,1.000000e+00,18/36,25.27%,TNFRSF1B;ST18;TNF;TMSB4X;NFKBIA;LIMS1;PTK2B;TRAF1;ILK;PYCARD;FOXO3;TNFRSF1A;JAK2;TRADD;BIRC3;AIM2;RRAGA;STAT1
prerank,Regulation Of Viral Life Cycle (GO:1903900),0.6177852191381543,1.5615193146408943,2.014388e-02,7.730432e-02,1.000000e+00,8/21,16.98%,CLEC4G;TRIM58;CD209;RFPL4A;RFPL4AL1;TRIM22;TRIM21;TRIM38
prerank,Regulation Of Endothelial Cell Apoptotic Process (GO:2000351),0.5415891785829274,1.5608719921553376,1.232877e-02,7.759372e-02,1.000000e+00,24/41,25.90%,THBS1;FASLG;CD40LG;SERPINE1;CCL2;TNF;ITGA4;HLA-G;IL10;RGCC;ICAM1;CD40;ECSCR;TEK;TNFAIP3;GAS6;NDNF;MAPK7;GATA3;TNIP2;GATA2;ANO6;RAMP2;PDCD4
prerank,Positive Regulation Of Viral Process (GO:0048524),0.5402994328751343,1.5573665817016995,1.390821e-02,7.996946e-02,1.000000e+00,4/41,2.50%,CLEC4G;CCL5;CD209;CD28
prerank,Regulation Of Receptor-Mediated Endocytosis (GO:0048259),0.5639774825142266,1.5570019760743863,1.498638e-02,8.000958e-02,1.000000e+00,19/35,19.45%,SERPINE1;APOC2;CCL19;RSPO1;APOC1;CLU;B2M;BMP2K;CCL21;VTN;LRPAP1;HFE;PICALM;TNK2;LDLRAP1;HIP1;PPT1;C3;FLOT1
prerank,Regulation Of Phosphatidylinositol 3-Kinase Signaling (GO:0014066),0.4818188295476405,1.5555590666701615,7.416564e-03,8.089548e-02,1.000000e+00,29/86,16.87%,CCL5;OSM;FGR;HCST;NCF1;SELP;PIK3AP1;TNF;LEP;PPP1R16B;TREM2;FLT3;NLRC3;PTPN6;SEMA4D;FN1;FGFR1;NTRK1;NTRK3;DCN;PDGFD;PIK3IP1;FLT1;F2R;FGF2;DDR2;HCLS1;TEK;ROR2
prerank,Regulation Of Biomineral Tissue Development (GO:0070167),0.5812138251621789,1.555197124277993,1.972686e-02,8.094947e-02,1.000000e+00,10/25,16.87%,CEBPB;TGFB1;S1PR1;BMP2K;ANKH;AMTN;ECM1;DDR2;ENPP1;GAS6
prerank,Negative Regulation Of MAP Kinase Activity (GO:0043407),0.5153386403386625,1.5546404261688822,1.508916e-02,8.121481e-02,1.000000e+00,18/49,17.68%,SERPINB3;CD300A;DUSP1;PTPN22;IL1B;LAX1;IRAK3;APOE;BMP2;PTPRJ;PRKCD;LYN;PPARG;SH2B3;SMPD1;RGS14;INPP5K;RGS2
prerank,Leukotriene Metabolic Process (GO:0006691),0.6370461504249888,1.5527862945149202,3.308271e-02,8.253209e-02,1.000000e+00,11/18,26.40%,PRG3;ALOX5AP;ALOX5;DPEP2;ALOX12;CYP4F3;PLA2G5;MAPKAPK2;GGT1;MGST3;CYP4F2
prerank,Cellular Response To Type I Interferon (GO:0071357),0.5962897044662839,1.5516515084032996,1.963746e-02,8.316490e-02,1.000000e+00,16/24,28.93%,IFITM2;IFITM3;MYD88;IFITM1;JAK1;IFNK;IFNAR2;TYK2;IKBKE;SP100;IFNAR1;STAT1;TBKBP1;HDAC4;TANK;TRAF3
prerank,Positive Regulation Of Alpha-Beta T Cell Proliferation (GO:0046641),0.640831896094314,1.55106176958259,1.895735e-02,8.345066e-02,1.000000e+00,14/17,22.40%,PTPN22;RASAL3;HLA-E;HLA-A;EBI3;LGALS9;SYK;IL12B;CD81;TGFBR2;TNFSF4;TYK2;JAK2;CD55
prerank,Regulation Of Macrophage Derived Foam Cell Differentiation (GO:0010743),0.5759895883462769,1.5507967526729678,1.889535e-02,8.339648e-02,1.000000e+00,13/29,18.92%,PF4;ITGB3;MSR1;LCP1;CETP;NFKBIA;CSF1;CD36;PPARG;NR1H3;ABCG1;PLA2G5;AGTR1
prerank,Establishment Or Maintenance Of Apical/Basal Cell Polarity (GO:0035088),-0.4872165634572547,-1.5492442856798665,3.215434e-02,2.113221e-01,1.000000e+00,18/25,31.14%,DLG2;PATJ;CRB3;SCRIB;LLGL2;DLG3;PARD6B;PRKCZ;FSCN1;MTCL1;DLG1;PALS1;PRKCI;CRB2;PARD6A;PARD3;MARK2;PARD6G
prerank,Type I Interferon-Mediated Signaling Pathway (GO:0060337),0.5997845378373896,1.5490286764533203,2.297090e-02,8.461769e-02,1.000000e+00,16/23,28.93%,IFITM2;IFITM3;MYD88;IFITM1;JAK1;IFNK;IFNAR2;TYK2;IKBKE;SP100;IFNAR1;STAT1;TBKBP1;HDAC4;TANK;TRAF3
prerank,Integrated Stress Response Signaling (GO:0140467),0.5790537653426822,1.5489248734665797,1.917404e-02,8.449909e-02,1.000000e+00,12/29,18.56%,NFE2;CEBPE;CEBPB;MAF;FOS;MAFB;BATF2;JUNB;CEBPA;BATF;BATF3;JUN
prerank,Regulation Of Mononuclear Cell Migration (GO:0071675),0.6111519028189122,1.5484845019143463,3.328051e-02,8.461885e-02,1.000000e+00,12/21,19.91%,CCL5;THBS1;CSF1R;STK10;CMKLR1;TNF;CSF1;LYN;MAPK1;RARRES2;MSN;MAPK3
prerank,Toll-Like Receptor 4 Signaling Pathway (GO:0034142),0.640649136170052,1.5456628447039253,3.442879e-02,8.666323e-02,1.000000e+00,7/16,12.12%,PIK3AP1;TLR4;SCIMP;LY96;LGALS9;MYD88;TNIP3
prerank,tRNA Methylation (GO:0030488),-0.46990436087727,-1.5455989538869406,2.054795e-02,2.147413e-01,1.000000e+00,23/35,41.79%,WDR4;NSUN2;TRMT10C;TARBP1;METTL2B;TRMT6;TRMT10A;TYW3;METTL1;THUMPD2;METTL8;TRMT61B;BCDIN3D;THADA;TRMT5;TRMT13;LCMT2;TRMT61A;TRMT112;WDR6;TRMT44;GTPBP3;TRMT9B
prerank,Positive Regulation Of Biosynthetic Process (GO:0009891),0.5369605465345124,1.54523735709712,1.963534e-02,8.678635e-02,1.000000e+00,18/43,17.19%,MMP8;CCL5;CXCL8;TLR4;TGFB1;CYBA;VIM;APOE;RGCC;CD36;NR1H3;TLR6;F2R;CREBL2;LARP6;RUNX1;MTPN;PLCG2
prerank,Regulation Of Vascular Associated Smooth Muscle Cell Proliferation (GO:1904705),0.5452797273561752,1.544495447977692,2.974504e-02,8.715180e-02,1.000000e+00,19/37,18.67%,FGF9;IGFBP5;MMP9;NR4A3;IL10;SOD2;MEF2D;CNN1;PPARG;FGF2;ERN1;EFEMP2;CDKN1A;MMP2;MEF2C;LDLRAP1;JUN;TPM1;PTEN
prerank,Positive Regulation Of Phosphoprotein Phosphatase Activity (GO:0032516),0.6117027275322167,1.5441252516192174,3.459119e-02,8.723015e-02,1.000000e+00,6/18,17.78%,CD300A;PTPRC;CD33;FCRL3;PPP1R15A;CALM3
prerank,Hemopoiesis (GO:0030097),0.4739346029629974,1.5423235466226863,4.920049e-03,8.846269e-02,1.000000e+00,30/98,16.70%,RASGRP4;PLEK;CEBPE;PTPRC;CSF1R;EVI2B;TAL1;CEBPB;TGFB1;LCK;NKX2-5;RUNX3;LYL1;FLT3;IL7R;ZFP36L2;IL10;MFAP5;EPOR;LYN;FLT3LG;TGFBR2;SH2B3;TNFRSF13B;PBXIP1;CEBPA;TEK;INHBA;SNRK;RUNX1
prerank,Endocytosis (GO:0006897),0.4369103507742948,1.54129405767405,2.202643e-03,8.907855e-02,1.000000e+00,67/183,21.53%,ELANE;MARCO;MRC1;FCGR2B;SLC11A1;ITGAM;ITGB2;CD14;CEACAM4;CD93;IL10RA;MSR1;CXCL16;TLR4;STAB1;DAB2;CORO1A;RIN3;DNM3;ADRB3;APOE;SCARF1;ASGR1;CLEC9A;MYCBPAP;DENND1C;LRP1;MYD88;PECAM1;CD36;TFR2;RNASEK;EHD1;RHOU;CD302;TOM1;MAPK1;JMJD6;SNX18;NECAP2;ADORA2A;LRRK2;RINL;GAS6;SNX9;PICALM;PDLIM7;BIN3;CORO1C;EHD4;PIP5K1C;LDLRAP1;HIP1;BIN1;RHOJ;PPT1;LRP1B;NLGN3;DPYSL2;EPS15;MAPK3;GAK;EHD3;REPS2;ANXA3;SCARA5;ANXA11
prerank,Regulation Of Peptidyl-Threonine Phosphorylation (GO:0010799),0.5587469009724294,1.5392655147300656,2.348066e-02,9.053029e-02,1.000000e+00,14/33,21.20%,AZU1;CEMIP;DMTN;TGFB1;S1PR2;MAPK1;CHI3L1;PRKAG2;INPP5K;STOX1;CALM3;SMAD7;SIRT2;EGF
prerank,Regulation Of Intrinsic Apoptotic Signaling Pathway In Response To DNA Damage (GO:1902229),0.6566471809796521,1.5390289675123148,2.799378e-02,9.049002e-02,1.000000e+00,4/15,9.38%,CXCL12;CDKN2D;CLU;SNAI1
prerank,Regulation Of p38MAPK Cascade (GO:1900744),0.5383207112355705,1.5387486697411499,2.770083e-02,9.051933e-02,1.000000e+00,18/37,21.71%,NCF1;SPI1;GADD45B;DUSP1;PTPN22;IL1B;LEP;GDF6;TREM2;BMP2;LGALS9;PER1;RASGRP1;CYLD;GADD45G;PJA2;MINK1;DUSP10
prerank,Peptidyl-Tyrosine Phosphorylation (GO:0018108),0.4882494418673516,1.5386020914150063,1.333333e-02,9.043015e-02,1.000000e+00,26/64,17.21%,FGR;CSF1R;HCK;BTK;ZAP70;LEP;FES;LCK;JAK3;ABI3;FLT3;FYN;PTPN6;PTK2B;FGFR1;LYN;NTRK1;SYK;FLT1;BLK;JAK1;DDR2;EFEMP1;TEK;CLK1;IL15
prerank,Anterograde Trans-Synaptic Signaling (GO:0098916),-0.34970262918576744,-1.538125670941528,1.000000e-03,2.239967e-01,1.000000e+00,47/165,14.24%,HTR1A;PENK;HTR1D;GLRA3;CHRNA3;GABRR1;CHRNA5;CHRNB4;HTR3A;GRM4;DLG2;KCNQ3;CHRM2;SYT1;BSN;KCNK3;GAD1;NPTX1;CPLX1;GRIK4;SLC1A6;KCNA1;DTNA;GLRB;CHRNB2;GRM2;KCND2;CHRM3;NLGN1;CHRM4;GABBR2;LRP6;CACNA1B;OPRK1;GIPC1;SNAP25;NRXN1;GABRQ;SLC6A2;KCNMB4;SYT5;DLG3;GRIN1;SYN2;HTR1B;NPFF;PCDHB11
prerank,Cellular Response To Radiation (GO:0071478),-0.4506407093472609,-1.5379127877431025,2.205882e-02,2.221509e-01,1.000000e+00,17/40,23.67%,TRPM1;RAD51AP1;DEPDC1B;FIGNL1;OPN1MW;RAD51;ECT2;BRCA1;SLC6A2;INTS7;OPN1LW;BLM;BRCA2;CLOCK;SPIDR;RRH;KDM4D
prerank,Regulation Of Sprouting Angiogenesis (GO:1903670),0.5570276024478051,1.5368821755635167,3.352770e-02,9.153769e-02,1.000000e+00,13/32,19.35%,KLF2;THBS1;ALOX5;TNN;PPP1R16B;ITGA5;GLUL;FGF1;FGF2;JAK1;CEMIP2;RHOJ;BMPER
prerank,Calcium-Ion Regulated Exocytosis (GO:0017156),-0.5454886077098207,-1.5353030869286481,4.601227e-02,2.234093e-01,1.000000e+00,7/20,12.33%,RIMS2;SYT7;SYT1;SCIN;SYT8;SYT2;SYT5
prerank,Positive Regulation Of Leukocyte Migration (GO:0002687),0.5621552663029243,1.5345252706464685,2.040816e-02,9.322014e-02,1.000000e+00,13/28,16.09%,LYVE1;ADAM8;JAM3;TNF;AIF1;NCKAP1L;FUT7;IL6R;CSF1;IL6;ICAM1;THY1;FUT4
prerank,Positive Regulation Of T Cell Cytokine Production (GO:0002726),0.6171995311406698,1.5326444885127213,3.379416e-02,9.470408e-02,1.000000e+00,8/20,14.39%,NLRP3;TBX21;IL1B;HLA-A;IL18R1;IL6;CD81;TNFSF4
prerank,Positive Regulation Of Alpha-Beta T Cell Activation (GO:0046635),0.6212321767120144,1.5321225670577314,3.614458e-02,9.490909e-02,1.000000e+00,10/18,14.39%,HLA-DRB1;HLA-DRA;HLA-E;IHH;HLA-A;PNP;EBI3;SYK;IL12B;TNFSF4
prerank,Heme Biosynthetic Process (GO:0006783),0.6176239694084646,1.5315886260661402,2.852615e-02,9.510875e-02,1.000000e+00,6/18,19.63%,ALAS2;FECH;UROD;HMBS;CPOX;PGRMC1
prerank,Regulation Of NLRP3 Inflammasome Complex Assembly (GO:1900225),0.5654285334144202,1.5313242066572903,2.346041e-02,9.511150e-02,1.000000e+00,13/29,20.49%,MEFV;GBP5;PTPN22;TLR4;TREM2;NLRC3;MYD88;CARD8;CD36;TLR6;PLCG2;STMP1;DDX3X
prerank,Positive Regulation Of Peptidyl-Threonine Phosphorylation (GO:0010800),0.601358757135981,1.5313227906873799,2.870091e-02,9.489235e-02,1.000000e+00,9/22,17.78%,AZU1;CEMIP;TGFB1;S1PR2;MAPK1;CHI3L1;PRKAG2;STOX1;CALM3
prerank,DNA Modification (GO:0006304),-0.5607433694069668,-1.5293240038784353,4.945055e-02,2.309658e-01,1.000000e+00,12/17,35.86%,PARP2;NTHL1;SMUG1;UNG;NEIL3;TDG;EXOSC4;PARP1;EXOSC6;NEIL2;EXOSC5;MBD4
prerank,Branching Morphogenesis Of An Epithelial Tube (GO:0048754),-0.4601806093213446,-1.527807563674906,3.214286e-02,2.313946e-01,1.000000e+00,12/39,13.88%,NELL1;NKX2-1;BMP4;PKHD1;NPNT;MET;SHH;HOXD11;EPHA2;LRP5;HOXA11;SIX1
prerank,"Wnt Signaling Pathway, Planar Cell Polarity Pathway (GO:0060071)",-0.4964524560880284,-1.5276948707504423,2.180685e-02,2.294974e-01,1.000000e+00,11/26,21.49%,WNT7A;WNT11;CELSR3;FZD6;PRICKLE1;CELSR2;DVL1;SMURF1;FZD3;CELSR1;VANGL2
prerank,Cell Surface Toll-Like Receptor Signaling Pathway (GO:0140895),0.648253153738745,1.5268473722196585,4.340836e-02,9.853193e-02,1.000000e+00,7/15,12.12%,PIK3AP1;TLR4;SCIMP;LY96;LGALS9;MYD88;TNIP3
prerank,Prostaglandin Metabolic Process (GO:0006693),0.5642703527985078,1.5267620568635571,3.043478e-02,9.836717e-02,1.000000e+00,9/29,7.97%,GSTM1;GSTA1;PTGS1;HPGDS;PTGIS;TBXAS1;PTGDS;CD74;PTGS2
prerank,Glycosaminoglycan Biosynthetic Process (GO:0006024),0.49314451272188,1.526272325440885,1.524778e-02,9.855881e-02,1.000000e+00,23/57,19.47%,CEMIP;HS3ST2;IL1B;CHST7;B3GNT7;CHST9;HS3ST3A1;ST3GAL1;CHST11;HAS1;HS3ST3B1;CHST15;CSGALNACT2;UGDH;CHST2;DSE;XYLT1;ST3GAL2;ST3GAL6;CHST1;CHST6;HEXA;CHSY1
prerank,Calcium Ion Transport (GO:0006816),0.4592057720757762,1.5257857067528504,6.031363e-03,9.871039e-02,1.000000e+00,38/106,20.93%,CCL5;CCL8;CCL3;CCR5;CCR1;CACNA1S;SLC24A4;CHRNA4;SLC8A2;P2RX7;RYR1;MCOLN1;TRPM2;CLU;SLC8A3;FYN;ATP2A1;MS4A1;ATP2A3;TRPV2;SLC24A3;MCOLN2;NMUR1;NALCN;ORAI3;ORAI1;RAMP3;GAS6;CACNG6;CDH23;ITPR1;SLC8A1;GRIN3A;STIM2;SELENOK;P2RX4;KCNN4;PKD2
prerank,Positive Regulation Of Erythrocyte Differentiation (GO:0045648),0.5785303814973816,1.5249150432086536,3.352770e-02,9.926308e-02,1.000000e+00,11/25,17.99%,GATA1;TAL1;RHEX;NCKAP1L;HSPA1B;HSPA1A;STAT5B;ETS1;HMGB2;INHBA;FOXO3
prerank,Renal Filtration (GO:0097205),0.6478942455987456,1.5244691240830306,3.001580e-02,9.938636e-02,1.000000e+00,5/15,6.25%,IGHA2;IGKV3-20;IGHA1;JCHAIN;SULF2
prerank,Astrocyte Development (GO:0014002),0.6459468264036035,1.5235053701001042,3.636364e-02,9.998042e-02,1.000000e+00,6/15,11.92%,C1QA;C5AR1;IFNG;TNF;TREM2;IFNGR1
prerank,Enzyme-Linked Receptor Protein Signaling Pathway (GO:0007167),0.4474773117102977,1.5227208873807705,7.228916e-03,1.004208e-01,1.000000e+00,34/118,12.94%,PTPRT;FGR;RASGRP4;GFRA2;CD8A;LCP2;CD8B;DOK2;CD3E;CSF1R;LIF;HCK;CD4;ZAP70;DOK3;CD7;NTF3;LCK;JAK3;CASS4;GP6;FLT3;RAPGEF1;FYN;CLNK;FGFR1;CSF1;LRP1;LYN;NTRK1;NTRK3;SYK;DOK5;FLT1
prerank,Regulation Of Neuron Death (GO:1901214),0.4989236665687227,1.5217428202786876,1.940492e-02,1.011454e-01,1.000000e+00,21/56,18.01%,SNCA;TNFRSF1B;ITGAM;ITGB2;C1QA;IFNG;TYROBP;CD200R1;CLU;FYN;EGR1;SNCG;CSF1;PRNP;GPNMB;LRRK2;UBB;MEF2C;CD200;PICALM;IKBKG
prerank,Arachidonic Acid Metabolic Process (GO:0019369),0.5043486143468885,1.5216230872654712,2.390438e-02,1.010057e-01,1.000000e+00,16/50,15.21%,PTGS1;CYP2F1;PTGIS;TBXAS1;PTGDS;PTGS2;CBR1;ALOX15;CYP2A13;ALOX12;CYP2B6;GPX1;CYP1B1;CYP4F11;PLA2G4C;CYP2C18
prerank,Maturation Of LSU-rRNA (GO:0000470),-0.5217572190296208,-1.5203341952757858,5.357143e-02,2.390387e-01,1.000000e+00,14/20,33.86%,NIFK;NOP2;RRP15;WDR12;NSA2;URB1;RPL35;RPF2;EIF6;ZNHIT3;MAK16;RBM34;DDX18;RPL7
prerank,Positive Regulation Of Catabolic Process (GO:0009896),0.4815175174034279,1.5203119979124153,6.281407e-03,1.019743e-01,1.000000e+00,25/75,24.75%,ASB5;APOA2;GPC3;PYHIN1;LAPTM5;C4BPB;VSIR;IL1B;TNF;TNFSF13B;TNFSF12;CLU;TNFAIP3;OAZ1;FOXO1;ATG7;RILP;MSN;PTEN;CCDC22;ASB9;CDKN1B;WNT5A;FBXW7;RBX1
prerank,mRNA 3'-End Processing (GO:0031124),-0.4424269081789767,-1.5194674807972997,1.742160e-02,2.382249e-01,1.000000e+00,26/40,41.19%,PAPOLB;CPSF4;RPRD1A;CPSF6;ZNF473;PABPC1;LSM11;CPSF3;CPSF1;NCBP1;CSTF3;PEX2;MBLAC1;RPRD1B;TUT1;NUDT21;CPSF7;RPRD2;WDR33;CPSF4L;SSU72;LEO1;CPSF2;PAPOLA;MTPAP;NCBP2
prerank,Regulation Of DNA Damage Checkpoint (GO:2000001),-0.5460106668459013,-1.5187217821067698,6.232295e-02,2.370961e-01,1.000000e+00,10/18,32.50%,DEPDC1B;RAD51;BRCA1;ETAA1;BRCA2;TELO2;WDR76;TTI2;TTI1;FEM1B
prerank,Regulation Of Extrinsic Apoptotic Signaling Pathway In Absence Of Ligand (GO:2001239),0.5686104631907745,1.5173741567921524,2.733813e-02,1.043388e-01,1.000000e+00,8/27,13.04%,PF4;GATA1;IL1B;TNF;FGFR1;MCL1;HSPA1B;HSPA1A
prerank,Regulation Of Interferon-Beta Production (GO:0032648),0.506523456276067,1.5169859241648698,1.589404e-02,1.044360e-01,1.000000e+00,17/50,20.49%,TLR8;TLR2;TLR4;TLR7;NLRC3;LILRB1;SIRPA;IRF1;RELB;TLR9;IRF5;IRF7;STING1;PYCARD;RIOK3;FLOT1;DDX3X
prerank,Modulation By Symbiont Of Entry Into Host (GO:0052372),0.6267132364501061,1.516803604469431,3.088235e-02,1.043625e-01,1.000000e+00,7/18,16.98%,TRIM58;CXCL8;RFPL4A;RFPL4AL1;TRIM22;TRIM21;TRIM38
prerank,Negative Regulation Of Endothelial Cell Migration (GO:0010596),0.5435222925920049,1.5162547036848215,3.483309e-02,1.046228e-01,1.000000e+00,16/32,24.42%,THBS1;TNF;TGFB1;ADAMTS9;APOE;RGCC;DCN;PPARG;STC1;FGF2;MEF2C;MECP2;SLIT2;VASH1;NOTCH1;SP100
prerank,Intracellular pH Reduction (GO:0051452),0.547855818873631,1.5155721015399397,3.129445e-02,1.049581e-01,1.000000e+00,13/30,17.32%,SLC11A1;SLAMF8;RAB20;ATP6V0D2;TCIRG1;ATP6AP2;ATP6V1B2;RNASEK;DMXL2;SLC4A7;ATP6V1F;ATP6V0D1;ATP6V0C
prerank,Cellular Response To Organic Cyclic Compound (GO:0071407),0.43791464987496215,1.5150211196787744,3.432494e-03,1.052116e-01,1.000000e+00,52/142,20.93%,CCL5;P2RY12;CCL3;AQP9;SPP1;DMTN;IL1B;CCL2;IGFBP5;P2RX7;TNF;TGFB1;FES;P2RY1;NR4A3;CRHBP;RAPGEF1;CLU;ESR1;GNG2;GABRB2;EGR1;HCN4;PDE2A;GPBAR1;SSTR2;RAP1B;INSIG1;GABRB3;HSPA1B;ARL6IP5;NCOA4;CYP1B1;HSPA1A;ACTB;KCNE1;ATP1A2;ZFP36L1;STING1;MEF2C;RAMP3;RAP1A;INPP5K;MGARP;MSN;HCN1;KCNQ1;RIOK3;ZNF703;AKR1B1;P2RX4;PKD2
prerank,Regulation Of NMDA Receptor Activity (GO:2000310),0.6427667314595218,1.5146903128161813,4.418985e-02,1.052742e-01,1.000000e+00,9/15,16.49%,IFNG;CCL2;CRHBP;CCR2;PTK2B;OPRM1;DAPK1;DLG4;MEF2C
prerank,Regulation Of Cell-Substrate Adhesion (GO:0010810),0.5234670033221839,1.5126341155973708,2.419355e-02,1.068940e-01,1.000000e+00,25/43,22.78%,RAC2;DMTN;RSU1;PTPRO;BST1;SPOCK1;ALOX15;LIMS1;CCDC80;VIT;MYADM;CORO2B;THY1;PDPN;PPM1F;FBLN2;FZD7;RHOA;CORO1C;CX3CL1;NDNF;JAK2;MINK1;WASHC2C;PIK3CB
prerank,Negative Regulation Of Extrinsic Apoptotic Signaling Pathway In Absence Of Ligand (GO:2001240),0.5893853521507779,1.5117785952265663,4.552352e-02,1.072058e-01,1.000000e+00,7/22,13.04%,PF4;GATA1;IL1B;TNF;MCL1;HSPA1B;HSPA1A
prerank,Negative Regulation Of Signal Transduction In Absence Of Ligand (GO:1901099),0.5893853521507779,1.5117785952265663,4.552352e-02,1.072058e-01,1.000000e+00,7/22,13.04%,PF4;GATA1;IL1B;TNF;MCL1;HSPA1B;HSPA1A
prerank,Positive Regulation Of Angiogenesis (GO:0045766),0.4553287351974116,1.5115957613182749,4.842615e-03,1.071129e-01,1.000000e+00,37/113,16.70%,ITGAX;CXCL8;PRKCB;FOXC2;HMOX1;THBS1;PTGIS;SERPINE1;TNN;PIK3R6;EMILIN2;IL1B;NINJ1;PIK3CD;TNFSF12;GRN;ITGA5;ANGPTL4;VEGFC;ECM1;CYP1B1;APLNR;FLT1;HK2;CD40;LRG1;FGF1;CHI3L1;ETS1;CTSH;FGF2;JAK1;XBP1;BTG1;TEK;HSPB6;RUNX1
prerank,Regulation Of calcineurin-NFAT Signaling Cascade (GO:0070884),0.5522285874182069,1.5113829193731727,3.654971e-02,1.070850e-01,1.000000e+00,9/31,19.53%,MYOZ1;EFHB;MYOZ2;CLEC7A;TNF;LMCD1;PRNP;PLCG2;HOMER3
prerank,Positive Regulation Of Developmental Growth (GO:0048639),-0.43298403384230577,-1.5081193247832183,2.214022e-02,2.513729e-01,1.000000e+00,12/45,10.31%,RIMS2;SYT14P1;UNC13A;MAPT;RASAL1;AGR2;SYT1;PLCB1;ZP3;RNF157;NEDD4L;SYT2
prerank,Tight Junction Assembly (GO:0120192),-0.43168494505546495,-1.507960307296317,2.400000e-02,2.493640e-01,1.000000e+00,15/46,12.66%,CLDN9;OCLN;CLDN12;CLDN2;CHAF1B;CLDN3;POF1B;PATJ;CLDN4;GRHL2;MARVELD2;ECT2;CLDN1;MARVELD3;CLDN7
prerank,Regulation Of Centrosome Cycle (GO:0046605),-0.4964188181083382,-1.5076690824504033,2.222222e-02,2.478567e-01,1.000000e+00,8/23,18.31%,PKHD1;CHMP4C;GEN1;NPM1;CHMP3;NAT10;AURKA;XRCC3
prerank,Negative Regulation Of Amyloid Precursor Protein Catabolic Process (GO:1902992),0.6164432138725388,1.5063504228979403,4.301075e-02,1.114604e-01,1.000000e+00,11/18,30.69%,CLU;APOE;RTN1;PRNP;PICALM;BIN1;NTRK2;RTN2;FLOT2;SORL1;GGA3
prerank,Regulation Of Viral Genome Replication (GO:0045069),0.48366784873381097,1.5024578266856274,1.937984e-02,1.149899e-01,1.000000e+00,15/64,12.65%,CCL5;APOBEC3A;CXCL8;CD28;LTF;IFITM2;OASL;TNF;APOBEC3G;APOBEC3C;SLPI;ISG20;IFITM3;APOBEC3F;IFITM1
prerank,Maintenance Of Gastrointestinal Epithelium (GO:0030277),0.6185020173205305,1.5024052748128776,5.172414e-02,1.147834e-01,1.000000e+00,9/16,13.64%,MUC6;NOD2;IL10RA;MUC13;MUC2;TLR4;SERPINA3;TLR9;TFF3
prerank,Secondary Alcohol Metabolic Process (GO:1902652),0.5261928034406756,1.5021504179859606,2.781641e-02,1.147557e-01,1.000000e+00,21/41,24.22%,APOA4;APOA2;CH25H;CYP11B1;SH2D2A;CETP;APOE;CYP11A1;SOAT1;CYP27A1;ABCG1;CLN8;GLB1;LDLRAP1;APOL2;PPARD;IDH1;OSBPL5;GBA1;STARD3;APOB
prerank,Positive Regulation Of Myeloid Cell Differentiation (GO:0045639),0.5385006031004013,1.5015630851698278,3.304598e-02,1.150728e-01,1.000000e+00,14/34,17.99%,GATA1;TAL1;FES;RHEX;NCKAP1L;FAXDC2;HSPA1B;HSPA1A;STAT5B;ETS1;HMGB2;INHBA;TESC;FOXO3
prerank,Negative Regulation Of Protein Binding (GO:0032091),0.47778461184525023,1.5013390175943346,1.920615e-02,1.150590e-01,1.000000e+00,19/68,15.71%,XIRP1;EFHB;ARRB2;DAB2;CARD16;TMC8;ITGA4;ADRB3;B2M;SLPI;ATP2A3;PRKCD;IFIT2;CFHR1;LRPAP1;CAMK1;LRRK2;HFE;CDKN1A
prerank,Positive Regulation Of Interleukin-10 Production (GO:0032733),0.5501677013111282,1.5013078666555355,3.433476e-02,1.148481e-01,1.000000e+00,15/27,17.19%,CD28;NOD2;CD40LG;IRF4;TLR4;CLEC7A;IL6;TLR9;LGALS9;TSLP;SYK;IL12B;TNFSF4;PYCARD;PLCG2
prerank,Positive Regulation Of Cellular Biosynthetic Process (GO:0031328),0.4314940499277708,1.4980512653707374,4.504505e-03,1.178203e-01,1.000000e+00,40/166,17.89%,HBB;MMP8;CCL5;SNCA;APOA4;CXCL8;CD28;KLF2;THBS1;IFNG;CD244;APOC2;TLR4;IL1B;CLEC7A;TNF;ZEB2;PTGS2;CLU;PTH1R;VIM;EGR1;RGCC;IL6;HTR2A;KAT2B;NIBAN1;CD36;NR1H3;BCL3;TLR6;IRS2;AKT2;FGF2;LARP6;SLC27A1;FOXO1;MID1IP1;DDAH2;SAMD4A
prerank,Regulation Of Dendrite Development (GO:0050773),-0.43940333765883755,-1.4977153313152092,2.500000e-02,2.625293e-01,1.000000e+00,14/40,18.88%,CSMD3;CHRNA3;KIAA0319;COBL;ZDHHC15;DCC;BMP5;CHRNB2;RAB17;NEDD4L;MARK1;MFSD2A;RTN4IP1;LZTS1
prerank,Negative Regulation Of Blood Vessel Endothelial Cell Migration (GO:0043537),0.5394473250195303,1.4961719512935103,3.516820e-02,1.194049e-01,1.000000e+00,15/30,24.34%,THBS1;TNF;TGFB1;APOE;RGCC;PPARG;TBXA2R;FGF2;MEF2C;RHOA;MECP2;MMRN2;VASH1;HDAC5;NOTCH1
prerank,Mitotic Cell Cycle Phase Transition (GO:0044772),-0.3609674004946466,-1.4953726675775112,1.000000e-03,2.640218e-01,1.000000e+00,43/109,24.79%,CCNB2;FOXM1;PKMYT1;UBE2S;DBF4;PLK1;UBE2C;CCNE2;PLCB1;CCNA2;CAMK2A;CCNP;RCC1;CDC7;CDK1;CCNB1;MELK;WEE1;CDKN3;POLE;SPDYA;CCNF;BRSK1;TAF2;CDC25A;CCNE1;TPD52L1;AURKA;ANAPC1;EPS8;MASTL;CUL4A;ENSA;E2F1;CDK6;CUL5;MYC;CDC25C;CDC25B;CCNA1;CCNJL;CDK3;SPAST
prerank,Positive Regulation Of Immune System Process (GO:0002684),0.5795051689772444,1.4953656184968709,3.822630e-02,1.199250e-01,1.000000e+00,13/22,22.78%,CFP;LILRB2;PIK3CD;NCKAP1L;C8G;HLA-G;LGALS9;HCAR2;C8A;IL15;C6;AQP3;PIK3CB
prerank,Regulation Of Mitotic Cell Cycle Spindle Assembly Checkpoint (GO:0090266),-0.544217741704436,-1.4943542581040254,6.149733e-02,2.633762e-01,1.000000e+00,10/17,18.31%,BIRC5;MAD2L1;NDC80;GEN1;USP44;CCNB1;CDCA8;PCID2;INCENP;XRCC3
prerank,Negative Regulation Of Protein Localization To Membrane (GO:1905476),0.5709385580478132,1.494333330478663,4.277286e-02,1.207547e-01,1.000000e+00,13/25,23.70%,DMTN;DAB2;TGFB1;GBP1;LRRC15;TMBIM1;KCNE1;LRPAP1;INPP5K;PICALM;NUMB;TMEM59;GDI1
prerank,Porphyrin-Containing Compound Biosynthetic Process (GO:0006779),0.5880712617155457,1.494078786421989,4.687500e-02,1.207595e-01,1.000000e+00,6/20,19.63%,ALAS2;FECH;UROD;HMBS;CPOX;PGRMC1
prerank,Blood Circulation (GO:0008015),0.501617416561633,1.4935011702149545,3.401361e-02,1.211010e-01,1.000000e+00,18/45,19.68%,MYL2;C3AR1;CXCL12;TRDN;OLR1;CXCL10;HCN4;SERPING1;ACVRL1;GPX1;GCLM;ACTC1;ADORA2A;SCPEP1;PLN;CYB5R3;AGTR1;F5
prerank,Regulation Of Calcium Ion Import (GO:0090279),0.6231437744934473,1.4913595784249458,3.969466e-02,1.229492e-01,1.000000e+00,9/17,22.41%,CCL3;CXCL12;CCL2;FCRL3;STC1;PLN;PKD2;EGF;SLC30A1
prerank,Mitotic G2/M Transition Checkpoint (GO:0044818),-0.42630081684991283,-1.4910542166389578,2.032520e-02,2.669317e-01,1.000000e+00,14/46,15.20%,CHEK1;TICRR;PLK1;DEPDC1B;CDK1;RBBP8;DONSON;CDC6;BRCA1;NABP2;RINT1;BRSK1;NAE1;BLM
prerank,Ribosomal Small Subunit Biogenesis (GO:0042274),-0.3736498452483692,-1.490876814559278,9.569378e-03,2.649681e-01,1.000000e+00,47/83,38.37%,NOP58;MPHOSPH10;PNO1;NPM1;RPS5;WDR43;RPS17;UTP20;RPS7;RPS19;NAT10;WDR75;SPPL2B;MRPS11;IGF2BP3;NOM1;RIOK1;NOL11;BMS1;HEATR1;EMG1;RPS8;UTP11;RPS3A;WDR3;NOP56;TBL3;TSR3;KRR1;RPS15A;METTL17;UTP4;RPSA;RRP7BP;MRPS7;LTV1;DDX52;RPS24;RRP36;RIOK2;RPS15;WDR36;ERAL1;RPS25;UTP15;UTP18;RRP9
prerank,Regulation Of Centrosome Duplication (GO:0010824),-0.45893110447906593,-1.4896361770625777,4.472843e-02,2.649774e-01,1.000000e+00,11/29,19.36%,PKHD1;CHMP4C;GEN1;CEP295;CCNF;NPM1;CHMP3;SPICE1;NAT10;XRCC3;STIL
prerank,Negative Regulation Of Cysteine-Type Endopeptidase Activity (GO:2000117),0.49757119718076714,1.4894104485546573,3.234880e-02,1.247795e-01,1.000000e+00,12/47,12.89%,SNCA;CST7;THBS1;LTF;CARD16;TNF;CDKN2D;CST3;CARD8;GPX1;RPS6KA1;DPEP1
prerank,Regulation Of Protein Localization To Cell Surface (GO:2000008),0.5526899925586217,1.4882045826975434,3.943662e-02,1.257493e-01,1.000000e+00,10/29,21.20%,ACTN2;KCNAB2;TYROBP;TNF;MAP1A;STX4;HFE;PICALM;ABCA7;EGF
prerank,Positive Regulation Of Receptor Internalization (GO:0002092),0.5838808880300335,1.4876262548726154,5.345912e-02,1.260332e-01,1.000000e+00,7/21,11.91%,ARRB2;CCL14;NTF3;GREM1;SFRP4;SELE;ARRB1
prerank,Positive Regulation Of Phospholipase Activity (GO:0010518),0.6002998876614005,1.4876136418733872,4.482226e-02,1.257839e-01,1.000000e+00,11/19,22.90%,CCL5;APOC2;ESR1;FGFR1;GNA13;FLT1;FGF2;PLA2G5;AGTR1;PDGFRA;FGFR2
prerank,Actin Polymerization Or Depolymerization (GO:0008154),0.4910707583161534,1.486821987773275,1.445466e-02,1.262989e-01,1.000000e+00,18/53,14.36%,WAS;PREX1;VIL1;CATIP;WIPF1;PSTPIP1;AIF1;ARHGAP6;CORO7;VILL;PSTPIP2;GAS7;MICAL1;GHSR;FAM107A;WDR1;EVL;TWF2
prerank,Positive Regulation Of Calcium Ion Transmembrane Transport (GO:1904427),0.5241153873634664,1.4852842541303157,3.274216e-02,1.276092e-01,1.000000e+00,16/36,20.47%,SNCA;CASQ1;CXCL9;CEMIP;P2RX7;CXCL10;GRM6;CXCL11;APLNR;CD19;THY1;F2R;RAMP3;CX3CL1;P2RX5;P2RX4
prerank,Positive Regulation Of Blood Vessel Endothelial Cell Migration (GO:0043536),0.5108664204649417,1.4850321275832252,3.013699e-02,1.276275e-01,1.000000e+00,16/44,20.47%,FOXC2;HMOX1;THBS1;TGFB1;TMSB4X;PTGS2;STAT5A;FGFR1;MAP2K3;CD40;MAP3K3;ETS1;FGF2;RHOJ;AKT3;P2RX4
prerank,Regulation Of mRNA Metabolic Process (GO:1903311),-0.5601055377725,-1.4837049892195595,6.410256e-02,2.731520e-01,1.000000e+00,7/15,25.25%,SRPK3;MAGOHB;SRPK2;SRPK1;RBM8A;PTCD2;NCBP1
prerank,Spliceosomal snRNP Assembly (GO:0000387),-0.45694828436947643,-1.4835075270505358,4.545455e-02,2.712403e-01,1.000000e+00,24/37,38.76%,SNRPG;SNRPD1;SNRPF;SNRPE;STRAP;LSM4;TGS1;GEMIN6;GEMIN2;SRSF10;PRPF19;COIL;PRPF31;SNRPB;TSSC4;GEMIN5;GEMIN7;SMN1;PRMT7;CLNS1A;HNRNPC;SART3;PRPF3;SRSF12
prerank,Regulation Of Protein Targeting To Membrane (GO:0090313),0.5510979366175393,1.4814986362086193,3.185596e-02,1.311053e-01,1.000000e+00,8/27,17.08%,ITGAM;ITGB2;CEMIP;DMTN;FYN;KCNE1;PRNP;INPP5K
prerank,Positive Regulation Of Intracellular Signal Transduction (GO:1902533),0.4001045648568544,1.4811304224944135,1.000000e-03,1.311738e-01,1.000000e+00,156/500,22.18%,MMP8;TRIM58;CCL5;OSM;P2RY12;NLRP3;FGR;HCST;NCF1;NLRP12;CCL3;PRKCB;ADAM8;HMOX1;S100A12;CCL4;PTPRC;SELP;THBS1;DOK2;FASLG;NOD2;LAPTM5;LIF;PIK3AP1;HLA-DRB1;LTF;CD4;DOK3;TLR2;PIK3R5;HPSE;CD86;TLR4;BMP6;DAB2;TLR7;TRAT1;IL1B;CARD16;UBD;CD74;CCL19;CLEC7A;TNF;TGFB1;PIM2;LEP;LCK;IGFBP6;PIK3CG;PIK3CD;CASS4;RFPL4A;MAP4K1;LTB;TREM2;FLT3;FCRL3;ADRB3;CCR7;CASP1;PTPN6;CD27;RFPL4AL1;SEMA4D;CORO7;BMP2;SECTM1;PTPRJ;FN1;LIMS1;ADRA2B;NUPR1;LITAF;FGFR1;HBEGF;IL6;TLR9;LGALS9;CLEC6A;MYD88;CARD11;ENG;TMEM106A;CCL21;FLNA;LYN;CDH13;NTRK1;NTRK3;LGALS1;DOK5;IL12B;DCN;PDGFD;ECM1;CD81;PPARG;FLT1;CD40;MAP3K3;TLR6;FGF1;F2R;CHI3L1;TNFSF14;FGF2;ILK;VWF;PELI1;DDR2;TRIM22;PYCARD;TRIM21;HCLS1;ALPK1;TEK;RAMP3;CASP10;ROR2;GAS6;TRIM38;RHOA;PLCG2;PLEKHF1;IKBKG;IFI35;TGFBR1;TCIM;CX3CL1;HIP1;FGF10;BBC3;RNF13;P2RX5;FLCN;CFLAR;APOL2;NTRK2;IFIT5;P2RX4;DDX3X;TNFRSF1A;S100B;GATA3;JAK2;EGF;CASP8;CCDC22;SMCR8;PDGFRA;TAB2;HTR6;LAMTOR1;SHISA5
prerank,Positive Regulation Of Vasculature Development (GO:1904018),0.454669320761945,1.4810815748882067,1.353014e-02,1.309546e-01,1.000000e+00,49/98,26.57%,ITGAX;CXCL8;PRKCB;HMOX1;THBS1;PTGIS;SERPINE1;PIK3R6;EMILIN2;IL1B;NINJ1;PIK3CD;TNFSF12;GRN;ANGPTL4;VEGFC;ECM1;CYP1B1;APLNR;FLT1;HK2;CD40;LRG1;FGF1;CHI3L1;ETS1;CTSH;FGF2;XBP1;BTG1;TEK;HSPB6;RUNX1;HIPK2;CD34;SMOC2;ANXA3;ISL1;ZC3H12A;NOS3;EMILIN1;HIPK1;WNT5A;GATA2;ITGB1;RAMP2;RRAS;VEGFB;PRKD2
prerank,Positive Regulation Of Cell Migration (GO:0030335),0.4069789856877261,1.4801549273711365,3.225806e-03,1.316562e-01,1.000000e+00,71/262,15.55%,CCL5;ITGAX;FGR;SERPINB3;CCL3;CXCR4;PTPRC;FERMT3;CEMIP;THBS1;CCR1;CCL7;CCL11;CSF1R;IFNG;DMTN;CXCL12;CCL26;VIL1;CXCL16;NTF3;VSIR;DAB2;IL1B;CLEC7A;TGFB1;AIF1;PIK3CD;CASS4;CCL24;NCKAP1L;GLIPR2;SEMA6B;ENPP2;GRN;SDCBP;SEMA4D;SNAI1;COL1A1;BMP2;CCR2;FN1;PTK2B;HBEGF;CSF1;PECAM1;LRRC15;CDH13;NTRK3;STX4;DOCK5;CARMIL2;PDGFD;SOD2;FAM107A;FLT1;MYADM;SUN2;FGF1;F2R;VTN;AKT2;CTSH;GPNMB;TWIST2;PDPN;PPM1F;XBP1;DDR2;CRKL;RIPOR1
prerank,Response To Fatty Acid (GO:0070542),0.6202773932737022,1.4787289991787411,6.129032e-02,1.329312e-01,1.000000e+00,9/16,20.61%,FFAR2;FFAR1;LCP1;FFAR3;PDK4;FOXO1;FOXO3;GLDC;UCP1
prerank,Positive Regulation Of Endopeptidase Activity (GO:0010950),0.5570999642458058,1.478634507568449,5.043228e-02,1.327571e-01,1.000000e+00,15/26,26.95%,MEFV;CR1;SERPINB3;VSIR;FYN;LYN;APH1B;PYCARD;PICALM;PSENEN;AIM2;NCSTN;TTBK1;PSME1;USP50
prerank,Extrinsic Apoptotic Signaling Pathway (GO:0097191),0.47376289833393254,1.4782952340687106,2.820513e-02,1.328451e-01,1.000000e+00,26/65,26.58%,TNFRSF1B;G0S2;BCL2A1;FASLG;IFNG;P2RX7;TNF;TGFB1;TNFSF12;CD27;IL6R;MCL1;GABARAP;INHBA;CASP10;DDX3X;TNFRSF1A;JAK2;CASP8;TRADD;HIPK1;FAS;DEDD2;BAK1;IL12A;TNFRSF10B
prerank,Regulation Of Blood Vessel Endothelial Cell Migration (GO:0043535),0.49592363489703667,1.4768691032496468,1.912568e-02,1.341020e-01,1.000000e+00,22/50,24.58%,THBS1;TNF;TGFB1;TMSB4X;APOE;STAT5A;RGCC;FGFR1;MAP2K3;PRCP;PPARG;CD40;SH3BP1;ETS1;FGF2;MEF2C;MECP2;AKT3;P2RX4;VASH1;NOS3;GATA2
prerank,Positive Regulation Of Protein-Containing Complex Assembly (GO:0031334),0.4507912461167434,1.4766758727957756,2.085890e-02,1.340498e-01,1.000000e+00,32/93,20.73%,SNCA;GBP5;PLEK;CXCL13;BTK;TAL1;IFNG;LCP1;PTPN22;TLR4;CLEC7A;TNF;TGFB1;TRABD2B;CLU;GBP2;RAP1B;MYD88;TPPP3;CD36;SYK;MMP3;TLR6;BMF;PLCG2;WARS1;STMP1;BCL2L11;BRK1;CAPG;DDX3X;RASIP1
prerank,Positive Regulation Of Embryonic Development (GO:0040019),-0.5441714763011054,-1.476493615468801,6.613757e-02,2.812252e-01,1.000000e+00,4/16,6.88%,FOXA2;LHX1;PLCB1;SCX
prerank,Vacuolar Acidification (GO:0007035),0.5465628829682565,1.4731898864657045,4.978663e-02,1.373506e-01,1.000000e+00,17/27,27.94%,SLC11A1;ATP6V0D2;GRN;TCIRG1;ATP6AP2;ATP6V1B2;RNASEK;DMXL2;ATP6V1F;ATP6V0D1;ATP6V0C;PPT1;CLN5;ATP6V0A1;ATP6V0A4;ATP6V0E1;ATP6V0B
prerank,Cellular Response To Mechanical Stimulus (GO:0071260),0.4984928104133233,1.471733020039381,2.820874e-02,1.387057e-01,1.000000e+00,25/47,27.34%,TLR8;TLR4;TLR7;IL1B;TNFRSF8;PTGER4;CASP1;IRF1;PDE2A;CASP5;MYD88;CD40;TNFSF14;TMEM150C;TLR5;CNN2;MAPK3;TNFRSF1A;CASP8;MAP3K1;FAS;BAK1;TNFRSF10B;AQP1;NFKB1
prerank,Positive Regulation Of Cytosolic Calcium Ion Concentration Involved In Phospholipase C-activating G Protein-Coupled Signaling Pathway (GO:0051482),0.5624983664968126,1.471450702788272,4.775687e-02,1.387106e-01,1.000000e+00,13/25,20.37%,C3AR1;GRM1;P2RY10;GPR174;CALCA;GPR65;P2RY8;F2RL2;F2R;OPRL1;GNA15;GPR55;LPAR6
prerank,snRNA Metabolic Process (GO:0016073),-0.50807177648058,-1.4711759534829107,4.129794e-02,2.881255e-01,1.000000e+00,18/21,47.06%,INTS7;INTS13;INTS8;INTS2;INTS14;TUT1;INTS10;INTS5;MTREX;ZCCHC8;SNAPC3;INTS12;RBM7;RPAP2;INTS6;INTS4;INTS11;INTS3
prerank,Negative Regulation Of Ossification (GO:0030279),0.5690641765464317,1.470163814637043,5.775076e-02,1.398340e-01,1.000000e+00,10/22,16.49%,CCL3;SRGN;CCR1;SOST;GREM1;PTK2B;ECM1;RBPJ;ENPP1;MEF2C
prerank,Ribosomal Large Subunit Assembly (GO:0000027),-0.5213697421359088,-1.4697759431293613,5.649718e-02,2.884742e-01,1.000000e+00,14/20,40.07%,RRS1;NOP2;RPLP0;RPF2;MDN1;BRIX1;MRM2;TRAF7;RPL5;RPL6;NLE1;DHX30;FASTKD2;RPL11
prerank,Proteolysis (GO:0006508),0.4060400381832128,1.4686524513083543,1.000000e-03,1.412339e-01,1.000000e+00,83/299,16.67%,ELANE;PRTN3;AZU1;MMP8;CTSG;KEL;ANPEP;FCN1;GZMB;CTSW;ADAM8;CXCR4;SRGN;MMP19;GZMA;HTRA4;TPSAB1;CTSS;CPA4;THBD;ADAMDEC1;CTSB;CPXM2;UBD;MMP9;ADAM23;CPA3;TPP1;CTSE;ADAMTS9;TPSD1;PGC;CTSZ;OLR1;IHH;ADAMTS18;CPZ;ACE;TRABD2B;PEPD;CTSA;CTSD;WFDC2;CASP1;NLRP1;PGA3;LGMN;PGA5;CTSL;PCSK6;ADAMTS4;CPQ;ADAMTS10;PAPPA;CARD8;PGA4;ADAMTS1;MMP23B;KLK4;PCOLCE;MMP12;CTSK;DHH;PCSK2;CTRB1;ADAM28;TLL1;CTRB2;CTSC;MMP3;ADAM19;CAPN11;CTSH;APH1B;CASP4;TPSG1;FURIN;CFH;CPOX;MMP2;PRSS54;FBXO2;LACTB
prerank,Negative Regulation Of Signal Transduction (GO:0009968),0.4101661933473414,1.467390487738348,1.000000e-03,1.423786e-01,1.000000e+00,66/252,17.08%,MPIG6B;CCL5;BPIFB1;PTPRT;SNCA;CXCL8;NLRP12;PRKCB;PLEK;PTPRC;THBS1;GPC3;SOST;LTF;SLAMF1;IL1B;CARD16;IGFBP5;TNF;SULF2;CLEC12B;INPP5D;PIP4K2A;IRAK3;LILRA2;PRAME;TRABD2B;TREM2;CRHBP;APOD;SFRP4;HHEX;LGMN;BMP2;PTPRJ;IL10;PRKCD;TLR9;LRP1;CARD8;PTPRE;LYN;NOG;ARRB1;DKK3;IL12B;DCN;SULF1;TMBIM1;PPARG;SOCS1;TLR6;FRZB;LRPAP1;SMPD1;FGF2;GRINA;RGS14;DLK2;NR4A2;ENPP1;TNFAIP3;SOX30;CYP26B1;GPR108;INPP5K
prerank,Positive Regulation Of Gene Expression (GO:0010628),0.39574731330418517,1.4666396208443608,1.000000e-03,1.428431e-01,1.000000e+00,124/441,18.75%,PF4;ODAM;AZU1;MMP8;NWD1;SLC11A1;ITGAX;FGR;FGF5;CXCL8;CCL3;CD28;ACTG2;FGF9;THBS1;CRTAM;CD3E;ITK;SPI1;NFAM1;TTN;IFNG;LGALS9B;TLR2;PTPN22;TYROBP;VSIR;TLR4;BMP6;IL1B;CD74;P2RX7;CLEC7A;TNF;TGFB1;CCDC88B;NAT8B;PIK3CG;PIK3CD;RBM24;TXK;PTGER4;MYLK2;TREM2;CLU;LGALS9C;MYOM1;C1QTNF1;VIM;SFRP4;LILRB1;EGR1;IL33;BMP2;NTSR1;PDE2A;CUX2;IL10;FN1;LIMS1;RGCC;CLEC9A;SLC24A3;CSF1;IL6;TLR9;LGALS9;CLEC6A;MYD88;EREG;KAT2B;NIBAN1;NTRK3;NOG;IFNGR1;CD36;TFR2;ID2;BTN3A1;SAA1;TNC;HSPA1B;WBP2;ACTC1;PPARG;TMEM119;HSPA1A;RBPJ;ZNF804A;BCL3;TLR6;ADAM19;FGF1;ETS1;CTSH;FER1L6;FGF2;ERN1;PPM1F;MITF;LARP6;HFE;PHF1;INHBA;BATF;PADI2;MEF2C;RAMP3;GAS6;STOX1;PLCG2;IL15;TESC;ACTA2;PIK3R1;SAMD4A;CALCOCO1;TGFBR1;POU3F1;OXSR1;CD34;MSN;WARS1;FGF10
prerank,Long-Chain Fatty Acid Transport (GO:0015909),0.5773455243221681,1.464940711219931,5.589124e-02,1.443979e-01,1.000000e+00,10/22,17.41%,SPX;FABP4;ABCD2;APOE;ACSL1;CD36;PPARG;SLC27A2;SLC27A1;SLC25A20
prerank,RNA-templated DNA Biosynthetic Process (GO:0006278),-0.5202617751648724,-1.464912849320538,7.062147e-02,2.927365e-01,1.000000e+00,10/18,25.77%,PIF1;TERT;NHP2;DKC1;TELO2;RAD50;PINX1;MRE11;PTGES3;POT1
prerank,Telomere Maintenance Via Telomerase (GO:0007004),-0.5202617751648724,-1.464912849320538,7.062147e-02,2.927365e-01,1.000000e+00,10/18,25.77%,PIF1;TERT;NHP2;DKC1;TELO2;RAD50;PINX1;MRE11;PTGES3;POT1
prerank,Negative Regulation Of Amyloid-Beta Formation (GO:1902430),0.6159985744556562,1.464591369787986,5.660377e-02,1.444951e-01,1.000000e+00,7/16,21.76%,CLU;APOE;RTN1;PRNP;BIN1;NTRK2;RTN2
prerank,Mitochondrial Respiratory Chain Complex I Assembly (GO:0032981),-0.4099592228710436,-1.4645444568814905,3.200000e-02,2.888005e-01,1.000000e+00,32/53,40.49%,NDUFB9;NDUFAF2;FOXRED1;NDUFA9;NDUFAF5;NDUFAF6;NDUFAB1;TMEM186;COA1;TIMM21;NUBPL;NDUFB2;NDUFB5;LYRM2;NDUFB3;TMEM126B;NDUFA10;BCS1L;NDUFAF4;NDUFC2;NDUFB1;TMEM126A;NDUFAF1;NDUFC1;NDUFAF8;DMAC2;NDUFAF7;NDUFA2;NDUFA5;NDUFB10;NDUFS3;NDUFS4
prerank,NADH Dehydrogenase Complex Assembly (GO:0010257),-0.4099592228710436,-1.4645444568814905,3.200000e-02,2.888005e-01,1.000000e+00,32/53,40.49%,NDUFB9;NDUFAF2;FOXRED1;NDUFA9;NDUFAF5;NDUFAF6;NDUFAB1;TMEM186;COA1;TIMM21;NUBPL;NDUFB2;NDUFB5;LYRM2;NDUFB3;TMEM126B;NDUFA10;BCS1L;NDUFAF4;NDUFC2;NDUFB1;TMEM126A;NDUFAF1;NDUFC1;NDUFAF8;DMAC2;NDUFAF7;NDUFA2;NDUFA5;NDUFB10;NDUFS3;NDUFS4
prerank,Cellular Response To cAMP (GO:0071320),0.5423142723734482,1.463896501869964,3.555556e-02,1.450408e-01,1.000000e+00,15/29,20.93%,AQP9;DMTN;IGFBP5;CRHBP;RAPGEF1;HCN4;PDE2A;RAP1B;KCNE1;ZFP36L1;RAP1A;INPP5K;HCN1;KCNQ1;PKD2
prerank,Positive Regulation Of Macromolecule Metabolic Process (GO:0010604),0.4010243623805127,1.4633044422568526,1.041667e-03,1.453967e-01,1.000000e+00,100/331,18.92%,PF4;ODAM;AZU1;MMP8;NWD1;SNCA;SLC11A1;ITGAX;FGF5;CXCL8;CCL3;CD28;ACTG2;KLF2;FGF9;CD3E;LAPTM5;TTN;IFNG;LGALS9B;TLR2;PTPN22;TYROBP;VSIR;TLR4;BMP6;IL1B;CD74;P2RX7;CLEC7A;TNF;TGFB1;NAT8B;PIK3CD;MYLK2;TREM2;CLU;LGALS9C;MYOM1;NFKBIA;C1QTNF1;SFRP4;LILRB1;EGR1;IL33;BMP2;NTSR1;PDE2A;CUX2;FN1;LIMS1;RGCC;SLC24A3;CSF1;IL6;TLR9;LGALS9;MYD88;NTRK3;NOG;IFNGR1;CD36;ID2;TNC;HSPA1B;ACTC1;PPARG;TMEM119;HSPA1A;RBPJ;ZNF804A;NR1H3;TLR6;ADAM19;FGF1;ETS1;CTSH;FER1L6;FGF2;PPM1F;MITF;HFE;INHBA;MEF2C;RAMP3;GAS6;MTPN;STOX1;PLCG2;TESC;ACTA2;CALCOCO1;TGFBR1;POU3F1;OXSR1;CD34;MSN;WARS1;FGF10;AGTR1
prerank,Triglyceride Metabolic Process (GO:0006641),0.521018686835252,1.4627806368050191,3.730273e-02,1.457435e-01,1.000000e+00,13/35,17.29%,APOA2;APOBR;MOGAT2;LCP1;APOC1;CETP;GPAT3;APOE;LIPC;DGAT2;SEL1L;PNPLA2;CPS1
prerank,Peptidyl-Lysine Methylation (GO:0018022),-0.4828726877432352,-1.4622769931064972,8.099688e-02,2.907950e-01,1.000000e+00,16/24,40.00%,CSKMT;SMYD2;SUV39H2;SETD4;VCPKMT;EEF2KMT;KMT5A;METTL18;SETD6;EEF1AKMT2;SMYD3;METTL21A;SETD7;EEF1AKMT1;EHMT2;EHMT1
prerank,Peptide Hormone Secretion (GO:0030072),-0.501343385421738,-1.4622643311631367,6.744868e-02,2.886089e-01,1.000000e+00,4/21,4.01%,RIMS2;FAM3B;GAL;SLC30A8
prerank,Positive Regulation Of Multicellular Organismal Process (GO:0051240),0.39812770791392454,1.4606017811251304,2.076843e-03,1.479482e-01,1.000000e+00,94/349,17.21%,SLC11A1;PTH2R;ITGAX;FGR;SERPINB3;G0S2;LILRB2;SPP1;ADAM8;CD28;CXCR4;CRTAM;CACNA1S;ITK;NFAM1;IFNG;IRF4;LCP1;FABP4;CEBPB;CMKLR1;SERPINE1;APOC2;DAB2;IL1B;NKX6-1;TNF;TGFB1;CCDC88B;LEP;PIK3CG;PIK3CD;ALPL;LILRA2;KDM6B;TXK;GLIPR2;PTGER4;TREM2;ADRB3;APOE;FOXJ1;SDCBP;HLA-G;ACSL1;SNAI1;COL1A1;IL33;BMP2;CCR2;TRPV2;IL10;RGCC;LEPR;CLEC9A;IL6;CLEC6A;LRP1;EREG;GATM;GHSR;NOG;CD36;SYK;BTN3A1;IL12B;SAA1;LOXL2;SOX6;PPARG;TMEM119;HCAR2;LRG1;ACTB;TGFBR2;F2R;IL4R;LRPAP1;ADIPOR1;TBXA2R;FGF2;PDPN;LCN2;XBP1;INHBA;SMTNL1;BATF;OXTR;GADD45G;GAS6;INPP5K;ZBED2;SLC27A1;IL15
prerank,Chemical Synaptic Transmission (GO:0007268),-0.3233744880659538,-1.4605750224289735,1.000000e-03,2.895913e-01,1.000000e+00,60/227,14.24%,GRIK3;HTR1A;PENK;HTR1D;GLRA3;CHRNA3;GRIA4;GABRR1;CHRNA5;RIMBP2;CHRNB4;HTR3A;UNC13A;GRM4;DLG2;KCNQ3;GABRA3;CHRM2;SYT1;BSN;KCNK3;GAD1;ERC2;NPTX1;CPLX1;GRIK4;SLC1A6;KCNA1;DTNA;GLRB;CHRNB2;SLC17A8;GRM2;KCND2;CHRM3;NLGN1;CHRM4;GABBR2;LRP6;CACNA1B;OPRK1;GIPC1;CDH8;SNAP25;NRXN1;GABRQ;SLC6A2;NSG1;KCNMB4;PTPRN2;SYT5;DLG3;GRIN1;SYN2;HTR1B;PPFIA3;BRSK1;NPFF;DVL1;PCDHB11
prerank,Positive Regulation Of DNA-binding Transcription Factor Activity (GO:0051091),0.4092814370592216,1.4605256275628733,2.155172e-03,1.477443e-01,1.000000e+00,85/232,24.63%,TRIM58;IL18RAP;NLRP3;PRKCB;ADAM8;S100A12;NOD2;CD40LG;NFAM1;BTK;LTF;TLR2;WNT2;TLR4;IL1B;CARD16;NKX6-1;NLRC4;CLEC7A;TNF;IRAK3;RFPL4A;CLU;ESR1;RFPL4AL1;BMP2;NTSR1;RIPK3;IL10;RGCC;IL18R1;IL6;IRAK2;TLR9;LGALS9;MYD88;EPHA5;CARD11;NTRK1;CD36;HSPA1B;PPARG;HSPA1A;CD40;NHLH2;TLR6;TRAF1;DDR2;TRIM22;FZD2;STING1;PYCARD;TRIM21;HCLS1;PLPP3;CD200;TRIM38;MTPN;IL1RAP;PLCG2;FANK1;IKBKG;HIPK2;CX3CL1;PTEN;FLOT1;CFLAR;AKR1B1;ANXA3;SMARCB1;ARHGEF2;BEX1;PRKCH;PPARGC1A;ZBTB7A;IKBKE;HDAC5;TRIM25;TRADD;AIM2;WNT5A;PRKCQ;ARID5B;FLOT2;CRTC2
prerank,Positive Regulation Of Smooth Muscle Cell Migration (GO:0014911),0.5980352020304656,1.4601959591924067,7.176287e-02,1.478545e-01,1.000000e+00,8/16,14.18%,CCL5;FGF9;IGFBP5;AIF1;NR4A3;DOCK5;DOCK4;VTN
prerank,Regulation Of Heart Contraction (GO:0008016),0.47273413832616495,1.4590010450716164,2.420382e-02,1.489254e-01,1.000000e+00,25/65,20.47%,TMIGD3;ADORA3;SLC8A2;NKX2-5;HSPB7;SLC8A3;ATP2A1;HCN4;DES;ATP2A3;CELF2;ATP1A2;SCN10A;SCN1B;PLN;HRC;MYH6;CALM3;SMAD7;TPM1;SLC8A1;KCNQ1;SLC4A3;ATP2B1;P2RX4
prerank,"Mitochondrial Electron Transport, NADH To Ubiquinone (GO:0006120)",-0.45788193635460406,-1.4586428652336387,2.866242e-02,2.905924e-01,1.000000e+00,23/33,44.72%,NDUFB9;NDUFS6;NDUFA9;NDUFAB1;NDUFB2;NDUFB5;NDUFB3;NDUFA10;NDUFC2;NDUFV3;NDUFB1;NDUFAF1;NDUFC1;NDUFA2;NDUFA5;NDUFB10;NDUFV1;NDUFS3;NDUFS4;NDUFB7;NDUFA7;NDUFS1;NDUFS5
prerank,Cellular Response To Catecholamine Stimulus (GO:0071870),0.594974178417906,1.4577561442500087,6.741573e-02,1.500014e-01,1.000000e+00,10/18,26.88%,SNCA;PDE4B;NR4A3;GNG2;LRRK2;KCNQ1;SIRT2;PRKACA;DRD1;GNB1
prerank,Anterior/Posterior Pattern Specification (GO:0009952),-0.4154655667230261,-1.4561721987962175,4.615385e-02,2.931937e-01,1.000000e+00,13/46,14.27%,HOXC6;HOXC9;HOXC5;HOXC4;HES6;HOXA9;LHX1;HOXA6;HOXB3;LRP5;CELSR2;HES2;HOXB7
prerank,Negative Regulation Of Cation Channel Activity (GO:2001258),0.5489667911259184,1.4552855281908421,4.910714e-02,1.525592e-01,1.000000e+00,12/24,27.81%,TRDN;MMP9;GSTM2;CASQ2;CALM3;GSTO1;PKD2;CLIC2;PPP3CC;KCNE3;GNB5;FKBP1A
prerank,Icosanoid Biosynthetic Process (GO:0046456),0.5959317488384911,1.4543614541851975,7.198748e-02,1.532978e-01,1.000000e+00,7/17,20.01%,PRG3;ALOX5AP;NLRC4;CASP1;PYCARD;PLA2G5;NAIP
prerank,Peptide Catabolic Process (GO:0043171),0.5760061928254006,1.4541792300742795,5.441176e-02,1.531929e-01,1.000000e+00,11/21,23.46%,ANPEP;DPEP2;TPP1;CPQ;DPEP1;CTSH;ECE1;NAALADL1;MME;TRHDE;ERAP2
prerank,Negative Regulation Of Protein Serine/Threonine Kinase Activity (GO:0071901),0.45195209376534384,1.4536598469428255,2.933673e-02,1.535051e-01,1.000000e+00,34/78,23.43%,PRKAR2B;CD300A;DUSP1;IL1B;LAX1;IRAK3;SLC8A3;APOE;HHEX;BMP2;PTPRJ;PRKCD;LYN;PPARG;SH2B3;SMPD1;RGS14;LATS2;CDKN1A;PYCARD;CEBPA;INPP5K;RGS2;HEG1;PTEN;SLC8A1;PKIG;TESK1;RASIP1;PRKAR1A;CDKN1B;PIK3CB;UCHL1;GBA1
prerank,Positive Regulation Of Natural Killer Cell Activation (GO:0032816),0.5941355483072361,1.4533435559104788,6.093750e-02,1.535594e-01,1.000000e+00,11/18,23.88%,FCGR3A;KLRC2;TYROBP;HLA-E;HLA-F;IL12B;GAS6;TYK2;JAK2;AXL;LAMP1
prerank,RNA 3'-End Processing (GO:0031123),-0.43879515620857373,-1.452614705491934,4.140127e-02,2.974584e-01,1.000000e+00,19/34,33.22%,PNPT1;PTCD1;INTS7;INTS8;RPRD1A;CPSF6;SSB;INTS2;NCBP1;CSTF3;INTS14;ELAC1;MBLAC1;RPRD1B;NUDT21;INTS5;CPSF7;TENT4A;RPRD2
prerank,Negative Regulation Of Platelet Activation (GO:0010544),0.6082653520260062,1.4522772615346755,5.837174e-02,1.545109e-01,1.000000e+00,7/15,14.08%,SERPINE2;THBD;C1QTNF1;APOE;PRKCD;ALOX12;SH2B3
prerank,Extracellular Structure Organization (GO:0043062),0.4399943647825321,1.4508810820306444,1.652893e-02,1.558282e-01,1.000000e+00,46/102,25.24%,IBSP;MMP8;SMOC1;MMP19;DMP1;SPOCK2;MMP9;ADAMTSL4;ADAMTS9;COL13A1;ADAMTS18;MMP10;COL1A1;CCDC80;RECK;ADAMTS4;TGFBI;ADAMTS10;ADAMTS1;MMP23B;MMP23A;MMP12;COL1A2;COL24A1;VIT;MMP3;COLQ;FURIN;MMP2;COL5A1;MIA;COL8A2;TGFBR1;NDNF;SMOC2;COL5A2;COL9A2;ATP7A;ADAMTS6;COL11A1;COL15A1;MMP17;ADAMTS2;COL23A1;MMP13;COL14A1
prerank,Organic Hydroxy Compound Transport (GO:0015850),-0.4232865975787552,-1.4492619615733286,3.546099e-02,3.014976e-01,1.000000e+00,17/42,22.67%,SLCO1A2;ABCC2;SLCO1B3;SLC29A4;ATP8B1;SLC10A6;AKR1C4;SLC5A11;SLC10A5;SLC5A1;CEACAM1;SLC27A5;SLC22A1;ABCC11;SLCO1B1;STRA6;POLR2D
prerank,Positive Regulation Of Cellular Metabolic Process (GO:0031325),0.48173757623464425,1.4492265190569995,3.698811e-02,1.574903e-01,1.000000e+00,13/54,13.32%,CCL5;ACTN3;CXCL8;THBS1;IFNG;KIR2DL4;CBR1;B2M;HLA-G;YPEL3;GRB2;AKR1C1;TGFBR2
prerank,Endoderm Formation (GO:0001706),0.5265082674529585,1.4441262896342018,5.547445e-02,1.632963e-01,1.000000e+00,14/34,16.08%,MMP8;ITGB2;DUSP1;EOMES;MMP9;ITGA4;DUSP5;DUSP2;ITGA5;FN1;SOX17;VTN;MMP2;INHBA
prerank,Positive Regulation Of Mononuclear Cell Migration (GO:0071677),0.5324247901638471,1.4439655913297558,6.531205e-02,1.631549e-01,1.000000e+00,16/28,16.87%,CCL5;FPR2;CCR1;CXCL12;SERPINE1;TNF;AIF1;CXCL10;CCR7;LGMN;CCR2;LGALS9;JAM2;PLA2G7;CCR6;GAS6
prerank,Response To Cadmium Ion (GO:0046686),0.5646484770302981,1.4437527537685486,7.088989e-02,1.630917e-01,1.000000e+00,10/21,19.91%,NCF1;MT1H;MT1A;MMP9;FOS;MAPK1;HAAO;MT1G;JUN;MAPK3
prerank,Positive Regulation Of Receptor Signaling Pathway Via STAT (GO:1904894),0.5241953800425065,1.4435529881248477,5.882353e-02,1.630380e-01,1.000000e+00,13/31,13.89%,CCL5;CRLF2;IL10RA;TNF;TGFB1;LEP;IL7R;IL10;IL6;GH2;TSLP;CYP1B1;F2R
prerank,Regulation Of Cell Migration (GO:0030334),0.39101767581782226,1.4433126840316446,3.125000e-03,1.630694e-01,1.000000e+00,143/411,21.73%,ADGRG3;CCL5;PTPRT;SERPINE2;ITGAX;FGR;SERPINB3;CSRP3;FGF5;CCL3;TMIGD3;ADORA3;CXCR4;FERMT3;CEMIP;FGF9;THBS1;CCR1;CCL7;CCL11;CSF1R;DNAI3;CXCL12;CCL26;VIL1;SERPINE1;TNN;CXCL16;NTF3;VSIR;DAB2;EMILIN2;IL1B;IGFBP5;CD74;CLEC7A;TGFB1;TMSB4X;AIF1;PIK3CD;CASS4;CCL24;DOCK10;ACE;SEMA6B;ENPP2;FYN;GRN;SDCBP;SEMA4D;SNAI1;COL1A1;BMP2;MCTP1;PTPRJ;PLXNC1;PTK2B;RECK;PLXND1;HBEGF;CSF1;BEX4;ACVRL1;ENG;KIF2A;ARSB;PECAM1;FLNA;LRRC15;PRR5L;CDH13;NTRK3;NOG;STX4;CARMIL2;PHACTR1;TNC;PDGFD;SOD2;MGAT3;IFITM1;FAM107A;SULF1;CYP1B1;DPEP1;FLT1;MYADM;THY1;SUN2;ARHGAP4;FGF1;F2R;STC1;AKT2;CTSH;GPNMB;TWIST2;NTNG2;FGF2;PDPN;PPM1F;XBP1;MITF;DUSP3;RIPOR1;CLIC4;VCL;ROR2;TP53INP1;RHOA;PODN;ADARB1;IGSF10;SEMA7A;FOXO3;TGFBR1;SMAD7;CORO1C;CX3CL1;SPATA13;NUMB;TPM1;PTEN;SRGAP3;FUZ;LDLRAD4;ZNF703;CDH11;PLAU;FLCN;LGR6;SAP30;MMRN2;MINK1;EGF;NEDD9;ADAM9;OSGIN1;SEMA4A;PODXL;CD151;DUSP10;PDGFRA
prerank,Negative Regulation Of Cysteine-Type Endopeptidase Activity Involved In Apoptotic Process (GO:0043154),0.4849592909111899,1.4408280295676468,5.694444e-02,1.657365e-01,1.000000e+00,10/46,12.89%,SNCA;THBS1;PLAUR;CARD16;MMP9;TNF;CDKN2D;GPX1;RPS6KA1;DPEP1
prerank,Neurotransmitter Transport (GO:0006836),-0.4231314619852783,-1.4407023360741524,2.362205e-02,3.156866e-01,1.000000e+00,20/46,17.70%,SLC6A3;UNC13A;GRM4;SYT1;SLC1A6;SLC29A4;SLC17A8;SLC29A2;SNAP25;NRXN1;SLC6A2;SLC38A1;PTPRN2;SYN2;PPFIA3;BRSK1;DVL1;HRH3;SLC1A2;SLC22A1
prerank,Regulation Of Receptor Internalization (GO:0002090),0.5132721707344223,1.4402563637775907,4.366812e-02,1.661061e-01,1.000000e+00,12/36,15.36%,ARRB2;CCL14;NTF3;RIN3;RSPO1;GREM1;SFRP4;SDCBP;SELE;ARRB1;LRPAP1;DLG4
prerank,Endothelial Cell Development (GO:0001885),0.5742854789064026,1.4400684217784072,7.492355e-02,1.660543e-01,1.000000e+00,12/20,19.46%,GSTM3;PPP1R16B;RAPGEF1;PDE2A;RAP1B;PECAM1;ICAM1;MYADM;STC1;RAP1A;MSN;SOX18
prerank,DNA Geometric Change (GO:0032392),-0.46147195138383446,-1.4386669213099916,4.240283e-02,3.173085e-01,1.000000e+00,18/29,36.29%,RECQL4;DDX12P;DDX11;DNA2;BLM;HMGB3;DDX1;MCM8;RAD50;MTERF1;MRE11;POT1;WRN;ASCC1;ZRANB3;MCM9;ASCC3;SUPV3L1
prerank,Cellular Response To Fibroblast Growth Factor Stimulus (GO:0044344),0.49094242857734954,1.4376833114532739,5.114401e-02,1.687333e-01,1.000000e+00,12/43,14.52%,CCL5;FGF5;CXCL8;FGF9;EGR3;ZFP36;ZFP36L2;FGFR1;NR4A1;FGF1;FGF2;ZFP36L1
prerank,Sensory Perception Of Pain (GO:0019233),0.5970561340745547,1.4372527984274,6.050955e-02,1.689690e-01,1.000000e+00,10/17,20.48%,PROK2;CHRNA4;CCL2;P2RX7;CCR2;OPRM1;OPRL1;KCNA2;P2RX4;MME
prerank,Positive Regulation Of Peptidyl-Serine Phosphorylation (GO:0033138),0.45388935215547466,1.4371638140880159,3.553299e-02,1.687535e-01,1.000000e+00,18/68,17.10%,OSM;SNCA;LIF;IFNG;SH2D1A;NTF3;TNF;TGFB1;SH2D3C;IL6;NTRK3;STK4;CREBL2;IFNK;HCLS1;RAMP3;GAS6;STOX1
prerank,Lamellipodium Organization (GO:0097581),0.5355259628492516,1.437119814895973,4.781997e-02,1.684805e-01,1.000000e+00,13/30,18.50%,P2RY12;DMTN;PTPRO;ARHGEF6;S1PR1;PARVB;MYO9B;CDH13;ABLIM3;SPEF1;VCL;SNX2;SPATA13
prerank,Cellular Response To Hormone Stimulus (GO:0032870),0.4393669422032795,1.4364698379049579,2.699387e-02,1.689805e-01,1.000000e+00,32/87,18.06%,GATA1;CTSS;SOST;CYP11B1;CTSB;SERPINB9;ARID5A;LEP;NR4A3;CRHBP;ESR1;CTSL;CYP11A1;AKR1C1;HSPA1B;WBP2;NCOA4;HSPA1A;SLIT1;STAT5B;ATP1A2;LMO2;RARA;CTSH;ZFP36L1;XBP1;KLF9;OXTR;MEF2C;RAMP3;INPP5K;MGARP
prerank,Regulation Of Lipid Catabolic Process (GO:0050994),0.5723247203861697,1.4353835094243397,6.962025e-02,1.701148e-01,1.000000e+00,7/19,17.39%,APOA2;IL1B;TNF;APOC1;PDE3B;HCAR2;RARRES2
prerank,Acylglycerol Metabolic Process (GO:0006639),0.5203720746871158,1.4342466327997072,6.038292e-02,1.712611e-01,1.000000e+00,11/31,18.26%,APOA2;APOBR;LCP1;APOC1;CETP;APOE;DGAT2;SEL1L;PNPLA2;DGKG;PGS1
prerank,Protein Insertion Into Membrane (GO:0051205),-0.5340507887560734,-1.4337956432295378,6.806283e-02,3.239225e-01,1.000000e+00,6/15,22.24%,EGFR;REEP1;TRAM1L1;GET4;RTP4;MAIP1
prerank,Calcium Ion Transmembrane Import Into Cytosol (GO:0097553),0.44313302590274734,1.4335266788030674,3.274559e-02,1.718578e-01,1.000000e+00,30/83,18.67%,GP9;GP1BB;GP5;PTPRC;CACNA1S;SLC24A4;GP1BA;SLC8A2;CCL19;RYR1;LCK;CLU;SLC8A3;JPH3;CCR7;PLCB2;TRPV2;HTR2A;CCL21;FLNA;SCN10A;F2R;FGF2;GRIN2A;PLCD1;PLCG2;GRIN2D;ITPR2;ITPR1;SLC8A1
prerank,Protein Transmembrane Import Into Intracellular Organelle (GO:0044743),-0.4363704037552837,-1.4333422130590743,6.953642e-02,3.225292e-01,1.000000e+00,21/32,35.59%,PEX1;TOMM20L;DNAJC19;HSPD1;TOMM70;GRPEL2;PAM16;TOMM40;TIMM21;TOMM20;PEX7;ROMO1;TRIM37;PEX5;PEX2;TIMM44;PEX6;PEX10;PEX26;TIMM17A;TIMM23
prerank,Steroid Metabolic Process (GO:0008202),-0.367752929561957,-1.4333384855584572,3.414634e-02,3.202736e-01,1.000000e+00,26/81,18.07%,SDR9C7;LRP2;AKR1C2;CEL;CYP24A1;CYP3A5;HSD3B2;RDH16;SULT2B1;HSD3B1;CYP51A1;MSMO1;AKR1C3;CYP2C19;UGT2B15;CYP7B1;AKR1C4;DHRS11;FDFT1;GUCY2C;CYP26A1;SRD5A1;CYP39A1;CYP3A4;BAAT;AMACR
prerank,Inner Mitochondrial Membrane Organization (GO:0007007),-0.4410228392730882,-1.4331750178020692,4.113924e-02,3.182919e-01,1.000000e+00,24/34,48.10%,UQCC3;TIMM8B;CIBAR1;TIMM13;TOMM70;MTX2;CHCHD3;MAIP1;HSPA9;MTX3;ROMO1;IMMT;OPA1;TMEM11;SAMM50;MICOS10;MTX1;LETM1;TIMM10;TAFAZZIN;TIMM9;DNAJC11;TIMM8A;APOOL
prerank,Cardiac Muscle Tissue Development (GO:0048738),0.47758443567565234,1.4329988542627219,3.897849e-02,1.722899e-01,1.000000e+00,10/47,9.42%,ANKRD1;CSRP3;TCAP;TTN;NKX2-5;ADAMTS9;GREM1;KDM6B;MYLK2;BMP2
prerank,Regulation Of Actin Filament Bundle Assembly (GO:0032231),0.553235582709873,1.432944574355906,6.764706e-02,1.720278e-01,1.000000e+00,11/25,22.22%,PLEK;WAS;VIL1;PTGER4;SYNPO;CX3CL1;SYNPO2L;SYNPO2;FHOD1;SHANK1;PFN1
prerank,Plasma Membrane Bounded Cell Projection Assembly (GO:0120031),0.4006291200502286,1.4311681208964802,4.301075e-03,1.738747e-01,1.000000e+00,75/262,21.20%,CIBAR2;P2RY12;TEKT1;ACTN2;DNAAF1;SPAG6;DNAI2;CFAP43;TEKT2;HOATZ;IQUB;DMTN;FGD3;EMP3;PTPRO;P2RX7;DNM3;TEKT3;AIF1;CFAP161;NTN1;RILPL2;ARHGEF6;CFAP221;FXYD5;SEPTIN6;RAB8B;PMP22;S1PR1;TMEM107;FOXJ1;SDCBP;NME8;SNX10;PARVB;S1PR2;RFX2;RAP1B;TMEM231;CCL21;FLNA;CDH13;SCLT1;RP2;CFAP58;EHD1;TEKT4;ABLIM3;SPEF1;ALPK1;VCL;DNAH5;RAP1A;PPP1R9B;INPP5K;ATP6V0D1;RILP;RAB8A;FGD4;EHD4;SPATA13;DNMBP;SRGAP3;FUZ;OPHN1;UBXN10;FMNL3;RFX3;EMP1;CDC14A;SNAP29;EHD3;ASAP1;CYFIP1;MINK1
prerank,Negative Regulation Of Calcium Ion Transmembrane Transporter Activity (GO:1901020),0.5259717839250927,1.4310285502176554,5.611511e-02,1.737343e-01,1.000000e+00,13/27,27.81%,TRDN;GSTM2;CASQ2;TLR9;ATP1A2;PLN;CALM3;GSTO1;PKD2;CLIC2;PPP3CC;GNB5;FKBP1A
prerank,Regulation Of Peptidyl-Serine Phosphorylation (GO:0033135),0.44205368479615126,1.4307355408501037,2.096178e-02,1.738323e-01,1.000000e+00,25/85,19.04%,OSM;SNCA;LIF;DMTN;SH2D1A;NTF3;TNF;TGFB1;SH2D3C;IL6;NTRK3;STK4;CREBL2;PPM1F;HCLS1;HRC;RAMP3;DMD;GAS6;INPP5K;STOX1;RASSF2;SMAD7;PTEN;TENM1
prerank,Positive Regulation Of JNK Cascade (GO:0046330),0.44738121196054703,1.429988011428592,2.785146e-02,1.744138e-01,1.000000e+00,25/76,18.04%,MMP8;FCGR2B;NCF1;NOD2;GADD45B;CCN2;SLAMF1;IL1B;CCL19;CCR7;SDCBP;CD27;PTK2B;SH3RF3;TLR9;CCL21;RASGRP1;TRAF1;MAP3K10;PYCARD;GADD45G;FZD7;RASSF2;BIRC7;HIPK2
prerank,Apoptotic Cell Clearance (GO:0043277),0.5412071860647978,1.429050657519483,5.917160e-02,1.752819e-01,1.000000e+00,10/26,14.06%,ITGB3;FCN1;THBS1;TYROBP;TIMD4;TREM2;ALOX15;LRP1;NR1H3;RARA
prerank,Chondroitin Sulfate Proteoglycan Biosynthetic Process (GO:0050650),0.571242224869473,1.428684333204057,8.000000e-02,1.754120e-01,1.000000e+00,8/18,19.47%,CHST7;CHST9;CHST11;CHST15;CSGALNACT2;UGDH;XYLT1;CHSY1
prerank,Defense Response To Fungus (GO:0050832),0.5536912185521898,1.4284662551887095,6.185567e-02,1.753375e-01,1.000000e+00,9/22,10.70%,DEFA4;CLEC4D;S100A12;CLEC4E;LTF;CLEC7A;CLEC4A;DEFB4A;CLEC6A
prerank,Regulation Of Amyloid-Beta Formation (GO:1902003),0.5205852984882332,1.4283607759434658,5.734266e-02,1.751587e-01,1.000000e+00,14/32,21.76%,IFNG;TNF;CLU;APOE;RTN1;IFNGR1;PRNP;ABCG1;PICALM;ABCA7;GSAP;BIN1;NTRK2;RTN2
prerank,Positive Regulation Of p38MAPK Cascade (GO:1900745),0.5356415409158888,1.4276232757145924,6.617647e-02,1.757182e-01,1.000000e+00,7/24,9.42%,NCF1;SPI1;GADD45B;IL1B;LEP;GDF6;BMP2
prerank,Negative Regulation Of Signaling Receptor Activity (GO:2000272),0.5456678983034019,1.4272781287679903,5.822416e-02,1.758501e-01,1.000000e+00,10/24,16.50%,TNF;CLEC12B;LILRB4;CRHBP;ZFYVE28;CNRIP1;PPARG;CBLB;HFE;RAMP3
prerank,Positive Regulation Of Stress-Activated MAPK Cascade (GO:0032874),0.4272737713271312,1.4268228851811087,2.621723e-02,1.760996e-01,1.000000e+00,32/103,18.04%,MMP8;FCGR2B;NCF1;NOD2;SPI1;GADD45B;CCN2;SLAMF1;IL1B;CCL19;LEP;SCIMP;IGFBP6;GDF6;CCR7;SDCBP;CD27;BMP2;PTK2B;SH3RF3;TLR9;CCL21;ARL6IP5;RASGRP1;TRAF1;MAP3K10;PYCARD;GADD45G;FZD7;RASSF2;BIRC7;HIPK2
prerank,Phagosome Maturation (GO:0090382),0.6088558279438513,1.4263528976057587,7.383628e-02,1.764115e-01,1.000000e+00,8/15,18.84%,SLAMF8;MCOLN1;RAB20;RAB32;RAB31;SLC4A7;RAB43;SRPX
prerank,"Maturation Of 5.8S rRNA From Tricistronic rRNA Transcript (SSU-rRNA, 5.8S rRNA, LSU-rRNA) (GO:0000466)",-0.4867341195788486,-1.4261512167784576,8.777429e-02,3.301115e-01,1.000000e+00,9/21,21.62%,RRS1;RPS21;WDR12;UTP20;URB1;RPP40;EXOSC8;ERI2;EXOSC2
prerank,Positive Regulation Of Lipid Storage (GO:0010884),0.6013869453412767,1.4257790072263425,8.256881e-02,1.767872e-01,1.000000e+00,11/17,27.34%,MSR1;LCP1;PLIN2;EHD1;C3;OSBPL11;ZC3H12A;IKBKE;PLIN3;PLIN5;NFKB1
prerank,Regulation Of cAMP-mediated Signaling (GO:0043949),-0.5403984840029105,-1.4255300737310541,5.797101e-02,3.290146e-01,1.000000e+00,3/15,4.47%,PEX5L;SCTR;GNAI1
prerank,Intracellular Monoatomic Ion Homeostasis (GO:0006873),0.5776823343405031,1.4254738383294252,7.298137e-02,1.768847e-01,1.000000e+00,2/19,0.15%,SLC4A1;RHAG
prerank,Oxidative Phosphorylation (GO:0006119),-0.3850381496600916,-1.4252977217596707,2.745098e-02,3.271746e-01,1.000000e+00,37/60,43.63%,NDUFB9;NDUFS6;ATP5MF;NDUFA9;ATP5PF;NDUFAB1;NIPSNAP2;TEFM;NDUFB2;NDUFB5;NDUFB3;NDUFA10;UQCRB;SDHC;NDUFC2;ATP5F1C;NDUFV3;NDUFA12;ATP5F1B;NDUFB1;SDHA;UQCRH;NDUFC1;ATP5PO;NDUFA2;NDUFA5;ATP5MG;NDUFB10;NDUFV1;ATP5PD;NDUFS3;NDUFS4;UQCRC2;NDUFB7;ATP5PB;NDUFA7;NDUFS1
prerank,Positive Regulation Of Protein Targeting To Membrane (GO:0090314),0.5467734900455846,1.423924283249263,6.666667e-02,1.786577e-01,1.000000e+00,5/22,13.92%,ITGAM;ITGB2;CEMIP;FYN;PRNP
prerank,Positive Regulation Of Myeloid Leukocyte Cytokine Production Involved In Immune Response (GO:0061081),0.5992074444895589,1.423055189170625,8.744038e-02,1.794953e-01,1.000000e+00,7/16,17.81%,LAPTM5;CD74;NR4A3;LILRB1;HLA-G;PLCG2;SEMA7A
prerank,Ribosome Assembly (GO:0042255),-0.41013132718506246,-1.4230338856476439,4.580153e-02,3.294592e-01,1.000000e+00,35/48,43.88%,RRS1;NPM1;RPS5;NOP2;RPLP0;RPS19;MTERF3;RPF2;NGRN;MRPS11;MDN1;BRIX1;EIF6;TRAF7;NOA1;RPL5;RPL6;EIF2S1;NLE1;RPSA;RRP7BP;MRPS7;RPS15;MRPS2;ERAL1;MRPL22;SBDS;C1QBP;RPL11;DHX29;RRP7A;RPS28;DHX37;MTERF4;PPAN
prerank,Ureteric Bud Morphogenesis (GO:0060675),-0.5220759534255555,-1.4228826125931888,8.839779e-02,3.274899e-01,1.000000e+00,7/16,13.88%,BMP4;WNT11;NPNT;SHH;HOXD11;HOXA11;SIX1
prerank,Epithelial Cell Differentiation (GO:0030855),-0.337767096711972,-1.4213806131007611,1.550388e-02,3.282860e-01,1.000000e+00,28/120,10.48%,KRT14;AKR1C2;OVOL1;RHCG;KRT16;UPK2;ERBB4;ASCL1;KRT32;SPINK5;BMP4;KRT33A;PLAAT1;MESP1;KRT3;PROX1;KRT33B;E2F7;ANXA4;KRT34;KRT17;GRHL2;CDK1;IRF6;SCRIB;KRT9;KRT35;EHF
prerank,Positive Regulation Of NLRP3 Inflammasome Complex Assembly (GO:1900227),0.577377836349734,1.4209512530541601,9.726444e-02,1.820084e-01,1.000000e+00,12/18,26.95%,GBP5;PTPN22;TLR4;MYD88;CD36;TLR6;PLCG2;STMP1;DDX3X;NEK7;MARK4;USP50
prerank,Negative Regulation Of Viral Life Cycle (GO:1903901),0.570419116521618,1.4193824873459506,7.963247e-02,1.838633e-01,1.000000e+00,6/19,12.65%,FCN1;IFITM2;CIITA;IFITM3;LRRC15;IFITM1
prerank,Negative Regulation Of Ubiquitin-Protein Transferase Activity (GO:0051444),-0.5209661128815122,-1.4190812452151231,8.730159e-02,3.305622e-01,1.000000e+00,6/17,16.39%,BUB1B;MAD2L1;USP44;CDC20;BAG2;RPS7
prerank,Regulation Of Cell Cycle Process (GO:0010564),-0.34038808160226125,-1.4190666397818428,1.550388e-02,3.284100e-01,1.000000e+00,41/125,23.56%,CDCA2;INSM1;CHEK1;NEK2;PKMYT1;CAV2;KIF20A;DBF4;BUB1;PLK1;FBXO43;BRD7;RACGAP1;MKI67;RCC1;SPAG5;PRC1;KNSTRN;ECT2;BORA;GPER1;SOX9;SFRP1;CDKN2B;TIPIN;MYO19;HMGA2;KIF11;OBSL1;MAP9;KIF2C;SMARCA4;AURKA;ENTR1;SMARCD2;DBF4B;BCL7A;MYC;CDC25C;ARID2;RAB11FIP3
prerank,Glycoprotein Metabolic Process (GO:0009100),0.4795084110516679,1.4189275149384541,4.475703e-02,1.841207e-01,1.000000e+00,21/49,22.23%,HPSE;MAN2B1;ST8SIA1;MAN1A1;MAN1C1;PCSK6;MGAT4A;GAL3ST4;ST8SIA5;NGLY1;MANBA;ST6GALNAC6;ST3GAL2;GCNT1;FBXO2;TNIP1;ST8SIA4;FBXO6;MAN2A2;FBXO44;B4GALT5
prerank,Regulation Of Cysteine-Type Endopeptidase Activity Involved In Apoptotic Process (GO:0043281),0.4396254168412306,1.4182516389683224,3.201970e-02,1.847550e-01,1.000000e+00,22/80,16.87%,SNCA;NLRP3;NLRP12;THBS1;CARD16;CLEC7A;TNF;CDKN2D;CTSD;CASP1;CARD8;GPX1;DAPK1;RPS6KA1;SYK;ARL6IP5;DPEP1;F2R;PPM1F;PYCARD;FOXL2;GAS6
prerank,Cholesterol Transport (GO:0030301),0.48260747656780095,1.4181127297643101,6.199461e-02,1.846221e-01,1.000000e+00,23/47,24.94%,APOA4;APOA2;MSR1;APOC2;TSPO2;APOC1;CETP;CLU;APOE;LIPC;CD36;AKR1C1;SOAT1;ABCG1;NPC2;LDLRAP1;ABCA7;STX12;OSBPL5;NPC1;STARD3;APOB;ABCA8
prerank,Antigen Processing And Presentation Of Endogenous Peptide Antigen (GO:0002483),0.5646529411084,1.4164012966846247,6.441718e-02,1.865763e-01,1.000000e+00,12/21,20.19%,HLA-DRB1;HLA-DRA;HLA-E;HLA-B;HLA-C;HLA-F;HLA-A;HLA-G;MICB;HFE;TAP1;MICA
prerank,Lamellipodium Assembly (GO:0030032),0.5505505619030544,1.4147797047874915,6.349206e-02,1.885683e-01,1.000000e+00,13/25,20.96%,P2RY12;DMTN;PTPRO;ARHGEF6;S1PR1;PARVB;CDH13;ABLIM3;SPEF1;VCL;SPATA13;SRGAP3;CYFIP1
prerank,External Encapsulating Structure Organization (GO:0045229),0.4275236242816677,1.4137248968524032,2.927400e-02,1.897063e-01,1.000000e+00,32/103,16.81%,IBSP;MMP8;SMOC1;MMP19;DMP1;SPOCK2;MMP9;ADAMTSL4;ADAMTS9;COL13A1;ADAMTS18;MMP10;COL1A1;CCDC80;RECK;ADAMTS4;TGFBI;ADAMTS10;ADAMTS1;MMP23B;MMP23A;MMP12;COL1A2;COL24A1;VIT;MMP3;COLQ;FURIN;MMP2;COL5A1;MIA;COL8A2
prerank,Negative Regulation Of Peptidase Activity (GO:0010466),0.47156012587495444,1.4135541263082858,6.122449e-02,1.896016e-01,1.000000e+00,22/51,12.48%,SERPINE2;SERPINB3;CST7;TIMP3;SERPINB2;TIMP1;SERPINE1;SPOCK3;SPOCK2;CTSB;SERPINA5;SERPINB9;SPOCK1;SERPINB10;CST3;SERPING1;SERPINF1;SERPINA3;LRP1;TIMP2;SERPINB4;ECM1
prerank,Mitochondrion Disassembly (GO:0061726),0.5094207874681708,1.4135071532395307,6.446991e-02,1.893532e-01,1.000000e+00,12/36,19.60%,MAP1LC3C;MAP1LC3B;MAP1LC3B2;ATG2A;CTSK;GABARAPL1;GABARAP;FBXO7;WIPI1;ATG7;GABARAPL2;WDR45
prerank,Positive Regulation Of Lipid Kinase Activity (GO:0090218),0.5166273140379347,1.4128281690546722,6.804734e-02,1.898709e-01,1.000000e+00,14/30,16.00%,P2RY12;FGR;NOD2;CCL19;TGFB1;FLT3;CCR7;PTK2B;CCL21;CD81;FLT1;CD19;FGF2;TEK
prerank,Negative Regulation Of Cell Communication (GO:0010648),0.561336846204562,1.412716219028717,7.120743e-02,1.897015e-01,1.000000e+00,7/21,10.52%,MPIG6B;OSM;NLRP12;LIF;IL1B;INPP5D;OPRM1
prerank,Mitotic G2 DNA Damage Checkpoint Signaling (GO:0007095),-0.44294794988687824,-1.412240436915451,5.573770e-02,3.392394e-01,1.000000e+00,10/30,15.20%,CHEK1;TICRR;PLK1;DEPDC1B;CDK1;DONSON;BRCA1;RINT1;BRSK1;BLM
prerank,Response To Hexose (GO:0009746),0.5468377059903675,1.4114478672651862,7.587253e-02,1.910797e-01,1.000000e+00,7/22,14.60%,APOA2;SLC2A5;THBS1;LCP1;KLRG1;IRS2;GCKR
prerank,Phosphatidylglycerol Metabolic Process (GO:0046471),-0.5167200390807793,-1.41086112651829,6.232295e-02,3.396528e-01,1.000000e+00,5/18,9.96%,PLA2G4F;PLA2G4D;PLA2G3;LPCAT1;LPGAT1
prerank,Actin Filament Polymerization (GO:0030041),0.513077779579972,1.4103332329578295,6.340058e-02,1.922743e-01,1.000000e+00,10/31,12.78%,WAS;PREX1;VIL1;CATIP;PSTPIP1;ARHGAP6;CORO7;PSTPIP2;GAS7;FAM107A
prerank,Response To Glucocorticoid (GO:0051384),0.5484563732939477,1.4100493172609552,8.296943e-02,1.923088e-01,1.000000e+00,16/23,24.33%,TNF;ZFP36;SSTR5;ZFP36L2;IL10;SSTR2;IL6;FAM107A;SLIT1;ZFP36L1;IL1RN;BCL2L11;ISL1;SLIT2;UBE2L3;NR3C1
prerank,Cilium Assembly (GO:0060271),0.3962986391517801,1.4095143315824226,6.615215e-03,1.927573e-01,1.000000e+00,55/230,20.93%,CIBAR2;RSPH1;TEKT1;DNAAF1;CFAP46;DNAI2;CFAP74;CFAP43;TEKT2;ZMYND10;CCDC13;HOATZ;IQUB;CFAP206;RP1;TEKT3;CFAP161;PIERCE1;RILPL2;CFAP221;RSPH4A;SEPTIN6;RAB8B;TMEM107;FOXJ1;NME8;SNX10;RFX2;TMEM231;FLNA;RSPH9;SCLT1;RP2;CFAP58;EHD1;TEKT4;ABLIM3;LRRC43;ALPK1;DNAAF3;DNAH5;ATP6V0D1;RILP;RAB8A;CCDC39;EHD4;RPGRIP1;DNMBP;FUZ;UBXN10;RFX3;CDC14A;SNAP29;EHD3;ASAP1
prerank,Potassium Ion Transport (GO:0006813),-0.3438630762972569,-1.4093923631945635,1.398601e-02,3.403804e-01,1.000000e+00,33/108,13.30%,KCNK9;KCNB2;SLC24A2;KCNQ3;KCNH7;ABCC8;KCNQ5;KCNK3;HPN;KCNJ11;KCNA1;KCNS3;KCNQ4;KCNK10;KCNN2;KCNA10;KCNV1;KCND2;KCNH8;KCNA7;SLC9A2;KCNS2;KCNJ6;KCNK1;KCNH1;KCNK17;KCNJ8;HCN3;SLC9A4;KCNMB4;KCNH2;KCND3;KCNK5
prerank,Regulation Of Monocyte Chemotaxis (GO:0090025),0.5407791423637458,1.409256841886776,8.832335e-02,1.927587e-01,1.000000e+00,13/23,13.57%,CCL5;FPR2;CCR1;SLAMF8;DUSP1;CXCL12;SERPINE1;GREM1;CXCL10;LGMN;CCR2;LYN;PLA2G7
prerank,Positive Regulation Of Extrinsic Apoptotic Signaling Pathway (GO:2001238),0.5162302969104007,1.4080815068105283,7.582260e-02,1.940720e-01,1.000000e+00,10/30,16.59%,G0S2;THBS1;TLR4;TNF;LTB;TNFSF12;TLR6;PYCARD;INHBA;CYLD
prerank,Extrinsic Apoptotic Signaling Pathway Via Death Domain Receptors (GO:0008625),0.5163606723037543,1.4068718506829503,7.507508e-02,1.953637e-01,1.000000e+00,12/30,26.58%,TNFRSF10C;FASLG;SPI1;TNF;GABARAP;CASP10;DDX3X;TNFRSF1A;CASP8;TRADD;DEDD2;TNFRSF10B
prerank,Mitotic Cell Cycle Checkpoint Signaling (GO:0007093),-0.46217925240674695,-1.4056239354137052,7.931034e-02,3.453976e-01,1.000000e+00,7/25,11.99%,CHMP4C;CHEK1;ZWINT;DEPDC1B;RBBP8;BRCA1;NABP2
prerank,Regulation Of Mitotic Nuclear Division (GO:0007088),-0.3926119963475414,-1.4044271211730734,4.081633e-02,3.457564e-01,1.000000e+00,17/54,13.11%,BMP4;CDCA2;CHEK1;NEK2;TGFA;PKMYT1;EPGN;CAV2;FBXO43;USP44;MKI67;RCC1;TOM1L1;CCNB1;BORA;LRP5;NUSAP1
prerank,Lysosomal Lumen Acidification (GO:0007042),0.5795431763804192,1.4042894342909285,8.545727e-02,1.986219e-01,1.000000e+00,11/16,29.99%,GRN;TCIRG1;ATP6AP2;RNASEK;ATP6V1F;ATP6V0C;PPT1;CLN5;ATP6V0A1;ATP6V0B;CLN3
prerank,Regulation Of Megakaryocyte Differentiation (GO:0045652),0.5653746891340786,1.4040180769963704,8.398134e-02,1.986516e-01,1.000000e+00,6/18,17.27%,PF4;FAXDC2;H4C9;HMGB2;MEF2C;TESC
prerank,Positive Regulation Of Cell Junction Assembly (GO:1901890),-0.3874942538191229,-1.4035153592195644,4.000000e-02,3.452704e-01,1.000000e+00,14/59,11.78%,NELL1;WNT7A;SLITRK2;SLITRK3;CLDN3;SLITRK5;IL1RAPL1;NLGN1;CRB3;EPHB3;NRXN1;CAV1;EPHA2;SFRP1
prerank,Positive Regulation Of T Cell Mediated Cytotoxicity (GO:0001916),0.5125752368213923,1.403119432645851,7.264957e-02,1.994735e-01,1.000000e+00,14/32,15.67%,HLA-DRB1;IL12RB1;HLA-DRA;HLA-E;HLA-B;HLA-C;HLA-F;HLA-A;HLA-G;IL12B;MICB;STX7;CD1D;HFE
prerank,Cardiac Myofibril Assembly (GO:0055003),0.5963545236975204,1.4024054050998433,7.874016e-02,2.001167e-01,1.000000e+00,6/15,8.80%,MYL2;NRAP;CSRP3;TCAP;TTN;NEB
prerank,Regulation Of Release Of Sequestered Calcium Ion Into Cytosol By Sarcoplasmic Reticulum (GO:0010880),0.5543484429013731,1.4023106812634352,7.634731e-02,1.999178e-01,1.000000e+00,12/21,23.03%,CASQ1;TRDN;GSTM2;CASQ2;ATP1A2;HRC;DMD;CALM3;GSTO1;SLC8A1;CLIC2;PRKACA
prerank,Muscle Tissue Morphogenesis (GO:0060415),0.5847203734197125,1.4020767957512552,8.742331e-02,1.999133e-01,1.000000e+00,7/17,9.42%,MYL11;ANKRD1;TCAP;TTN;NKX2-5;MYLK2;BMP2
prerank,"Protein Localization To Chromosome, Centromeric Region (GO:0071459)",-0.4982361106884105,-1.4016810691531767,8.823529e-02,3.468851e-01,1.000000e+00,7/18,11.86%,MTBP;TTK;SPDL1;CDK1;KNL1;ZWILCH;CENPA
prerank,Negative Regulation Of Transposition (GO:0010529),0.5462527011073519,1.4014050120729378,8.446456e-02,2.004456e-01,1.000000e+00,10/23,15.77%,APOBEC3A;TDRD9;APOBEC3B;APOBEC3G;APOBEC3C;APOBEC3H;APOBEC3D;APOBEC3F;TEX15;SPOCD1
prerank,Inner Ear Morphogenesis (GO:0042472),-0.49165060605337624,-1.4006748444266617,9.144543e-02,3.466090e-01,1.000000e+00,8/20,16.33%,ZIC1;MYO3B;HPN;MYO6;SOX9;SIX1;CHD7;TFAP2A
prerank,Bone Development (GO:0060348),0.48287598141153276,1.3989738854645852,5.212620e-02,2.036035e-01,1.000000e+00,17/41,24.96%,BGLAP;PTPRC;LTF;BMP6;SULF2;PTGER4;SFRP4;IFITM5;SULF1;STC1;CYP26B1;VKORC1;FGFR2;GNAS;P3H1;MMP13;SKI
prerank,Axonal Transport (GO:0098930),-0.40569785361798893,-1.3988999382326186,5.985915e-02,3.478528e-01,1.000000e+00,5/39,5.60%,AP3B2;NEFL;MAPT;KIF1A;KIF4A
prerank,Cortical Actin Cytoskeleton Organization (GO:0030866),0.568286519727459,1.3987984881071465,1.068249e-01,2.034697e-01,1.000000e+00,5/19,6.96%,PLEK;FMNL1;LCP1;TNF;NCKAP1L
prerank,Regulation Of Tumor Necrosis Factor-Mediated Signaling Pathway (GO:0010803),0.4711111880245522,1.3987847227973838,7.671233e-02,2.031292e-01,1.000000e+00,25/44,29.25%,LAPTM5;CARD16;CASP1;CARD8;SYK;HSPA1B;HSPA1A;CASP4;PYCARD;CYLD;TNFAIP3;GAS6;BIRC7;H2BC11;NAIP;MAPKAPK2;CASP8;SPPL2A;IKBKE;HIPK1;GPS2;RFFL;PELI3;SPHK1;OTULIN
prerank,Maturation Of SSU-rRNA (GO:0030490),-0.4157395971327443,-1.3986530231949317,5.434783e-02,3.461505e-01,1.000000e+00,21/38,35.12%,DCAF13;MPHOSPH10;WDR43;RPS19;NAT10;SPPL2B;MRPS11;IGF2BP3;NOL10;RIOK1;NOL11;HEATR1;RPS8;UTP25;WDR3;TSR1;TSR3;UTP4;DDX52;RRP36;RIOK2
prerank,DNA Damage Checkpoint Signaling (GO:0000077),-0.420667999423142,-1.3982286876687486,5.964912e-02,3.447661e-01,1.000000e+00,24/34,43.20%,CHEK1;DONSON;MAP3K20;MRPL36;INTS7;CLOCK;E2F1;USP28;ATR;PRPF19;TIPRL;CLSPN;RAD17;HINFP;DTX3L;RAD9A;ERCC4;PARP9;UFL1;RHNO1;ERCC6;HUS1;CDC5L;NBN
prerank,Response To Interferon-Alpha (GO:0035455),0.5710910884246614,1.3981161502232127,9.463722e-02,2.037879e-01,1.000000e+00,10/17,25.19%,PYHIN1;IFITM2;IFITM3;IFITM1;GAS6;IFNAR2;GATA3;MX2;AXL;IFNAR1
prerank,Positive Regulation Of Interferon-Alpha Production (GO:0032727),0.5520389979513256,1.3980533212101003,7.774390e-02,2.035190e-01,1.000000e+00,6/20,12.84%,TLR8;TLR4;TLR7;TLR9;IRF5;IRF7
prerank,Regulation Of Peptidase Activity (GO:0052547),0.5259014423918503,1.3968697107443684,8.213256e-02,2.049039e-01,1.000000e+00,11/26,15.41%,SERPINB3;CST7;CTSS;CTSB;CST3;CTSL;CTSK;SERPINB4;ECM1;CTSH;FURIN
prerank,Macromolecule Catabolic Process (GO:0009057),0.4369896279951428,1.3967796924956914,3.897686e-02,2.046933e-01,1.000000e+00,11/83,10.50%,ELANE;RNASE3;RNASE2;DNASE1L3;RNASE6;RNASET2;TGFB1;TPP1;DENND3;LGMN;ISG20
prerank,Regulation Of Blood Vessel Endothelial Cell Proliferation Involved In Sprouting Angiogenesis (GO:1903587),0.5937065682113354,1.3956063408942583,9.492635e-02,2.059810e-01,1.000000e+00,6/15,14.48%,HMOX1;THBS1;PPP1R16B;IL12B;APLNR;FGF2
prerank,Positive Regulation Of Cytoskeleton Organization (GO:0051495),0.4353440694763528,1.3951815259850113,4.846939e-02,2.062616e-01,1.000000e+00,29/73,20.39%,LMOD2;PLEK;CCL11;HCK;CCL26;VIL1;P2RX7;FES;CCL24;NCKAP1L;CCR7;VASP;PTK2B;CCL21;EVL;SORBS3;SYNPO;PYCARD;TEK;SNX9;CRACD;CX3CL1;FCHSD2;SYNPO2L;BIN1;TENM1;FCHSD1;SYNPO2;LMOD1
prerank,Proteoglycan Metabolic Process (GO:0006029),0.5517852355291276,1.3943821140399921,8.814590e-02,2.069950e-01,1.000000e+00,8/21,14.86%,HPSE;SULF2;CHST9;CHST11;GAL3ST4;CSGALNACT2;SULF1;XYLT1
prerank,Regulation Of Protein Processing (GO:0070613),0.5445278096997864,1.393686942029784,7.926829e-02,2.075803e-01,1.000000e+00,11/23,19.88%,SERPINE2;ADAM8;PLAUR;NLRC4;ASTL;GAS1;PRNP;LRRK2;RUNX1;RHBDD1;PLAU
prerank,Collagen Fibril Organization (GO:0030199),0.49112979934238243,1.3936167899497156,7.060519e-02,2.073179e-01,1.000000e+00,23/41,26.38%,LOX;DPT;GREM1;COL1A1;COL1A2;LOXL2;CYP1B1;TLL1;DDR2;CRTAP;COL5A1;LOXL4;LUM;TGFBR1;COL12A1;COL5A2;ATP7A;COL11A1;COLGALT1;LOXL3;ADAMTS2;COL14A1;ADAMTS3
prerank,Regulation Of Cardiac Muscle Contraction By Regulation Of The Release Of Sequestered Calcium Ion (GO:0010881),0.5733219752665427,1.3930446637111484,8.412698e-02,2.078013e-01,1.000000e+00,10/16,23.03%,GSTM2;CASQ2;ATP1A2;HRC;DMD;CALM3;GSTO1;SLC8A1;CLIC2;PRKACA
prerank,Acute Inflammatory Response (GO:0002526),0.5569831520732429,1.3929966886429332,8.133971e-02,2.075118e-01,1.000000e+00,10/21,14.47%,ELANE;HP;CEBPB;VNN1;CD6;HPR;IL6R;IL6;TNFSF4;NLRP6
prerank,Long-Chain Fatty Acid Biosynthetic Process (GO:0042759),0.5410334877256262,1.3922781776734985,8.239095e-02,2.081166e-01,1.000000e+00,6/23,10.68%,GSTM1;ALOX5;GSTM2;GSTM4;ALOX15;ALOX12
prerank,Proton Motive Force-Driven Mitochondrial ATP Synthesis (GO:0042776),-0.38939124172095463,-1.3915760285909486,3.345725e-02,3.557314e-01,1.000000e+00,32/52,43.63%,NDUFB9;NDUFS6;ATP5MF;NDUFA9;ATP5PF;NDUFAB1;NDUFB2;NDUFB5;NDUFB3;NDUFA10;SDHC;NDUFC2;ATP5F1C;NDUFV3;NDUFA12;ATP5F1B;NDUFB1;SDHA;NDUFC1;ATP5PO;NDUFA2;NDUFA5;ATP5MG;NDUFB10;NDUFV1;ATP5PD;NDUFS3;NDUFS4;NDUFB7;ATP5PB;NDUFA7;NDUFS1
prerank,Regulation Of Receptor Signaling Pathway Via JAK-STAT (GO:0046425),0.4754519914126474,1.3913669505043547,5.740988e-02,2.090340e-01,1.000000e+00,23/47,22.85%,CCL5;PTPRC;IL10RA;TNF;LEP;JAK3;SOCS3;IL7R;IL10;IL6;GH2;CYP1B1;SOCS1;BCL3;F2R;SH2B3;TP53INP2;CSHL1;TYK2;JAK2;EGF;IL10RB;CRLF3
prerank,Synaptic Vesicle Exocytosis (GO:0016079),-0.4277044553300102,-1.3913002879803757,5.426357e-02,3.541009e-01,1.000000e+00,13/36,12.33%,RIMS2;SYT7;UNC13A;SYT1;CPLX2;CPLX1;STX19;STX1A;PCLO;SYT8;SNAP25;SYT2;SYT5
prerank,Plasma Membrane Organization (GO:0007009),0.44650418756266697,1.3912804665942542,5.289673e-02,2.087940e-01,1.000000e+00,37/67,28.11%,CR1;COLEC12;CXCR4;CAVIN2;BIN2;P2RX7;ABCD2;EPB41L3;STX4;SYT11;ANXA6;SMPD1;SNX18;PACSIN1;COL5A1;TRIM72;STX2;SNX9;BIN3;MYH9;PLSCR4;ABCA7;ARL8B;BIN1;FLOT1;SYTL4;UGCG;CHMP4A;CHMP1B;ANO6;PACSIN2;RAB3A;MICALL1;PLSCR3;PLSCR1;CHMP5;ABCD1
prerank,Negative Regulation Of Signaling (GO:0023057),0.5287490795483517,1.3910007970225202,8.345753e-02,2.088102e-01,1.000000e+00,7/27,6.71%,MPIG6B;OSM;NLRP12;LIF;TRAT1;IL1B;INPP5D
prerank,Mitochondrial RNA Metabolic Process (GO:0000959),-0.4901364031110749,-1.3901686144437087,7.917889e-02,3.541638e-01,1.000000e+00,15/20,38.00%,PNPT1;MRPL12;TBRG4;MTERF3;TWNK;MTERF2;MTERF1;SLC25A33;TEFM;TFAM;FASTK;TFB2M;TFB1M;FASTKD2;FASTKD1
prerank,Positive Regulation Of Protein Transport (GO:0051222),0.4452399063669741,1.3901418061716213,5.157233e-02,2.096249e-01,1.000000e+00,25/68,24.05%,ANKRD1;ADAM8;CD33;TTN;BMP6;TNF;TGFB1;TREM2;PLK3;MYOM1;PRR5L;APBB1;APBB3;RIPOR1;OAZ1;TENM1;VAMP2;CNST;ANG;SYTL4;ADAM9;ACHE;FRMD4A;MYH10;RAB29
prerank,Negative Regulation Of Hydrolase Activity (GO:0051346),0.47218783590391844,1.389568504292216,5.825243e-02,2.101776e-01,1.000000e+00,12/46,14.75%,SERPINB3;CST7;APOA2;GNAT1;CTSB;SERPINA5;KLRK1;GMIP;CST3;SERPINB4;ECM1;LRRK2
prerank,Response To Exogenous dsRNA (GO:0043330),0.5385131925608967,1.3884879492238944,1.099071e-01,2.113828e-01,1.000000e+00,6/21,19.45%,COLEC12;IRAK3;IFNK;STING1;RFTN1;FLOT1
prerank,Negative Regulation Of Cell-Matrix Adhesion (GO:0001953),0.5039422396102946,1.3879168987974468,8.906883e-02,2.118327e-01,1.000000e+00,10/31,18.67%,THBS1;DMTN;SERPINE1;ARHGAP6;APOD;ACVRL1;MMP12;FAM107A;CORO1C;PTEN
prerank,Regulation Of MAPK Cascade (GO:0043408),0.39384160902960386,1.3865415185295653,1.641138e-02,2.135279e-01,1.000000e+00,55/188,16.29%,MMP8;OSM;GRAP2;SLA;PTPRC;DOK2;CSF1R;LAPTM5;LIF;HLA-DRB1;CD4;DUSP1;DOK3;IL1B;CD74;P2RX7;TNF;LEP;IGFBP6;LILRB4;DUSP5;GREM1;DUSP2;MAP4K1;FLT3;FCRL3;ADRB3;PTPN6;BMP2;PTPRJ;FN1;ADRA2B;FGFR1;IL6;TLR9;TMEM106A;LYN;GRB2;ATP6AP2;STK4;SYK;DOK5;RASGRP1;CD81;STYXL2;FLT1;EPHB1;F2R;MAPK1;FGF2;PAK3;DUSP3;TEK;GRAP;NEK10
prerank,Regulation Of Chromosome Organization (GO:0033044),-0.40059114868918205,-1.385883201517059,4.074074e-02,3.608332e-01,1.000000e+00,20/42,38.84%,MAPT;BUB1;PIF1;CENPV;RMI2;UCHL5;EID3;NSMCE2;MYC;NFRKB;SMC6;SMG5;NSMCE4A;LIG4;SMC5;INO80C;SLF1;SMG1;MCRS1;INO80
prerank,Regulation Of Lipid Metabolic Process (GO:0019216),0.45781027483579656,1.3857447228109723,5.630027e-02,2.142974e-01,1.000000e+00,22/50,21.03%,RUBCNL;APOC2;IL1B;APOC1;TREM2;SERPINA3;ID2;PPARG;PSAP;IRS2;ADIPOR1;PRKAG2;TM6SF2;LACTB;NPC2;PLCG2;MID1IP1;RARRES2;ABCA7;MBOAT7;PPARD;FGFR4
prerank,Positive Regulation Of Kinase Activity (GO:0033674),0.4155279667391769,1.3850505128859292,4.545455e-02,2.150053e-01,1.000000e+00,35/101,17.31%,AZU1;CSRP3;LCP2;PTPRC;CSF1R;HLA-DRB1;CD4;CD74;CCL19;MMD;TREM2;FLT3;AGAP2;CCR7;PTK2B;FGFR1;CSF1;MAP2K3;EREG;CCL21;NTRK1;NTRK3;FLT1;PRKAG2;LRRK2;DDR2;CAMKK1;CDKN1A;TEK;VAC14;RAP1A;ROR2;GAS6;SNX9;RASSF2
prerank,Amyloid Fibril Formation (GO:1990000),0.5278870069314247,1.3839613306421414,1.045455e-01,2.162929e-01,1.000000e+00,7/24,15.41%,CAMP;SNCA;NAT8B;B2M;RIPK3;CD36;FURIN
prerank,Protein O-linked Glycosylation (GO:0006493),-0.35179307863743947,-1.383446989710512,1.694915e-02,3.637205e-01,1.000000e+00,24/87,19.78%,GCNT3;FUT3;B3GNT3;GALNT14;GALNT13;FUT5;FUT6;LARGE2;GALNT12;TMTC3;POMK;GALNT3;B3GALNT2;B3GALT2;ST3GAL4;TMTC4;FKTN;MGAT5B;POGLUT2;POMT2;TMTC2;B3GNT4;RXYLT1;GALNT10
prerank,Positive Regulation Of Protein Localization To Membrane (GO:1905477),0.43710334266201184,1.3829870760753684,5.500000e-02,2.174105e-01,1.000000e+00,19/78,17.62%,STAC2;ITGAM;ITGB2;GZMB;CEMIP;IFNG;TNF;RHOG;TREM2;FYN;LRP1;STX4;TNFAIP6;CD81;PRNP;AKT2;STAC;RAMP3;PIK3R1
prerank,Phosphatidylcholine Metabolic Process (GO:0046470),0.4586409071752673,1.3815186962161699,5.510753e-02,2.191442e-01,1.000000e+00,18/51,18.98%,PLA2G2D;APOA4;APOA2;PCYT1B;CETP;PLA2G15;ENPP2;LIPC;NR1H3;PLA2G7;LPCAT2;PLB1;PLAAT2;PLA2G4C;SLC44A4;SLC27A1;PLA2G5;MBOAT7
prerank,Receptor Signaling Pathway Via STAT (GO:0097696),0.49884408842442884,1.381097730091987,9.232955e-02,2.193920e-01,1.000000e+00,19/30,28.86%,CSF2RB;CSF2RA;IFNG;STAT4;JAK3;STAT5A;CCR2;STAT5B;JAK1;IFNAR2;TYK2;PKD2;JAK2;STAT6;IFNAR1;STAT1;PIAS1;THPO;STAT3
prerank,Positive Regulation Of Autophagy (GO:0010508),0.42555041415633466,1.3791268561734487,3.836930e-02,2.220685e-01,1.000000e+00,37/99,26.42%,TRIM58;MEFV;IFNG;PIM2;RFPL4A;PLK3;RFPL4AL1;BNIP3L;DAPK1;DCN;SESN2;LRRK2;RUFY4;TFEB;TRIM22;FBXO7;STING1;TRIM21;DHRSX;TP53INP1;TRIM38;FOXO1;PLEKHF1;SVIP;FOXO3;IKBKG;FLCN;SUPT5H;CDK16;TMEM59;PIK3CB;ZC3H12A;PINK1;TRIM68;NPRL3;TRIM8;OPTN
prerank,Icosanoid Metabolic Process (GO:0006690),0.4659036228224245,1.3786007162097795,8.689655e-02,2.225177e-01,1.000000e+00,14/50,15.81%,ALOX5;DPEP2;PTGIS;TBXAS1;NLRC4;ALOX15;CASP1;ALOX12;GPX1;CYP1B1;CYP4F11;PLA2G4C;CYP4F3;PYCARD
prerank,Neuron Differentiation (GO:0030182),-0.32100333892830324,-1.3785200500110775,1.000000e-03,3.714782e-01,1.000000e+00,29/145,11.38%,FOXA2;WNT7A;LHX9;ERBB4;ASCL1;VAX2;SPINK5;WNT11;VXN;WNT16;LHX1;INSM1;WNT3;PCSK9;ASCL2;IRX4;MYEF2;WNT7B;IL1RAPL1;MET;SHH;LHX4;LRP6;ISL2;PAX6;SMARCA1;SOX4;FZD8;ATP8A2
prerank,Interleukin-1-Mediated Signaling Pathway (GO:0070498),0.5609886182253462,1.3785030774273233,9.007634e-02,2.222740e-01,1.000000e+00,8/19,19.91%,IL1B;ST18;IRAK3;IRAK2;MYD88;IL1RAP;IL1R1;MAPK3
prerank,N-acetylglucosamine Metabolic Process (GO:0006044),0.5951744600638824,1.3780601685862586,1.168000e-01,2.226142e-01,1.000000e+00,10/15,24.68%,CHST7;RENBP;MGAT3;CHST2;CHST1;CHST6;NAGK;CHST4;GNPDA1;CHST5
prerank,Neurogenesis (GO:0022008),-0.3982534981686291,-1.377143718472032,5.338078e-02,3.722836e-01,1.000000e+00,9/46,6.25%,ERBB4;ASCL1;MAPT;VXN;PCSK9;ERBB3;EGFR;MESP1;CIT
prerank,Regulation Of Fibroblast Migration (GO:0010762),0.5523503724252549,1.3765881375184592,9.938838e-02,2.244465e-01,1.000000e+00,8/20,18.25%,THBS1;DMTN;TGFB1;HAS1;PRR5L;FGF2;DDR2;CORO1C
prerank,Bicellular Tight Junction Assembly (GO:0070830),-0.4091658373770525,-1.3759377514057116,6.106870e-02,3.727968e-01,1.000000e+00,13/41,12.66%,CLDN9;OCLN;CLDN2;CHAF1B;CLDN3;POF1B;CLDN4;GRHL2;MARVELD2;ECT2;CLDN1;MARVELD3;CLDN7
prerank,Chondroitin Sulfate Metabolic Process (GO:0030204),0.5827472958267225,1.3755122957651322,1.060127e-01,2.256899e-01,1.000000e+00,9/15,19.47%,CHST7;CHST9;CHST11;CHST15;CSGALNACT2;UGDH;DSE;NDNF;CHSY1
prerank,Sterol Transport (GO:0015918),0.5281919994373814,1.3753311071403433,9.453471e-02,2.256026e-01,1.000000e+00,12/24,24.22%,APOA2;MSR1;CETP;GRAMD1B;CD36;GRAMD1A;NPC2;LDLRAP1;OSBPL5;NPC1;STARD3;APOB
prerank,Regulation Of Fat Cell Differentiation (GO:0045598),0.43666970644356956,1.3741888165194955,5.201560e-02,2.269841e-01,1.000000e+00,24/72,17.79%,ALOX5;LCP1;CEBPB;CMKLR1;TNF;TGFB1;LEP;ZFP36;PTPRR;ZFP36L2;BMP2;IL6;MEDAG;ID2;PPARG;FRZB;ZNF385A;ZFP36L1;CREBL2;XBP1;ENPP1;FOXO1;RARRES2;SULT1E1
prerank,Positive Regulation Of Cold-Induced Thermogenesis (GO:0120162),0.4255500048731318,1.3739384680720481,4.579208e-02,2.270074e-01,1.000000e+00,23/89,16.79%,PTH2R;G0S2;CXCR4;IRF4;FABP4;CEBPB;CMKLR1;LEP;ALPL;KDM6B;ADRB3;ACSL1;CCR2;TRPV2;LEPR;GATM;CD36;SYK;IL4R;ADIPOR1;LCN2;OXTR;GADD45G
prerank,Response To Reactive Oxygen Species (GO:0000302),0.4453215516066175,1.3739309632584837,5.979644e-02,2.266437e-01,1.000000e+00,23/64,21.73%,HBB;HBA1;NCF1;HP;HMOX1;MMP9;FOS;PLK3;APOD;FYN;APOE;GPX1;CAT;MPV17L;MAPK1;JUN;TPM1;PDK2;PXN;MAPK3;UCP1;PKD2;PDGFRA
prerank,Bicarbonate Transport (GO:0015701),0.5478962133590177,1.3736449081155937,1.010558e-01,2.266987e-01,1.000000e+00,2/19,0.15%,SLC4A1;RHAG
prerank,Protein Catabolic Process (GO:0030163),0.4190865435969228,1.3735729031611061,4.000000e-02,2.264113e-01,1.000000e+00,27/94,18.99%,ELANE;GZMB;CTSW;GZMA;CTSS;CTSB;TPP1;DENND3;CTSZ;CTSD;APOE;BNIP3L;LGMN;CTSL;SPATA18;TCIRG1;CTSK;CTSC;CTSH;NGLY1;MANBA;TRIM21;FBXO2;SLC16A3;CLN8;FBXO6;PPT1
prerank,Positive Regulation Of T Cell Mediated Immunity (GO:0002711),0.4775154720301065,1.3734348998994321,8.126722e-02,2.262398e-01,1.000000e+00,16/41,15.67%,HLA-DRB1;IL12RB1;HLA-DRA;IL1B;HLA-E;HLA-B;HLA-C;HLA-F;HLA-A;HLA-G;IL12B;MICB;TNFSF4;STX7;CD1D;HFE
prerank,Negative Regulation Of NIK/NF-kappaB Signaling (GO:1901223),0.5156785137276333,1.3720201147972773,9.051724e-02,2.279323e-01,1.000000e+00,9/24,20.49%,NLRP3;NLRP12;SPI1;TMSB4X;NLRC3;ADIPOR1;CYLD;IFI35;DDX3X
prerank,snRNA 3'-End Processing (GO:0034472),-0.4793476934378659,-1.371948168209151,1.082621e-01,3.793387e-01,1.000000e+00,13/20,32.93%,INTS7;INTS8;INTS1;EXOSC8;INTS2;EXOSC4;INTS14;EXOSC7;TUT1;EXOSC6;EXOSC9;INTS5;EXOSC5
prerank,Negative Regulation Of Endopeptidase Activity (GO:0010951),0.44979035033981224,1.3699771964073721,6.307490e-02,2.306766e-01,1.000000e+00,21/55,12.33%,CR1;SERPINE2;SERPINB3;TIMP3;SERPINB2;TIMP1;LTF;SERPINE1;SPOCK3;SPOCK2;SERPINA5;SERPINB9;SPOCK1;SERPINB10;CST3;SERPING1;SERPINF1;SERPINA3;RECK;TIMP2;SERPINB4
prerank,Retinal Metabolic Process (GO:0042574),-0.5036288466982574,-1.3697664895211437,9.064327e-02,3.817160e-01,1.000000e+00,5/15,8.24%,SDR16C5;BCO1;CYP27C1;ALDH1A3;AKR1C3
prerank,Receptor Signaling Pathway Via JAK-STAT (GO:0007259),0.48844864222826073,1.3695592936109935,9.285714e-02,2.309455e-01,1.000000e+00,18/33,25.27%,CSF2RB;CSF2RA;IFNG;STAT4;LEP;JAK3;STAT5A;CCR2;STAT5B;JAK1;IL15;IFNAR2;TYK2;PKD2;JAK2;STAT6;IFNAR1;STAT1
prerank,Regulation Of Protein Kinase Activity (GO:0045859),0.4118592012256219,1.3695230101672526,4.447115e-02,2.306274e-01,1.000000e+00,38/111,22.57%,AZU1;SNCA;FGR;C5AR1;LCP2;PTPRC;TTN;CD4;CCL19;MMD;AGAP2;CCR7;PTK2B;CSF1;MAP2K3;EREG;CCL21;THY1;TSPYL2;PRKAG2;LRRK2;PPM1F;DDR2;CAMKK1;CDKN1A;RAP1A;GAS6;SNX9;INPP5K;RASSF2;WARS1;UBASH3B;GNAQ;AKT1S1;SMCR8;TAB2;DTNBP1;TRIB1
prerank,Negative Regulation Of Transport (GO:0051051),0.47854108150770086,1.3682898433486348,8.847185e-02,2.321309e-01,1.000000e+00,20/38,27.95%,ITGB3;SNCA;HAMP;TRAT1;SFRP4;LILRB1;MCTP1;ARL6IP5;SYT11;NR1H3;PPM1F;PTEN;EGF;CRYAB;PXK;NR1H2;RUBCN;RAB7A;NRG1;WWP2
prerank,Embryonic Digestive Tract Development (GO:0048566),0.5487608568676201,1.3676286264727284,1.107644e-01,2.327438e-01,1.000000e+00,11/19,23.52%,TNF;RBPMS2;FOXF1;ID2;RARRES2;SIX2;GLI2;PDGFRA;TCF21;FGFR2;RARB
prerank,Sensory Perception Of Sound (GO:0007605),-0.3530890590957547,-1.3673902111630163,2.970297e-02,3.849511e-01,1.000000e+00,18/84,8.44%,LRP2;SLC26A5;COL4A3;TSPEAR;CLIC5;MYO3B;CLRN1;DCDC2;EPS8L2;PAX3;LHFPL5;HPN;ATP6V1B1;BIRC5;CHRNB2;NDUFB9;KIT;MARVELD2
prerank,Spliceosomal Complex Assembly (GO:0000245),-0.3723424232361203,-1.3662351668315682,3.720930e-02,3.852126e-01,1.000000e+00,33/61,36.86%,SRPK3;SNRPG;SNRPD1;SNRPF;GCFC2;SNRPE;SF3B6;CELF3;SRPK2;KHDC4;DDX1;SRPK1;PUF60;USP39;TXNL4A;SF3B4;SRSF10;PRPF19;SNRPA1;CELF5;HTATSF1;NCBP1;LUC7L2;SF3B3;LUC7L3;SNRPB;SNRPB2;NOL3;SMN1;RBMX2;SRSF9;SNRNP200;DDX46
prerank,Response To Peptide (GO:1901652),0.4948267994657856,1.3653410933161172,8.045977e-02,2.357960e-01,1.000000e+00,13/33,16.50%,NOD2;STAT4;MMP9;FYN;NLRP1;STAT5A;IRF5;MMP12;STAT5B;MMP3;PRNP;MMP2;RAMP3
prerank,Hematopoietic Progenitor Cell Differentiation (GO:0002244),0.5083333100995799,1.3645677650485557,6.824926e-02,2.366065e-01,1.000000e+00,11/27,17.82%,PLEK;PTPRC;SP7;TGFB1;FLT3;MEOX1;LYN;TNFRSF13B;INHBA;BATF;HOXB4
prerank,Dopamine Metabolic Process (GO:0042417),0.5568177840290434,1.3644611582812052,1.188119e-01,2.363996e-01,1.000000e+00,8/17,26.15%,SNCA;MAOB;GCH1;SNCAIP;ATP7A;DRD2;DRD1;MAOA
prerank,Proton Motive Force-Driven ATP Synthesis (GO:0015986),-0.37462384409321814,-1.364352823751835,4.081633e-02,3.869597e-01,1.000000e+00,38/59,44.84%,NDUFB9;NDUFS6;ATP5MF;NDUFA9;ATP5PF;NDUFAB1;ATP5MC1;NDUFB2;NDUFB5;ATP5MK;NDUFB3;NDUFA10;SDHC;NDUFC2;ATP5F1C;NDUFV3;NDUFA12;ATP5MGL;ATP5F1B;NDUFB1;SDHA;NDUFC1;ATP5PO;NDUFA2;NDUFA5;ATP5MG;NDUFB10;ATP5MC2;NDUFV1;ATP5PD;NDUFS3;NDUFS4;NDUFB7;ATP5PB;NDUFA7;NDUFS1;NDUFS5;ATP5MJ
prerank,Negative Regulation Of Blood Coagulation (GO:0030195),0.499453484177297,1.364347742197306,1.025260e-01,2.361904e-01,1.000000e+00,7/29,8.86%,SERPINE2;SERPINB2;THBD;SERPINE1;GP1BA;C1QTNF1;APOE
prerank,Positive Regulation Of Ras Protein Signal Transduction (GO:0046579),0.46682245338102457,1.3641759020870663,9.370817e-02,2.360703e-01,1.000000e+00,20/46,22.85%,RASGRP4;P2RY10;GPR174;PIK3CG;GPR65;P2RY8;NTRK1;ARRB1;RASGRP1;F2RL2;F2R;MAPRE2;ARHGEF3;SYNPO2L;FGF10;GPR55;LPAR6;RASGEF1A;PIK3CB;SHOC2
prerank,Bile Acid And Bile Salt Transport (GO:0015721),-0.47520664181533573,-1.363544090943767,1.019108e-01,3.864445e-01,1.000000e+00,11/21,21.55%,SLCO1A2;ABCC2;SLCO1B3;ATP8B1;SLC10A6;AKR1C4;SLC10A5;CEACAM1;SLC27A5;ABCC11;SLCO1B1
prerank,Positive Regulation Of Chemotaxis (GO:0050921),0.46469276143806687,1.3630275980385433,7.462687e-02,2.373762e-01,1.000000e+00,18/44,14.85%,P2RY12;THBS1;CCL26;CCL19;TGFB1;TMSB4X;AIF1;TREM2;LGMN;CCR2;IL6R;IL6;CCL21;CDH13;NTRK3;STX4;FGF2;PPM1F
prerank,Macroautophagy (GO:0016236),0.42106422255420634,1.3627625570247073,4.733728e-02,2.374341e-01,1.000000e+00,42/100,31.52%,MAP1LC3C;RUBCNL;TGFB1;PIP4K2A;MAP1LC3B;MAP1LC3B2;TCIRG1;ATG16L2;GABARAPL1;GABARAP;TOM1;SNX18;MTMR14;ATG7;MTMR3;GABARAPL2;VAMP7;ARL8B;SNAP29;LIX1L;UBXN6;LAMP2;YOD1;ZFYVE26;CHMP4A;CHMP1B;ZFYVE1;VTI1A;CHMP5;CALCOCO2;HDAC10;NBR1;EPG5;STAM;UVRAG;PIK3C3;CLN3;VHL;KLHL3;VCP;VPS39;TBC1D5
prerank,Positive Regulation Of Blood Coagulation (GO:0030194),0.5488553649972913,1.3625922091459421,9.393939e-02,2.373080e-01,1.000000e+00,15/20,28.01%,THBS1;THBD;DMTN;SERPINE1;HPSE;EMILIN2;F2R;VTN;ENPP4;PLAU;EMILIN1;PLG;F2;NRG1;USF1
prerank,Linoleic Acid Metabolic Process (GO:0043651),0.564489905192566,1.3624635515042434,1.123779e-01,2.371218e-01,1.000000e+00,5/18,10.68%,GSTA1;ALOX5;GSTM2;ALOX15;ALOX12
prerank,Neurotransmitter Secretion (GO:0007269),-0.3953503369709369,-1.3622058885841108,5.576208e-02,3.871416e-01,1.000000e+00,14/39,14.13%,RIMS2;UNC13A;GRM4;SYT1;CPLX2;CPLX1;STX1A;PCLO;SNAP25;NRXN1;PTPRN2;SYN2;PPFIA3;DVL1
prerank,Positive Regulation Of Protein Catabolic Process (GO:0045732),0.42006254855856573,1.3615605000966375,4.171633e-02,2.381105e-01,1.000000e+00,24/89,18.58%,ASB5;TNFRSF1B;ADAM8;GPC3;C4BPB;IFNG;IL1B;TNF;TNFSF13B;TNFSF12;TREM2;PLK3;APOE;NUPR1;CD81;ECSCR;FURIN;TNFAIP3;OAZ1;SNX9;FOXO1;ATG7;RILP;MSN
prerank,Negative Regulation Of Response To Wounding (GO:1903035),0.5408897852258888,1.3613317030838818,1.166667e-01,2.380746e-01,1.000000e+00,8/22,14.48%,ALOX5;SERPINE1;MMRN1;PTPN6;SIGLEC10;IL33;RTN4RL1;FGF2
prerank,Regulation Of Protein Secretion (GO:0050708),0.4162388017159923,1.3600690135777307,4.957678e-02,2.396275e-01,1.000000e+00,22/91,12.41%,CCL5;ANKRD1;ADAM8;CD33;ALOX5;TTN;IFNG;BMP6;IL1B;TNF;TGFB1;STXBP5L;SSTR5;TREM2;MYOM1;APOE;KCNA5;IL6;GIPR;APBB1;IL12B;SAA1
prerank,Positive Regulation Of Interferon-Beta Production (GO:0032728),0.4807078691931738,1.3591459949463252,8.356546e-02,2.407266e-01,1.000000e+00,12/36,20.49%,TLR8;TLR2;TLR4;TLR7;IRF1;TLR9;IRF5;IRF7;STING1;RIOK3;FLOT1;DDX3X
prerank,Positive Regulation Of Programmed Cell Death (GO:0043068),0.3792320262749014,1.359114063933725,1.702128e-02,2.403875e-01,1.000000e+00,70/235,20.10%,SNCA;TNFRSF10C;PRF1;ANKRD1;BCL2A1;GBP5;GZMA;HTRA4;FASLG;GADD45B;LAPTM5;IFNG;MNDA;EMILIN2;UBD;NLRC4;CLEC7A;TNF;ADAMTSL4;TNFRSF8;CLU;CTSD;SFRP4;LILRB1;GBP1;BNIP3L;BMP2;GBP2;IL6;IFIT2;STK17B;IRF5;NTRK1;DAPK1;STK4;MCL1;SYK;LGALS1;APBB1;ARL6IP5;CYP1B1;FRZB;BMF;SMPD1;LRRK2;LATS2;RYBP;CTLA4;MAP3K10;PYCARD;FOXL2;CALHM2;FCER2;LGALS2;DCUN1D3;TNFAIP8;GADD45G;NOS2;BCL6;FOXO1;ATG7;RASSF2;FANK1;FOXO3;JUN;BIN1;BCL2L11;PNMA2;FLCN;CFLAR
prerank,Regulation Of Macrophage Chemotaxis (GO:0010758),0.5423721055507447,1.3591050645919829,1.264000e-01,2.400210e-01,1.000000e+00,11/20,19.91%,CCL5;THBS1;SLAMF8;CSF1R;CMKLR1;PTK2B;CSF1;MAPK1;RARRES2;DDT;MAPK3
prerank,Positive Regulation Of Cysteine-Type Endopeptidase Activity (GO:2001056),0.4376742894857284,1.3590182012803187,5.950841e-02,2.398040e-01,1.000000e+00,19/63,16.14%,MEFV;NLRP3;NLRC4;CLEC7A;TNF;CTSD;FYN;CASP1;LGMN;CARD8;DAPK1;SYK;ARL6IP5;CYFIP2;F2R;PPM1F;GRIN2A;PYCARD;FOXL2
prerank,Telomere Maintenance (GO:0000723),-0.35650953578695904,-1.3588894006438001,5.022831e-02,3.922716e-01,1.000000e+00,29/66,33.91%,RECQL4;PRKDC;RAD51;DNA2;TERT;RPA3;UCHL5;BLM;XRCC3;NSMCE2;RAD50;ZNF827;ATR;MRE11;NFRKB;PTGES3;RAD51D;ZNF365;SMC6;POT1;PARP1;LTO1;ACTL6A;WRN;TRAPPC13;SMC5;INO80C;TERF1;SHLD1
prerank,Regulation Of Actin Cytoskeleton Reorganization (GO:2000249),0.5213939594793614,1.3588580940750494,1.109531e-01,2.396580e-01,1.000000e+00,11/24,21.73%,CSF1R;HCK;FES;ARHGDIB;CLU;PTK2B;CARMIL2;TEK;RNH1;ARHGDIA;PDGFRA
prerank,Regulation Of Toll-Like Receptor Signaling Pathway (GO:0034121),0.5467407972894823,1.3587947547939119,1.289355e-01,2.393855e-01,1.000000e+00,9/19,16.91%,TLR2;GFI1;IRAK3;IRF1;TLR9;CD36;IRF7;TLR5;GPR108
prerank,Retina Homeostasis (GO:0001895),0.489062958258252,1.358732026972823,9.259259e-02,2.391079e-01,1.000000e+00,10/34,8.80%,IGHA2;IGHA1;IGHG3;IGKC;SLC28A2;LTF;LYZ;JCHAIN;B2M;ATP1B2
prerank,Cellular Response To Alcohol (GO:0097306),-0.3828568654536271,-1.3586982628184576,4.255319e-02,3.904487e-01,1.000000e+00,18/49,15.59%,AKR1C2;ADCY1;SCNN1A;GNAI1;CDH1;CFTR;LRP6;AKR1C3;ADCY8;RAD51;BRCA1;MYL1;SFRP1;JUP;SCNN1G;GPLD1;BLM;ADCY2
prerank,Regulation Of Transmembrane Transport (GO:0034762),0.5080023701172782,1.3584944069793043,1.164483e-01,2.391261e-01,1.000000e+00,11/28,14.19%,SNCA;PRKCB;KCNJ10;KCNJ16;KCNJ18;KCNJ5;PIM1;KCNJ1;ACTB;SCN10A;CALHM1
prerank,Mesoderm Development (GO:0007498),0.5614378059098392,1.3579072996100896,1.148545e-01,2.397065e-01,1.000000e+00,6/17,10.31%,FOXC2;HCK;BTK;IKZF1;SECTM1;IKZF3
prerank,Negative Regulation Of Intracellular Signal Transduction (GO:1902532),0.3867374720735313,1.3578422827831491,1.722282e-02,2.394312e-01,1.000000e+00,71/216,23.82%,ADGRG3;NLRP3;SLA2;NLRP12;PLEK;THBS1;PLAUR;ARRB2;SLC24A4;SPI1;DUSP1;PDE10A;MMP9;P2RX7;TMSB4X;ARHGAP25;LILRB4;DUSP5;DUSP2;TREM2;ESR1;NLRC3;HLA-G;PDE2A;PTPRJ;MAP2K3;HERPUD1;LRP1;CARD8;PER1;PDE3B;LYN;TNIP3;RPS6KA1;DDIT4;PIK3IP1;CARD19;APLNR;PPARG;STYXL2;MYADM;SH3BP1;SH2B3;ADIPOR1;RHOH;DUSP3;PPIF;PYCARD;CYLD;TNFAIP3;INPP5K;TNIP1;IFI35;DGKG;ITPR1;PTEN;RIOK3;FLCN;DDX3X;TMEM127;AKT1S1;CASP8;CCDC22;CD22;SLIT2;PIK3CB;DRD2;ZC3H12A;SPRED3;DUSP4;AIM2
prerank,Positive Regulation Of DNA Biosynthetic Process (GO:2000573),-0.35885402406163347,-1.3573788303865866,6.030151e-02,3.912175e-01,1.000000e+00,27/65,23.88%,DSCC1;NEK2;GINS1;RFC3;GINS2;CCT6A;GRHL2;CHTF18;RFC5;CCT4;RFC4;CCT3;CCT7;FBXO4;RFC2;CCT2;GINS3;PKIB;USP1;DKC1;NVL;GINS4;CCT8;MYC;MAPKAPK5;ATR;PTGES3
prerank,DNA-templated Transcription Termination (GO:0006353),-0.4959492847958657,-1.3568902736079134,1.168091e-01,3.900630e-01,1.000000e+00,5/16,24.47%,NKX2-1;MTERF2;POLR3K;MTERF1;MAZ
prerank,Motile Cilium Assembly (GO:0044458),0.5628250258973665,1.3564060844440027,1.134644e-01,2.413513e-01,1.000000e+00,9/17,25.67%,DNAAF1;ZMYND10;CFAP221;RSPH9;DNAAF3;CCDC39;SPAG17;BBOF1;DNAAF11
prerank,Positive Regulation Of Monoatomic Ion Transport (GO:0043270),0.4767456142486186,1.3562532733633708,9.623431e-02,2.412015e-01,1.000000e+00,15/38,20.47%,CCL5;CCL3;CCL4;CCR1;FFAR1;P2RX7;NKX2-5;LILRA2;FHL1;F2R;SCN1B;ORAI1;STIM2;ATP2B1;P2RX4
prerank,Nitrogen Compound Transport (GO:0071705),0.39477351370836206,1.3557139225277255,3.009259e-02,2.416850e-01,1.000000e+00,49/149,20.32%,HBB;RHAG;HBA1;SLC11A1;AQP9;SLC36A2;CD3G;SLC26A4;SLC6A19;SLC6A15;RHD;SLC15A3;TCN2;ABCG2;ARRDC5;SLC6A12;TXNIP;SLC29A3;SLC43A2;SLC16A10;SLC6A6;RHCE;SLC22A4;RUFY1;SLC6A13;ARL6IP5;SLC18A2;TOM1;SLC23A2;SLC26A8;SLC38A5;SNX18;PDPN;ARRDC4;ARRDC2;SLC36A1;RAMP3;CMTM6;RILP;MYH9;SLC7A10;PPT1;LRP1B;SLC6A8;SLC26A11;ABCC4;VAMP2;SLC6A4;SLC43A1
prerank,Positive Regulation Of DNA Binding (GO:0043388),0.4919637408927834,1.355275675639102,9.587021e-02,2.419987e-01,1.000000e+00,5/31,6.09%,MMP8;PLAUR;PYHIN1;MMP9;TGFB1
prerank,Skeletal Muscle Organ Development (GO:0060538),0.4882606468199201,1.3547347022914156,9.840810e-02,2.424160e-01,1.000000e+00,11/32,20.10%,MYL11;MYOZ1;CSRP3;MYOZ2;MYF6;DES;FOXL2;MEF2C;DMD;MYL6;CFLAR
prerank,Regulation Of Cell Migration Involved In Sprouting Angiogenesis (GO:0090049),0.4861231667550314,1.3526242740302648,1.012085e-01,2.452746e-01,1.000000e+00,13/30,24.58%,FOXC2;HMOX1;THBS1;PTGS2;MAP3K3;TBXA2R;FGF2;RHOA;RHOJ;MMRN2;HDAC5;NOTCH1;GATA2
prerank,Vesicle Cargo Loading (GO:0035459),-0.44878222874371193,-1.3522202787759838,1.038576e-01,3.977795e-01,1.000000e+00,5/25,5.24%,CTAGE8;CTAGE4;CTAGE15;CTAGE9;CTAGE6
prerank,Regulation Of Tyrosine Phosphorylation Of STAT Protein (GO:0042509),0.4469164544543795,1.3521148660935398,9.504685e-02,2.456929e-01,1.000000e+00,23/53,21.00%,CCL5;OSM;CSF1R;LIF;IFNG;TNF;SOCS3;FLT3;IL6R;IL6;GH2;LYN;TSLP;IL12B;CD40;SOCS1;SH2B3;HCLS1;IL15;IL6ST;CSHL1;TNFRSF1A;JAK2
prerank,Positive Regulation Of Lymphocyte Differentiation (GO:0045621),0.4766192546269631,1.3517954316333844,1.188707e-01,2.458474e-01,1.000000e+00,15/36,24.54%,SPI1;BTK;ZAP70;INPP5D;NCKAP1L;CD27;SYK;ZMIZ1;RHOH;XBP1;GAS6;GATA3;SMARCB1;AXL;SMARCA2
prerank,Adenylate Cyclase-Modulating G Protein-Coupled Receptor Signaling Pathway (GO:0007188),0.39366116278435126,1.3513792967462908,4.347826e-02,2.461391e-01,1.000000e+00,46/134,16.50%,PF4;MARCO;ADGRG3;P2RY12;ADGRE3;FPR2;PTH2R;FPR1;CXCL9;ADGRE1;GNAT1;AKAP12;GNAZ;GPR171;CALCA;GPR65;FFAR3;CXCL10;PTGER4;ADGRE5;PTH1R;GNAI2;ADRB3;ADGRG5;PDE2A;PTGER2;VIPR2;GNA13;ADM;GNAO1;GIPR;ADGRE2;ADCY7;CXCL11;PSAP;ADGRE4P;MTNR1A;GALR2;TBXA2R;UTS2;ADORA2A;OPRL1;ADGRL4;GNA15;PTHLH;RAMP3
prerank,Regulation Of Endopeptidase Activity (GO:0052548),0.44396736270420123,1.3513480914755742,6.225681e-02,2.458113e-01,1.000000e+00,25/60,17.11%,SERPINE2;SERPINB3;TIMP3;SERPINB2;TIMP1;SERPINE1;SPOCK3;VSIR;SPOCK2;SERPINA5;SERPINB9;SPOCK1;SERPINB10;SERPING1;SERPINF1;SERPINA3;TIMP2;SERPINB4;VTN;SERPINI1;APH1B;FURIN;PSMB9;TIMP4;PICALM
prerank,Regulation Of Oxidative Stress-Induced Intrinsic Apoptotic Signaling Pathway (GO:1902175),0.5615356299565415,1.3508439166593031,1.348837e-01,2.462788e-01,1.000000e+00,4/17,12.48%,VNN1;TREM2;NME5;SOD2
prerank,Positive Regulation Of Leukocyte Chemotaxis (GO:0002690),0.44534116547755487,1.3497567591024964,9.066667e-02,2.476721e-01,1.000000e+00,23/52,17.39%,CCL5;FPR2;THBS1;CCR1;CSF1R;CXCL12;CMKLR1;SERPINE1;AIF1;CXCL10;CCR7;LGMN;CCR2;IL6R;VEGFC;CSF1;IL6;LGALS9;PLA2G7;MAPK1;CCR6;GAS6;RARRES2
prerank,Amide Transport (GO:0042886),0.4993319277358102,1.3486366496573305,1.184211e-01,2.491719e-01,1.000000e+00,11/30,17.32%,FOLR2;PLTP;SLC14A1;SLC1A3;ABCG2;FOLR3;GLTPD2;SLC38A5;PDPN;SLC27A1;SLC46A1
prerank,Protein Methylation (GO:0006479),-0.42385957343576575,-1.3480410421926887,7.920792e-02,4.051978e-01,1.000000e+00,19/29,42.85%,CSKMT;PRMT3;CAMKMT;VCPKMT;EEF2KMT;PRMT1;ICMT;FAM98B;EEF1AKMT2;FAM98A;SNRPB;BHMT;PRMT7;LCMT1;METTL21A;TRMT112;EEF1AKMT1;RAB6A;ETF1
prerank,Peptide Cross-Linking (GO:0018149),-0.44409080408742196,-1.3465317873605984,9.933775e-02,4.064835e-01,1.000000e+00,10/25,8.11%,SPRR1B;IVL;SPRR2E;SPRR1A;CSTA;EVPL;DSP;PI3;TGM5;TGM1
prerank,Positive Regulation Of Neuron Apoptotic Process (GO:0043525),0.513788876309102,1.3449252594330598,1.088957e-01,2.546277e-01,1.000000e+00,8/23,13.92%,ITGAM;CCL3;TYROBP;TNF;GRN;NUPR1;MCL1;PRNP
prerank,Endodermal Cell Differentiation (GO:0035987),0.4959628311889497,1.3448955186947091,1.179856e-01,2.542793e-01,1.000000e+00,9/30,16.08%,MMP8;ITGB2;MMP9;ITGA4;ITGA5;FN1;VTN;MMP2;INHBA
prerank,Positive Regulation Of Fat Cell Differentiation (GO:0045600),0.4510901338868981,1.3440852680210744,9.478022e-02,2.552622e-01,1.000000e+00,19/46,17.79%,LCP1;CEBPB;CMKLR1;ZFP36;PTGS2;METRNL;PIM1;BMP2;MEDAG;ID2;PPARG;FRZB;TFE3;ZNF385A;ZFP36L1;CREBL2;XBP1;RARRES2;SULT1E1
prerank,Positive Regulation Of Transcription From RNA Polymerase II Promoter In Response To Stress (GO:0036003),0.5446709706441832,1.3432697960883735,1.344668e-01,2.561235e-01,1.000000e+00,13/17,35.45%,KLF2;CEBPB;RBPJ;CREB3L3;MAPK7;CREB3L1;ATF6;VEGFA;ATF6B;HIF1A;DDIT3;ATF4;TP53
prerank,Regulation Of Blood Coagulation (GO:0030193),0.4974845845357336,1.3420387181387998,1.229868e-01,2.576655e-01,1.000000e+00,10/28,8.86%,SERPINE2;THBS1;PLAUR;THBD;DMTN;SERPINE1;HPSE;GP1BA;EMILIN2;APOE
prerank,Protein Localization To Cell-Cell Junction (GO:0150105),-0.5039481789897308,-1.3418012046725403,1.513514e-01,4.148201e-01,1.000000e+00,6/15,15.27%,DSP;CHAF1B;SCRIB;TJP2;TJP1;LSR
prerank,Positive Regulation Of Dephosphorylation (GO:0035306),0.4917231102737044,1.3417174136547536,1.207386e-01,2.578570e-01,1.000000e+00,8/29,17.78%,LILRB2;TGFB1;PPP1R16B;BMP2;RIPK3;PRKCD;SMPD1;CALM3
prerank,Positive Regulation Of Phosphate Metabolic Process (GO:0045937),0.5011280670946436,1.3414548514521236,1.028986e-01,2.579082e-01,1.000000e+00,15/28,21.26%,CCL5;SNCA;THBS1;IFNG;CD244;NCKAP1L;PTH1R;SDCBP;EREG;ILK;FZD7;ANG;DHX34;EGF;KCTD20
prerank,Negative Regulation Of Receptor-Mediated Endocytosis (GO:0048261),0.5107509775892475,1.34098187183547,1.114286e-01,2.582929e-01,1.000000e+00,8/25,17.11%,ITGB3;APOC2;RIN3;APOC1;SDCBP;LRPAP1;DLG4;PICALM
prerank,Autophagy Of Mitochondrion (GO:0000422),0.46069801169208713,1.3402287762646945,9.902371e-02,2.591690e-01,1.000000e+00,13/48,19.60%,MAP1LC3C;MAP1LC3B;MAP1LC3B2;SPATA18;ATG2A;CTSK;GABARAPL1;GABARAP;FBXO7;WIPI1;ATG7;GABARAPL2;WDR45
prerank,3'-UTR-mediated mRNA Destabilization (GO:0061158),0.5681001255681353,1.3393202050257513,1.460317e-01,2.602919e-01,1.000000e+00,5/15,14.52%,ZFP36;RBM24;ZC3H12D;ZFP36L2;ZFP36L1
prerank,Xenobiotic Catabolic Process (GO:0042178),0.5334437880176446,1.339259468618199,1.293760e-01,2.600084e-01,1.000000e+00,5/18,11.34%,GSTM1;GSTM3;GSTM2;GSTM4;CYP2B6
prerank,Positive Regulation Of Vacuole Organization (GO:0044090),0.526554572590589,1.3387999068705647,1.264706e-01,2.603448e-01,1.000000e+00,7/20,19.60%,MCOLN1;PIP4K2A;GRN;ATG2A;SNX18;WIPI1;WDR45
prerank,Negative Regulation Of Extrinsic Apoptotic Signaling Pathway (GO:2001237),0.4260059575744248,1.3386503792527509,7.078507e-02,2.601920e-01,1.000000e+00,22/68,21.58%,PF4;GATA1;HMOX1;THBS1;SERPINE1;IL1B;TNF;GPX1;MCL1;HSPA1B;TMBIM1;ICAM1;HSPA1A;TNFAIP3;TGFBR1;PEA15;MAPK7;CFLAR;AKR1B1;DDX3X;GDNF;ARHGEF2
prerank,Ceramide Metabolic Process (GO:0006672),-0.36797063149386733,-1.3384702787265246,7.870370e-02,4.200616e-01,1.000000e+00,11/54,11.61%,CEL;CERS3;FUT3;FUT5;ALOX12B;FUT6;DEGS2;FA2H;SPTSSA;SPTSSB;ASAH2
prerank,tRNA Wobble Base Modification (GO:0002097),-0.4989132078038337,-1.3380402957097288,1.173333e-01,4.188257e-01,1.000000e+00,11/15,42.23%,ELP4;ELP1;URM1;ELP2;ALKBH8;MOCS3;ELP3;ELP6;GTPBP3;TRMT9B;CTU1
prerank,Regulation Of Actin Filament Polymerization (GO:0030833),0.4258726694324818,1.337768748912812,7.672302e-02,2.612112e-01,1.000000e+00,33/67,22.43%,LMOD2;CCL11;HCK;CCL26;CCL24;NCKAP1L;COTL1;ALOX15;CCR7;ARHGAP18;VASP;PTK2B;PRKCD;CCL21;MYADM;EVL;TWF2;PAK3;PLEKHG2;PYCARD;HCLS1;SSH2;SNX9;MTPN;CRACD;FCHSD2;BIN1;TENM1;FCHSD1;LMOD1;ESAM;PFN1;SLIT2
prerank,Telomere Maintenance Via Telomere Lengthening (GO:0010833),-0.4470382795799128,-1.3374670882523223,1.041009e-01,4.178468e-01,1.000000e+00,11/24,25.77%,PIF1;RAD51;TERT;NHP2;DKC1;TELO2;RAD50;PINX1;MRE11;PTGES3;POT1
prerank,Clathrin-Dependent Endocytosis (GO:0072583),0.5099445835509541,1.337027739775578,1.203008e-01,2.620324e-01,1.000000e+00,10/26,20.83%,SIGLEC1;DNAJC6;FCHO2;PICALM;PIP5K1C;FCHSD2;FCHO1;AP2A2;LMBRD1;GAK
prerank,Positive Regulation Of Chromosome Organization (GO:2001252),-0.41257361768679374,-1.3364732480944121,7.849829e-02,4.177241e-01,1.000000e+00,16/32,28.17%,SMC4;NCAPH;DDX11;CDK1;FEN1;NCAPD2;NCAPD3;NCAPG2;RAD21;SMC2;RAD50;NCAPG;MRE11;POT1;GNL3;AURKB
prerank,Negative Regulation Of Small Molecule Metabolic Process (GO:0062014),0.4967586815859331,1.3363808783042594,1.220196e-01,2.627232e-01,1.000000e+00,7/29,15.79%,ACTN3;CDA;CBFA2T3;NUPR1;FBP1;PGPEP1;BCKDK
prerank,MAPK Cascade (GO:0000165),0.4114890766204463,1.335320359689297,6.335404e-02,2.640448e-01,1.000000e+00,29/92,22.17%,CCL5;CCL3;CCR5;IL1B;PTPN7;CCL2;TNF;TGFB1;ZFP36;DUSP5;PTGER4;ZFP36L2;FGFR1;MAP2K3;LGALS9;MAP3K3;MAPK1;CTSH;ZFP36L1;LRRK2;RASGRP3;MEF2C;FGF10;MAPK3;MAPKAPK2;MINK1;EGF;PAK1;MAP3K11
prerank,Regulation Of Plasminogen Activation (GO:0010755),0.5595414559219067,1.33525267753993,1.172742e-01,2.637913e-01,1.000000e+00,5/16,6.99%,SERPINE2;THBS1;PLAUR;SERPINE1;CTSZ
prerank,Sensory Perception Of Mechanical Stimulus (GO:0050954),-0.3461592836225098,-1.334928022977856,4.326923e-02,4.184796e-01,1.000000e+00,17/81,8.44%,LRP2;SLC26A5;COL4A3;TSPEAR;CLIC5;MYO3B;CLRN1;DCDC2;EPS8L2;PIEZO2;PAX3;LHFPL5;ATP6V1B1;BIRC5;CHRNB2;NDUFB9;MARVELD2
prerank,Regulation Of Type I Interferon Production (GO:0032479),0.43971189917483366,1.334605423161279,9.827357e-02,2.644581e-01,1.000000e+00,13/57,16.59%,CD14;PTPN22;TYROBP;TRAF3IP3;IRF8;RNF125;IRF1;MYD88;IRF5;IRF7;STING1;TRIM21;CYLD
prerank,Retrograde Axonal Transport (GO:0008090),-0.4935184635288552,-1.3323809119209389,1.230769e-01,4.222242e-01,1.000000e+00,3/15,2.74%,NEFL;DLG2;KIF1A
prerank,Negative Regulation Of Lipid Biosynthetic Process (GO:0051055),-0.44341278066117273,-1.3317235972805552,9.638554e-02,4.213237e-01,1.000000e+00,9/24,15.28%,ACADL;BMP5;TRIB3;AKR1C3;KLHL25;BRCA1;GPER1;PRMT3;CEACAM1
prerank,Mitotic DNA Damage Checkpoint Signaling (GO:0044773),-0.36705396184529304,-1.330619154953262,8.050847e-02,4.216432e-01,1.000000e+00,13/56,15.20%,CHEK1;TICRR;PLK1;DEPDC1B;EME1;CDK1;PRKDC;DONSON;BRCA1;RINT1;BRSK1;TIPIN;BLM
prerank,Negative Regulation Of MAPK Cascade (GO:0043409),0.40398219287633585,1.3283159987489703,6.189320e-02,2.748172e-01,1.000000e+00,41/97,23.66%,TIMP3;CD300A;PTPRC;DUSP1;TLR4;IL1B;P2RX7;LAX1;LILRB4;DUSP5;IRAK3;DUSP2;PTPRR;APOE;GBP1;SIRPA;BMP2;PTPRJ;PRKCD;FBLN1;LYN;PPARG;STYXL2;SH2B3;SMPD1;RGS14;DUSP3;INPP5K;FOXO1;RGS2;TNIP1;PTEN;PSCA;FLCN;DUSP10;PIK3CB;UCHL1;SPRED3;GBA1;EMILIN1;DUSP4
prerank,Negative Regulation Of miRNA Metabolic Process (GO:2000629),0.5263364157102477,1.3280287846243932,1.078125e-01,2.748747e-01,1.000000e+00,14/21,32.93%,TGFB1;LILRB4;ESR1;PPARG;RARA;POU5F1;PPARD;NFIB;TENT2;NCOR1;NFATC3;SRF;RELA;HIF1A
prerank,Potassium Ion Transmembrane Transport (GO:0071805),-0.31914928475531334,-1.3278006342370114,4.195804e-02,4.253425e-01,1.000000e+00,31/119,10.84%,KCNK9;KCNB2;SLC24A2;KCNQ3;KCNH7;ABCC8;KCNQ5;KCNK3;ATP1B1;HPN;KCNJ11;KCNA1;KCNS3;KCNQ4;KCNK10;KCNN2;KCNA10;KCNV1;KCND2;KCNH8;KCNA7;SLC12A2;SLC9A2;KCNS2;KCNJ6;KCNK1;KCNH1;KCNK17;KCNJ8;HCN3;SLC9A4
prerank,Regulation Of Sodium Ion Transmembrane Transport (GO:1902305),0.50573523008315,1.3262983000375022,1.194969e-01,2.773686e-01,1.000000e+00,7/24,15.72%,BPIFA1;FXYD5;FXYD6;SCN2B;YWHAH;SCN1B;FXYD2
prerank,Negative Regulation Of Canonical Wnt Signaling Pathway (GO:0090090),0.40269585493082444,1.3255258995303603,5.968331e-02,2.783390e-01,1.000000e+00,31/103,20.69%,CCL14;SOST;TNN;DAB2;PTPRO;NKX2-5;IGFBP6;CSNK1A1L;GREM1;TMEM170B;SFRP4;APOE;BMP2;TMEM88;TLE4;NOG;DKK3;STK4;TLE3;SOX17;FRZB;LATS2;GLI1;HECW1;CYLD;TMEM131L;SHISA6;FUZ;OTUD5;BICC1;ZNRF3
prerank,Morphogenesis Of An Epithelium (GO:0002009),-0.42551909924486664,-1.3254171005709854,1.107595e-01,4.287801e-01,1.000000e+00,8/27,12.07%,KRT16;LHX1;KRT6A;FLG2;TIMELESS;KDF1;SOX9;KLK14
prerank,Positive Regulation Of Cell-Substrate Adhesion (GO:0010811),0.4230511652728421,1.325344311000562,8.427673e-02,2.782409e-01,1.000000e+00,32/69,21.90%,OLFM4;CD3E;DMTN;RSU1;CASS4;ALOX15;CCR7;FN1;LIMS1;PTK2B;CCDC80;TRIOBP;CSF1;CCL21;FLNA;CDH13;CD36;DOCK5;VIT;MYADM;ILK;PPM1F;PLEKHA2;CRKL;FBLN2;LIMS2;CX3CL1;NDNF;TESK1;JAK2;NEDD9;SKAP1
prerank,Regulation Of Peptide Hormone Secretion (GO:0090276),0.4545691116295887,1.3251917414117402,1.025992e-01,2.780939e-01,1.000000e+00,13/42,12.12%,CCL5;FFAR2;ALOX5;IFNG;IL1B;TNF;FFAR3;SSTR5;CRHBP;KCNA5;IL6;GIPR;TFR2
prerank,Negative Regulation Of Mitotic Cell Cycle Phase Transition (GO:1901991),0.4680691092811781,1.3242093026957231,1.166667e-01,2.793712e-01,1.000000e+00,14/38,18.67%,GFI1B;CCL2;ZFP36L2;RGCC;FHL1;GPR132;FAM107A;GPNMB;ZFP36L1;CDKN1A;INHBA;DCUN1D3;SLFN11;PTEN
prerank,Negative Regulation Of Autophagy (GO:0010507),0.4347079316106818,1.3235941923683379,1.010363e-01,2.799934e-01,1.000000e+00,26/60,28.98%,SNCA;IL10RA;PTPN22;LEP;TREM2;CTSA;IL10;LEPR;NUPR1;MCL1;BMF;LRRK2;TBC1D14;RASIP1;SIRT2;SMCR8;TAB2;DAP;RRAGA;EIF4E;RUBCN;PINK1;HGF;USP36;STAT3;TAB3
prerank,Neurotrophin Signaling Pathway (GO:0038179),0.5591419162373419,1.3235015613272014,1.487603e-01,2.797482e-01,1.000000e+00,5/15,16.75%,NTF3;RAPGEF1;NTRK1;DDIT4;RAP1A
prerank,Positive Regulation Of Cation Channel Activity (GO:2001259),0.48134360523762715,1.3233257067775042,1.145686e-01,2.796319e-01,1.000000e+00,6/33,6.24%,STAC2;CASQ1;CTSS;TRDN;GSTM2;TMSB4X
prerank,Negative Regulation Of Protein Localization To Plasma Membrane (GO:1903077),0.5305599684371597,1.3232002184920522,1.257862e-01,2.794408e-01,1.000000e+00,9/20,21.98%,DAB2;TGFB1;GBP1;LRRC15;TMBIM1;LRPAP1;PICALM;NUMB;TMEM59
prerank,Response To Steroid Hormone (GO:0048545),0.49354937618678196,1.3223321697255979,1.253644e-01,2.804609e-01,1.000000e+00,13/28,24.33%,THBS1;TGFB1;HSPA1B;WBP2;HSPA1A;NR1H3;ATP1A2;SOX30;MGARP;PAQR8;AKR1B1;UBE2L3;NR3C1
prerank,Gliogenesis (GO:0042063),0.54208842922957,1.3220166011567551,1.435331e-01,2.805856e-01,1.000000e+00,3/18,6.79%,AZU1;VCAN;HAPLN1
prerank,Regulation Of Tubulin Deacetylation (GO:0090043),-0.4793299040716631,-1.3211396855412045,1.320225e-01,4.366435e-01,1.000000e+00,6/17,16.51%,MAPT;PRKAA2;MBIP;TPPP;FNTA;KAT2A
prerank,Response To Ketone (GO:1901654),0.5211291762450934,1.3209580823538978,1.495468e-01,2.819544e-01,1.000000e+00,8/19,13.42%,THBS1;CCL19;TGFB1;CCR7;CCL21;WBP2;NR1H3;SLIT1
prerank,Phospholipid Catabolic Process (GO:0009395),-0.4298621956230098,-1.3208270580729629,1.337386e-01,4.350627e-01,1.000000e+00,4/26,2.33%,PLA2G4E;PLA2G4F;PLA2G4D;LIPG
prerank,Positive Regulation Of Protein Dephosphorylation (GO:0035307),0.46995962698605126,1.3206793682462663,1.211268e-01,2.820143e-01,1.000000e+00,8/33,17.78%,LILRB2;CD300A;TGFB1;PPP1R16B;PRKCD;PPP1R15A;SMPD1;CALM3
prerank,Glutamate Receptor Signaling Pathway (GO:0007215),-0.4167657907412176,-1.3200531126299742,1.009464e-01,4.348643e-01,1.000000e+00,7/33,6.38%,GRIK3;GRIA4;GRM4;TRPM1;GRIK4;PLCB1;GRM2
prerank,Positive Regulation Of Transport (GO:0051050),0.44473360933155326,1.3198695932654434,1.024590e-01,2.829875e-01,1.000000e+00,23/47,26.72%,SNCA;GPC3;CEBPB;DAB2;CCL19;TNF;APOE;LRP1;TFR2;ACTB;NR1H3;AKT2;SMPD1;DOC2B;INPP5K;FLOT1;RXRA;CD151;SYNGR3;CDH3;CLIP3;BAK1;CHCHD10
prerank,Nucleobase-Containing Compound Catabolic Process (GO:0034655),0.45709963481742644,1.3193157990582232,1.072423e-01,2.835562e-01,1.000000e+00,5/44,5.18%,RNASE3;RNASE2;DNASE1L3;RNASE6;RNASET2
prerank,Filopodium Assembly (GO:0046847),0.5492099167029377,1.3175161935377657,1.445255e-01,2.861915e-01,1.000000e+00,10/17,19.64%,SPAG6;FGD3;DNM3;S1PR2;SPEF1;PPP1R9B;FGD4;SPATA13;SRGAP3;FMNL3
prerank,Coenzyme A Metabolic Process (GO:0015936),-0.4966448164505665,-1.316145867121829,1.243655e-01,4.421235e-01,1.000000e+00,9/15,39.29%,PANK1;NUDT8;SLC25A16;DCAKD;CROT;PANK3;COASY;NUDT19;ACLY
prerank,Nucleotide-Excision Repair (GO:0006289),-0.359030643420323,-1.3147856680818861,5.607477e-02,4.432558e-01,1.000000e+00,19/55,33.73%,USP44;NTHL1;POLE;FANCC;MRPL36;RPA3;USP45;POLA1;POLB;GTF2H3;BRCA2;FSCN1;POLD1;ERCC8;XPA;LIG4;TENT4A;RAD23B;GTF2H4
prerank,Positive Regulation Of Leukocyte Proliferation (GO:0070665),0.5410823844707997,1.3140165635533292,1.613419e-01,2.917622e-01,1.000000e+00,8/15,13.98%,CSF2RB;CSF2RA;CSF1R;CSF1;IL5RA;LYN;IL12B;MAPK1
prerank,Negative Regulation Of Response To Stimulus (GO:0048585),0.4446930794909238,1.313899754333988,1.103811e-01,2.915478e-01,1.000000e+00,14/50,14.08%,MPIG6B;FCGR2B;NLRP12;ALOX5;PDCD1;INPP5D;CLU;HLA-G;MCTP1;LYN;FOXP3;NR1H3;THY1;SH2B3
prerank,Response To Transforming Growth Factor Beta (GO:0071559),0.4728374415715563,1.3138511679757494,1.094183e-01,2.912354e-01,1.000000e+00,19/36,24.33%,ANKRD1;WNT2;TGFB1;RUNX3;ZFP36L2;PDE2A;LIMS1;MXRA5;SOX6;CLEC3B;ZFP36L1;CRKL;MEF2C;TGFBR1;SMAD7;MAPK7;FNDC4;WNT5A;NR3C1
prerank,Negative Regulation Of miRNA Transcription (GO:1902894),0.5208960032815617,1.3137725189679588,1.222910e-01,2.909882e-01,1.000000e+00,13/20,32.93%,TGFB1;LILRB4;ESR1;PPARG;RARA;POU5F1;PPARD;NFIB;NCOR1;NFATC3;SRF;RELA;HIF1A
prerank,Purine Ribonucleoside Triphosphate Metabolic Process (GO:0009205),0.4785977660809575,1.3122518016314861,1.283124e-01,2.932232e-01,1.000000e+00,11/32,17.06%,MYH7;MYH8;GIMAP7;MYH4;GTPBP1;HSPA1B;HSPA1A;ATP1A2;LRRK2;ENPP1;MYH6
prerank,Muscle Cell Development (GO:0055001),0.48793327797175823,1.3122017643228694,1.330409e-01,2.929069e-01,1.000000e+00,13/29,19.54%,ACTN2;ACTN3;TCAP;TTN;NKX2-5;ENG;ASB2;EFEMP2;DMD;MYH6;SLC8A1;BIN1;ALPK2
prerank,Nuclear-Transcribed mRNA poly(A) Tail Shortening (GO:0000289),0.5244161206911004,1.3116694478403157,1.558245e-01,2.934018e-01,1.000000e+00,7/19,18.28%,ZFP36;CNOT6L;PNLDC1;NLRP6;SAMD4B;SAMD4A;TUT7
prerank,Positive Regulation Of Protein Secretion (GO:0050714),0.4156956260871228,1.311451236641149,9.147870e-02,2.933599e-01,1.000000e+00,28/72,23.74%,ANKRD1;ADAM8;CD33;FFAR1;TTN;TLR2;TLR4;BMP6;TGFB1;TREM2;MYOM1;ACSL4;APBB1;PPARG;HCAR2;BLK;IRS2;APBB3;ABCG1;DOC2B;ANG;SYTL4;ADAM9;ISL1;ACHE;WLS;FRMD4A;MYH10
prerank,Synaptic Vesicle Cycle (GO:0099504),-0.410060460031446,-1.3107358154928144,1.162791e-01,4.502898e-01,1.000000e+00,9/32,9.21%,WNT7A;SYT7;CPLX2;CPLX1;SLC17A8;STX1A;PCLO;NLGN1;SNAP25
prerank,Positive Regulation Of Cell Population Proliferation (GO:0008284),0.35507195215475496,1.3103718950537258,1.224490e-02,2.947613e-01,1.000000e+00,105/434,15.85%,ELANE;PRTN3;CXCL5;CCL5;OSM;FOLR2;CXCR2;CR1;CRLF2;ITGAX;SERPINB3;FGF5;C5AR1;HMOX1;PTPRC;CSF2RB;FGF9;THBS1;CSF2RA;TIMP1;NOD2;CCL14;CSF1R;LIF;HCK;IFNG;LTF;SIRPG;HPSE;WNT2;MATK;CD86;NTF3;BMP6;SLAMF1;IL1B;CD74;CLEC7A;TNF;TGFB1;BST1;AIF1;NKX2-5;GREM1;NR4A3;RBPMS2;PRAME;RHOG;FLT3;GNAI2;GRN;SDCBP;IL7R;PTPN6;LGMN;PIM1;BMP2;S1PR2;FN1;PTK2B;IL6R;TCIRG1;TNFSF13;EPOR;VEGFC;CNOT6L;FGFR1;HBEGF;CSF1;IL6;IL5RA;EREG;LYN;CLEC11A;CDH13;NTRK3;SERTAD1;STX4;TSLP;ID2;PDGFD;CD81;TMEM119;CCND2;FLT3LG;RBPJ;ACTB;GAB2;TGFBR2;MAP3K3;FGF1;F2R;RARA;IRS2;AKT2;CTSH;TNFSF4;FGF2;NAMPT;XBP1;DDR2;CRKL;CDKN1A;GLI1;HCLS1
prerank,Positive Regulation Of Macrophage Derived Foam Cell Differentiation (GO:0010744),0.5410317811405867,1.3101564935149108,1.523077e-01,2.947570e-01,1.000000e+00,5/17,11.98%,PF4;MSR1;LCP1;CSF1;CD36
prerank,Protein N-linked Glycosylation Via Asparagine (GO:0018279),0.5164614331373029,1.3089347714286017,1.391036e-01,2.965227e-01,1.000000e+00,5/23,15.47%,B4GALNT2;OST4;DERL3;MGAT1;ST6GAL1
prerank,Negative Regulation Of G1/S Transition Of Mitotic Cell Cycle (GO:2000134),0.48017415566278326,1.3086622440826294,1.352518e-01,2.965674e-01,1.000000e+00,13/31,22.85%,GFI1B;CCL2;PLK3;FHL1;FAM107A;GPNMB;CDKN1A;INHBA;DCUN1D3;SLFN11;PTEN;PKD2;CRLF3
prerank,Negative Regulation Of Growth (GO:0045926),0.39191092394240284,1.3084793648631323,6.162791e-02,2.964606e-01,1.000000e+00,39/118,22.85%,MYL2;SCGB3A1;MT1H;MT1A;CDA;TGFB1;CDKN2D;PTPRJ;SIPA1;ACVRL1;FHL1;WFDC1;MT2A;HSPA1B;SERTAD3;SOX17;HSPA1A;FBP1;MT1M;SLIT1;FRZB;TSPYL2;SESN2;BTG1;MT1G;CDKN1A;ENPP1;INHBA;DCUN1D3;PPP1R9B;BCL6;PPT1;FLCN;DDX3X;DCSTAMP;OSGIN1;SLIT2;CDKN1B;CRLF3
prerank,Negative Regulation Of Response To Biotic Stimulus (GO:0002832),0.4521523125932291,1.307881287361373,1.234222e-01,2.971332e-01,1.000000e+00,9/40,17.48%,LTF;CARD16;IRAK3;LILRA2;NLRC3;CARD8;TRIM21;TNFAIP3;ZDHHC18
prerank,Modulation Of Chemical Synaptic Transmission (GO:0050804),-0.3136403645067517,-1.3046859377696403,4.216867e-02,4.620362e-01,1.000000e+00,20/115,8.80%,RIMS2;GRIK3;GRIA4;NMU;CHRNB4;UNC13A;GRM4;CNTNAP4;SYT1;CPLX2;NPTX1;CPLX1;GRIK4;CHRNB2;GRM2;CAMK2A;NLGN1;SLC12A2;CACNA1B;LGI1
prerank,Glycerophospholipid Catabolic Process (GO:0046475),-0.42804053335027237,-1.304503556310548,1.245902e-01,4.601953e-01,1.000000e+00,3/25,0.68%,PLA2G4E;PLA2G4F;PLA2G4D
prerank,Regulation Of Cholesterol Transport (GO:0032374),0.5170957104691885,1.304338428376064,1.434978e-01,3.029557e-01,1.000000e+00,14/21,27.37%,APOA4;APOA2;APOC2;APOC1;CETP;LRP1;NR1H3;ABCA2;LAMTOR1;NR1H2;ABCA8;TTC39B;NFKB1;TSPO
prerank,Negative Regulation Of Cellular Catabolic Process (GO:0031330),0.42709891297043656,1.3040926547142142,1.109661e-01,3.029628e-01,1.000000e+00,25/64,26.45%,HP;TIMP3;TIMP1;IL10RA;PTPN22;LEP;APOC1;TREM2;IL10;LEPR;NUPR1;TIMP2;MCL1;BMF;TBC1D14;TIMP4;RASIP1;SIRT2;TAB2;DAP;RRAGA;EIF4E;RUBCN;PLIN5;HGF
prerank,Negative Regulation Of Monoatomic Ion Transport (GO:0043271),0.5508660805027715,1.3040648846039686,1.421875e-01,3.025812e-01,1.000000e+00,8/16,17.08%,LILRB2;CD33;CASQ2;LILRB1;PTK2B;STC1;PLN;INPP5K
prerank,Neuron Projection Organization (GO:0106027),0.5471805451925376,1.3032216445789138,1.507064e-01,3.037155e-01,1.000000e+00,4/15,13.92%,MAP1A;ABCD2;LGMN;PRNP
prerank,Mismatch Repair (GO:0006298),-0.424257550645989,-1.3031967549841377,1.159420e-01,4.611237e-01,1.000000e+00,11/25,28.39%,EXO1;MSH2;MSH6;RPA3;RNASEH2A;PMS1;PMS2;MCM8;TDG;PCNA;MLH3
prerank,Negative Regulation Of Fatty Acid Metabolic Process (GO:0045922),-0.4746243996145406,-1.303018185298325,1.392758e-01,4.591961e-01,1.000000e+00,6/17,15.28%,SIRT4;TRIB3;KLHL25;BRCA1;SOX9;CEACAM1
prerank,Dorsal/Ventral Pattern Formation (GO:0009953),-0.43244105818805595,-1.302994762137244,1.232493e-01,4.570647e-01,1.000000e+00,10/24,12.66%,TBX20;LHX1;TLL2;SHH;ANKS1B;BMPR1B;HOXD11;MDFI;SFRP1;HOXA11
prerank,Positive Regulation Of Axon Extension (GO:0045773),-0.4609300393481327,-1.302547136037491,1.416185e-01,4.559801e-01,1.000000e+00,2/18,2.31%,NELL1;MAPT
prerank,Regulation Of Cartilage Development (GO:0061035),-0.4848061920761126,-1.3024846010238862,1.456044e-01,4.539599e-01,1.000000e+00,6/17,11.35%,BMP4;WNT11;SCIN;SCX;BMPR1B;SOX9
prerank,Protein Alkylation (GO:0008213),-0.4515005322999669,-1.3019707739414903,1.178248e-01,4.529486e-01,1.000000e+00,13/20,39.04%,CSKMT;PRMT3;CAMKMT;VCPKMT;EEF2KMT;PRMT1;FAM98B;EEF1AKMT2;FAM98A;SNRPB;LCMT1;METTL21A;EEF1AKMT1
prerank,Positive Regulation Of Tyrosine Phosphorylation Of STAT Protein (GO:0042531),0.4438575327948948,1.30169096765881,1.213389e-01,3.061554e-01,1.000000e+00,20/44,21.00%,CCL5;OSM;CSF1R;LIF;IFNG;TNF;FLT3;IL6R;IL6;GH2;LYN;TSLP;IL12B;CD40;HCLS1;IL15;IL6ST;CSHL1;TNFRSF1A;JAK2
prerank,Sensory Perception (GO:0007600),0.4482416459949121,1.3001989769118982,1.194879e-01,3.082899e-01,1.000000e+00,21/40,23.79%,PROK2;C5AR1;CHRNA4;CCL2;P2RX7;MYO7A;UGT2A1;CCR2;TRPV2;OPRM1;SCN10A;TMEM150C;ADORA2A;OPRL1;KCNA2;CDH23;P2RX4;MME;USH1C;NIPSNAP1;GNAS
prerank,Negative Regulation Of Carbohydrate Metabolic Process (GO:0045912),0.4908253430405445,1.2988800395464417,1.445428e-01,3.102164e-01,1.000000e+00,6/27,15.00%,PLEK;TGFB1;CBFA2T3;NUPR1;FBP1;PGPEP1
prerank,Cellular Response To Xenobiotic Stimulus (GO:0071466),0.4925188219333397,1.298352719876135,1.622419e-01,3.107408e-01,1.000000e+00,10/25,18.74%,IL1B;PDE4B;CRHBP;VAV1;DPEP1;FBP1;PPM1F;MEF2C;GAS6;KCNQ1
prerank,Organonitrogen Compound Catabolic Process (GO:1901565),0.41410056271256385,1.2973930877698783,1.061728e-01,3.120704e-01,1.000000e+00,25/75,23.63%,ELANE;ANPEP;IL4I1;TPP1;DENND3;RENBP;PLA2G15;ENPP2;CPQ;LIPC;NPL;PLA2G7;BCKDK;SLC16A3;CLN8;PLA2G5;NAGK;PPT1;NAALADL1;CLN5;ETFB;ACHE;TRHDE;ERAP2;GNPDA1
prerank,Response To Cholesterol (GO:0070723),0.535881834960445,1.2972658882804031,1.471519e-01,3.118636e-01,1.000000e+00,7/17,18.08%,CCL3;CCR5;TGFB1;GRAMD1B;TGFBR2;GRAMD1A;TGFBR1
prerank,Cellular Response To Ionizing Radiation (GO:0071479),-0.36327661862673516,-1.2957544225783963,1.106557e-01,4.655713e-01,1.000000e+00,22/51,30.80%,RAD51AP1;DEPDC1B;FIGNL1;RAD51;ECT2;BRCA1;KDM1A;MAP3K20;SLC6A2;INTS7;BLM;BRCA2;CLOCK;TSPYL5;SPIDR;ATR;KDM4D;HSF1;HRAS;WRN;YAP1;LIG4
prerank,Cytoskeleton Organization (GO:0007010),0.3925520187477777,1.295033249973919,9.443099e-02,3.154779e-01,1.000000e+00,35/110,19.85%,CCL13;ANK1;CCL3;CCL7;CCL11;KRT13;DMTN;FGD3;CCL2;MAST3;CCL24;TIMD4;RHOG;EPB41L3;SH3BGRL3;APOE;DES;SIPA1;MICAL1;SH3KBP1;RHOU;MAST4;THY1;ARHGAP4;SYNE3;PLD2;PACSIN1;TNFAIP3;FGD4;TPM1;BIN1;FMNL3;CNN2;SIPA1L3;DPYSL2
prerank,Protein Targeting To Lysosome (GO:0006622),0.4871784352976243,1.294181161978562,1.483680e-01,3.166573e-01,1.000000e+00,18/26,35.53%,LAPTM5;CLU;NCOA4;LAMP2;GNPTG;PXK;NAGPA;GNPTAB;RAB7A;SORL1;SCARB2;PIK3C3;GGA3;GCC2;ATG14;BECN1;M6PR;WASH3P
prerank,Anterograde Axonal Transport (GO:0008089),-0.3801927209853312,-1.2939839956819912,9.352518e-02,4.678105e-01,1.000000e+00,5/39,5.60%,AP3B2;NEFL;DLG2;KIF1A;KIF4A
prerank,Positive Regulation Of Supramolecular Fiber Organization (GO:1902905),0.39849248326371955,1.2939060370640132,9.305211e-02,3.167182e-01,1.000000e+00,36/90,23.37%,LMOD2;PLEK;CCL11;HCK;CCL26;VIL1;FES;CCL24;NCKAP1L;CLU;ALOX15;CCR7;APOE;VASP;PTK2B;CCL21;GPX1;EVL;EFEMP2;SYNPO;PYCARD;SNX9;CRACD;CX3CL1;FCHSD2;SYNPO2L;BIN1;TENM1;FCHSD1;SYNPO2;LMOD1;PDXP;PAK1;PFN1;TNXB;COLGALT1
prerank,Positive Regulation Of Cellular Response To Transforming Growth Factor Beta Stimulus (GO:1903846),0.4972065780717192,1.2938741730480197,1.513353e-01,3.158846e-01,1.000000e+00,10/23,24.84%,THBS1;DAB2;ZEB2;SDCBP;LRG1;HIPK2;FLCN;CDKN1C;TNXB;CITED2
prerank,Positive Regulation Of Transforming Growth Factor Beta Receptor Signaling Pathway (GO:0030511),0.4972065780717192,1.2938741730480197,1.513353e-01,3.158846e-01,1.000000e+00,10/23,24.84%,THBS1;DAB2;ZEB2;SDCBP;LRG1;HIPK2;FLCN;CDKN1C;TNXB;CITED2
prerank,Response To Ionizing Radiation (GO:0010212),-0.3381640924735536,-1.293339765809473,7.352941e-02,4.671280e-01,1.000000e+00,25/71,26.37%,TICRR;RAD51AP1;DEPDC1B;FIGNL1;MSH2;RAD51;ECT2;BRCA1;SLC6A2;INTS7;NABP2;BRSK1;BLM;BRCA2;PAXIP1;CLOCK;ANXA1;SPIDR;MYC;USP28;FANCD2;KDM4D;MTA1;RNF8;MEN1
prerank,Regulation Of Myelination (GO:0031641),0.4856330915039499,1.2925074934954255,1.726727e-01,3.179641e-01,1.000000e+00,6/24,12.59%,ITGAX;TNFRSF1B;EGR2;TYMP;NKX6-2;JAM2
prerank,Positive Regulation Of Type I Interferon Production (GO:0032481),0.4174554209184095,1.2922862687705683,1.027308e-01,3.179187e-01,1.000000e+00,12/63,12.84%,CD14;TLR8;TLR2;PTPN22;TRAF3IP3;TLR4;TLR7;IRF1;TLR9;MYD88;IRF5;IRF7
prerank,Mononuclear Cell Differentiation (GO:1903131),0.4921622757635167,1.2917994492934959,1.492537e-01,3.183724e-01,1.000000e+00,15/23,18.15%,CSF1R;IKZF1;IRF8;TREM2;FLT3;CLU;LILRB1;RELB;LYN;PPARG;MT1G;GAS6;PDE1B;BATF3;MYH9
prerank,Positive Regulation Of Cell Differentiation (GO:0045597),0.3570568334472723,1.2910801081472643,2.863203e-02,3.192458e-01,1.000000e+00,87/264,22.69%,PF4;SERPINB3;ADAM8;RIPOR2;DNAI3;CCN2;SP7;LTF;MSR1;LCP1;CEBPB;CMKLR1;BMP6;DAB2;IL1B;TGFB1;DLX2;FES;NKX2-5;ZFP36;MMD;RBM24;MYF6;GDF6;GLIPR2;SDCBP;SNAI1;COL1A1;BMP2;ADRA2B;RGCC;IL6R;DPF1;FGFR1;CSF1;IL6;SLC6A6;ACVRL1;MEDAG;CD36;ID2;RPS6KA1;LOXL2;IFITM1;SOX6;PPARG;TMEM119;LRG1;ACTB;TGFBR2;FRZB;ZNF385A;CAMK1;ZFP36L1;PDPN;CREBL2;XBP1;DDR2;BTG1;MEF2C;RAP1A;ZEB1;RHOA;RARRES2;PLA2G5;SULT1E1;HOXB4;TGFBR1;DPF3;CD34;IL6ST;AGTR1;GDPD5;ZNF703;TENT5A;KCTD11;PPARD;AKR1B1;GDNF;SMARCB1;ARHGEF2;ISL1;SYAP1;NBL1;PRKCH;TMEM100;TNXB
prerank,Receptor Clustering (GO:0043113),0.5274234400857568,1.2908484010633294,1.577287e-01,3.192066e-01,1.000000e+00,6/18,13.57%,ITGB2;ITGAL;ITGB7;ITGA4;FLNA;THY1
prerank,Maturation Of 5.8S rRNA (GO:0000460),-0.4807013930004289,-1.2905913516957306,1.661972e-01,4.717586e-01,1.000000e+00,9/16,32.66%,PRKDC;RRP15;WDR12;NSA2;URB1;EIF6;EXOSC4;MAK16;MTREX
prerank,RNA Catabolic Process (GO:0006401),0.43002220406029684,1.2903061912670577,1.068602e-01,3.197709e-01,1.000000e+00,12/56,16.12%,RNASE3;RNASE2;SLFN14;RNASE6;RNASET2;ZFP36;ZFP36L2;ISG20;HSPA1B;HSPA1A;ERN1;RNH1
prerank,Negative Regulation Of Intrinsic Apoptotic Signaling Pathway In Response To DNA Damage (GO:1902230),0.4970311001417447,1.289832787791376,1.424332e-01,3.201659e-01,1.000000e+00,6/25,14.15%,CXCL12;CD74;CDKN2D;CLU;SNAI1;ZNF385A
prerank,Negative Regulation Of Cell Death (GO:0060548),0.4220923215375917,1.289662519530667,1.118336e-01,3.200393e-01,1.000000e+00,13/62,18.01%,SNCA;TNFRSF1B;CCN2;PACRG;CD200R1;PEPD;FYN;BNIP3L;CSF1;HSPA1B;GPNMB;CD200;IKBKG
prerank,Mitotic Chromosome Condensation (GO:0007076),-0.4895193083789706,-1.2883591651654833,1.559140e-01,4.749511e-01,1.000000e+00,9/15,21.35%,PLK1;SMC4;CDCA5;NCAPH;NCAPD2;NCAPD3;NUSAP1;SMC2;NCAPG
prerank,Cellular Response To Reactive Oxygen Species (GO:0034614),0.4120963707379283,1.2881242487961855,1.043257e-01,3.223608e-01,1.000000e+00,23/70,21.73%,NCF1;MMP9;FOS;CLU;FYN;SIRPA;RIPK3;PRKCD;IL6;MPV17L;CYP1B1;MAPK1;PPIF;TNFAIP3;JUN;TPM1;PDK2;PXN;MAPK7;MAPK3;UCP1;PKD2;PDGFRA
prerank,Signal Release From Synapse (GO:0099643),-0.39029558161149563,-1.2876990541326496,9.352518e-02,4.744165e-01,1.000000e+00,13/34,14.13%,UNC13A;GRM4;SYT1;CPLX2;CPLX1;STX1A;PCLO;SNAP25;NRXN1;PTPRN2;SYN2;PPFIA3;DVL1
prerank,Purine Ribonucleotide Metabolic Process (GO:0009150),0.4099388841935973,1.2874871044932665,9.885932e-02,3.231302e-01,1.000000e+00,23/76,19.35%,MYH7;MYH8;ACSL6;SULT1B1;AMPD1;GIMAP7;MYH4;ACSM5;GTPBP1;AMPD3;HSPA1B;TPST2;HSPA1A;ATP1A2;LRRK2;AMPD2;ENPP1;PTHLH;MYH6;SULT1E1;SULT1A1;ACOT9;LOC344967
prerank,Positive Regulation Of Stem Cell Differentiation (GO:2000738),0.5384183607351023,1.2867029177695546,1.620370e-01,3.241450e-01,1.000000e+00,6/16,17.82%,SP7;NKX2-5;RBM24;SOX6;LTBP2;HOXB4
prerank,Response To Estrogen (GO:0043627),0.46682424568533787,1.286691031419404,1.494920e-01,3.237249e-01,1.000000e+00,8/30,14.06%,GSTM3;SERPINB9;ARID5A;CRHBP;ESR1;WBP2;NCOA4;RARA
prerank,"Nuclear-Transcribed mRNA Catabolic Process, Exonucleolytic (GO:0000291)",-0.4727108066622273,-1.2866840634208052,1.685083e-01,4.748444e-01,1.000000e+00,13/17,37.26%,EXOSC8;CNOT7;EXOSC2;NT5C3B;EXOSC4;EXOSC7;DCPS;EXOSC6;EXOSC9;DIS3L2;EXOSC5;DIS3;SKIC3
prerank,Regulation Of Calcium Ion-Dependent Exocytosis (GO:0017158),-0.4257882466947077,-1.286317079871214,1.197411e-01,4.736300e-01,1.000000e+00,6/23,12.33%,SYT7;SYT1;STX1A;SYT8;SYT2;SYT5
prerank,Regulation Of Embryonic Development (GO:0045995),-0.3503581081251709,-1.2861706741235581,8.974359e-02,4.718010e-01,1.000000e+00,18/59,27.63%,FOXA2;LHX1;MBIP;PLCB1;RACGAP1;CDK1;RPS6KA6;UCHL5;TLE6;KAT2A;WDPCP;RBM19;TDG;NFRKB;WDR5;DAG1;CRB2;UTP25
prerank,Cell Morphogenesis Involved In Neuron Differentiation (GO:0048667),-0.3274480142574542,-1.286088815180502,5.555556e-02,4.698662e-01,1.000000e+00,20/75,15.88%,CTNNA2;WNT7A;DCDC2;SLITRK2;SLITRK3;DCC;SLITRK5;ISL2;POU4F1;MAP2;NTNG1;CELSR2;NRCAM;TMEM106B;BRSK1;PARD6B;DVL1;ATL1;SLITRK6;MFSD2A
prerank,DNA Double-Strand Break Processing (GO:0000729),-0.48487247126924926,-1.2853909779595927,1.603499e-01,4.696159e-01,1.000000e+00,9/15,34.51%,RBBP8;DNA2;UBE2V2;RAD50;MRE11;RAD52;UBE2N;EXD2;SMARCAD1
prerank,Positive Regulation Of Receptor Signaling Pathway Via JAK-STAT (GO:0046427),0.4708227767913479,1.2850396111363367,1.553957e-01,3.263378e-01,1.000000e+00,16/30,22.85%,CCL5;IL10RA;TNF;LEP;IL7R;IL10;PTK2B;IL6;GH2;CYP1B1;F2R;CSHL1;TYK2;JAK2;IL10RB;CRLF3
prerank,Regulation Of DNA Binding (GO:0051101),0.4289795162846824,1.284593611001304,1.412587e-01,3.267370e-01,1.000000e+00,16/48,24.96%,MMP8;GZMA;PLAUR;PYHIN1;MMP9;TGFB1;NFKBIA;PPARG;HMGB2;JUN;JAK2;SIRT2;EGF;ZBTB7A;SP100;SKI
prerank,Wnt Signaling Pathway (GO:0016055),-0.3344104687891621,-1.2844213156350088,1.023256e-01,4.698939e-01,1.000000e+00,16/71,14.13%,WNT7A;WNT11;RAC3;WNT16;WNT3;WNT7B;FZD6;FZD9;LRP6;FZD8;LRP5;SFRP1;CELSR2;CD24;JUP;DVL1
prerank,Epithelial Structure Maintenance (GO:0010669),0.5346635676524915,1.2838929232759595,1.828299e-01,3.275484e-01,1.000000e+00,7/16,13.64%,MUC6;NOD2;MUC13;MUC2;SERPINA3;TLR9;TFF3
prerank,Signal Transduction By P53 Class Mediator (GO:0072331),-0.3892077422339023,-1.283580980880201,1.228669e-01,4.698271e-01,1.000000e+00,10/32,18.32%,ZNF385B;PMAIP1;E2F7;BOK;MAGEA2;POU4F1;MYO6;CASP6;PAXIP1;HINT1
prerank,Regulation Of Mitotic Spindle Organization (GO:0060236),-0.38350680657346525,-1.2835469536085442,1.107143e-01,4.677954e-01,1.000000e+00,12/38,23.29%,CHMP4C;TPX2;GNAI1;PLK1;GPSM2;BORA;MAP9;CHMP3;STIL;SASS6;CEP97;PSRC1
prerank,Exocytosis (GO:0006887),0.39886498215622834,1.2833517537469403,1.034483e-01,3.281765e-01,1.000000e+00,30/83,23.13%,CCL5;ANK1;CCL8;CCL3;CCR1;STX11;SYTL3;RPH3A;CRHBP;RAB3IL1;WIPF3;STX4;RAB31;SYNGR1;STX2;DOC2B;MYH9;VAMP7;SNAP23;DNAJC5;VAMP2;VAMP3;SYTL4;SNAP29;TNFAIP2;RAB27A;CDK16;RIMS1;SYNGR3;PRSS12
prerank,mRNA Polyadenylation (GO:0006378),-0.42522477777328105,-1.2827022711232174,1.580547e-01,4.676387e-01,1.000000e+00,14/24,40.71%,PNPT1;PAPOLB;PABPC1;CPSF3;CPSF1;CSTF3;PEX2;TUT1;WDR33;SSU72;LEO1;CPSF2;PAPOLA;MTPAP
prerank,Respiratory Chain Complex IV Assembly (GO:0008535),-0.4241514804740477,-1.2818814813621922,1.551155e-01,4.673889e-01,1.000000e+00,11/26,26.02%,COX19;COA6;COX20;UQCC6;COX17;COA8;COA3;COA1;TIMM21;COA5;COX16
prerank,Negative Regulation Of Neuron Death (GO:1901215),0.39166235124602383,1.2817336561191683,1.015719e-01,3.307563e-01,1.000000e+00,32/85,24.15%,SNCA;TNFRSF1B;NTF3;CCL2;CD200R1;CLU;AGAP2;GRN;APOE;LGMN;PTK2B;CSF1;NTRK1;SOD2;F2R;GPNMB;CPEB4;FBXO7;MEF2C;CD200;IKBKG;NDNF;IL6ST;PPT1;NAIP;NTRK2;GDNF;PRKCG;ISL1;PPARGC1A;GBA1;FOXB1
prerank,Negative Regulation Of Intracellular Protein Transport (GO:0090317),0.4954701372032351,1.2814316369096443,1.692525e-01,3.308648e-01,1.000000e+00,9/22,24.61%,DMTN;APOD;INSIG1;KCNE1;LRRK2;INPP5K;GDI1;SP100;SUFU
prerank,Cellular Respiration (GO:0045333),-0.3254699446091024,-1.28096509750699,9.595960e-02,4.674530e-01,1.000000e+00,44/82,40.49%,NDUFB9;MTFR1;NDUFS6;SLC25A13;ETFRF1;COX6C;ME3;CYC1;SDHAF4;CYCS;NDUFA9;MTFR2;COX5A;NDUFAB1;MDH2;NDUFB2;NDUFB5;NDUFB3;NDUFA10;UQCRB;COX7C;COX7A2;SDHC;NDUFC2;COX6A1;NDUFV3;NDUFA12;NDUFB1;COX4I2;SDHA;UQCRH;NDUFC1;COX5B;NDUFA2;COX7B;UQCRQ;NDUFA5;NDUFB10;NDUFV1;LYRM7;UQCRFS1;CHCHD5;NDUFS3;NDUFS4
prerank,Heparan Sulfate Proteoglycan Biosynthetic Process (GO:0015012),0.4989990677112575,1.2809077784556937,1.649635e-01,3.313467e-01,1.000000e+00,6/22,14.86%,HS3ST2;HS3ST3A1;HS3ST3B1;UGDH;NDST2;XYLT1
prerank,Actin Nucleation (GO:0045010),0.5068120194095042,1.2804172761293289,1.487730e-01,3.318350e-01,1.000000e+00,9/21,23.19%,LMOD2;LMOD3;IQGAP2;WIPF3;ARPC5;ARPC4;LMOD1;ARPC2;ARPC3
prerank,Negative Regulation Of Cytokine Production Involved In Inflammatory Response (GO:1900016),0.5134112008561315,1.279746633246358,1.619190e-01,3.326766e-01,1.000000e+00,9/20,15.81%,MEFV;LILRB4;TREM2;ABCD2;APOD;NLRC3;SIRPA;ADCY7;PYCARD
prerank,Membrane Fusion (GO:0061025),0.4870024173716524,1.279449665003927,1.649635e-01,3.327601e-01,1.000000e+00,11/26,23.60%,STX11;OTOF;GCA;NAPA;SNAP23;VAMP2;VAMP3;SNAP29;DCSTAMP;RIMS1;UBXN2B
prerank,Intracellular Protein Transmembrane Transport (GO:0065002),-0.36255936447312387,-1.2793665953610476,1.174377e-01,4.690877e-01,1.000000e+00,26/46,35.59%,PEX1;TOMM20L;SEC61G;PEX13;DNAJC19;HSPD1;HYOU1;TOMM70;GRPEL2;PAM16;TOMM40;TIMM21;TOMM20;PEX7;ROMO1;TRIM37;PEX5;PEX2;C2CD5;SEC61A2;TIMM44;PEX6;PEX10;PEX26;TIMM17A;TIMM23
prerank,Positive Regulation Of Lymphocyte Chemotaxis (GO:0140131),0.5277793740938891,1.279294127045924,1.763780e-01,3.326141e-01,1.000000e+00,8/17,11.52%,CCL5;CCL3;CCL4;CXCL13;CCL7;CCR2;PTK2B;CCL21
prerank,Protein Autoprocessing (GO:0016540),-0.4654616628311157,-1.2789038968139619,1.481481e-01,4.681435e-01,1.000000e+00,8/18,13.38%,TMPRSS2;MYRF;PCSK9;ASRGL1;KLK6;MYRFL;CASP6;F12
prerank,Positive Regulation Of Epidermal Cell Differentiation (GO:0045606),-0.4566191995098928,-1.278435288430462,1.771429e-01,4.672221e-01,1.000000e+00,5/17,12.74%,ETV4;SFN;SULT2B1;KDF1;MACROH2A2
prerank,Chaperone Cofactor-Dependent Protein Refolding (GO:0051085),0.48331779462615027,1.2784260032195802,1.412873e-01,3.339005e-01,1.000000e+00,10/26,24.60%,HSPA7;HSPA6;HSPA1B;HSPA1A;DNAJB13;SDF2L1;DNAJB5;GAK;HSPA1L;HSPA13
prerank,Cell Chemotaxis (GO:0060326),0.4457467913430726,1.2782505777704287,1.378830e-01,3.337596e-01,1.000000e+00,15/42,15.32%,AZU1;ARRB2;BIN2;CXCL12;EGR3;DEFB4A;RHOG;PRKCD;HBEGF;NR4A1;CCL21;DOCK4;EPHB1;HMGB2;CCR6
prerank,Cortical Cytoskeleton Organization (GO:0030865),0.486617279638417,1.2777617352473176,1.666667e-01,3.342140e-01,1.000000e+00,7/27,8.65%,PLEK;FMNL1;LCP1;TNF;NCKAP1L;RHOG;EPB41L3
prerank,Response To Interferon-Beta (GO:0035456),0.48175041775089666,1.2772210310675634,1.664296e-01,3.347691e-01,1.000000e+00,14/26,28.73%,PYHIN1;IFITM2;MNDA;IRF1;IFITM3;IFITM1;IFNAR2;IKBKE;AIM2;IFNAR1;STAT1;SHFL;PLSCR1;XAF1
prerank,Small GTPase Mediated Signal Transduction (GO:0007264),0.38131345730499566,1.2767318359355575,9.316038e-02,3.351992e-01,1.000000e+00,33/109,18.77%,GRAP2;RASGRP4;DOK2;DOK3;RASGRP2;ARHGAP30;NTN1;RAPGEF1;ARHGAP18;RGS19;GRB2;RASGEF1B;DOK5;RGL1;RASGRP1;MRAS;FGF2;PLD2;TIAM2;RASGRP3;CRKL;CDKN1A;RASL10A;GRAP;RRAD;RALGDS;DIRAS3;NUCB2;RASSF1;TNK2;NUCB1;RGL4;G3BP2
prerank,Modulation By Host Of Viral Process (GO:0044788),-0.4312560148574086,-1.276160399525014,1.459627e-01,4.708199e-01,1.000000e+00,5/22,10.89%,PIK3C2G;CAV2;FASN;KRT17;ZDHHC9
prerank,Non-Canonical Wnt Signaling Pathway (GO:0035567),-0.3821294516401662,-1.275452699146705,1.086142e-01,4.703982e-01,1.000000e+00,14/39,21.49%,WNT7A;WNT11;CELSR3;FZD6;FZD9;PRICKLE1;FZD8;SFRP1;CELSR2;DVL1;SMURF1;FZD3;CELSR1;VANGL2
prerank,Intrinsic Apoptotic Signaling Pathway In Response To Endoplasmic Reticulum Stress (GO:0070059),0.4746457504492275,1.2752962674894477,1.556886e-01,3.374284e-01,1.000000e+00,14/27,26.58%,CEBPB;ATP2A1;ATP2A3;PPP1R15A;ERN2;ERN1;CASP4;ITPR1;BBC3;SELENOK;MAP3K5;QRICH1;BAK1;TNFRSF10B
prerank,Lipid Catabolic Process (GO:0016042),0.5258025051934221,1.2748502214274031,1.758410e-01,3.377687e-01,1.000000e+00,10/17,22.49%,APOA4;AOAH;LCP1;PLA1A;HSD17B14;LIPC;HSD11B1;PPT1;SIRT2;CES1P1
prerank,Positive Regulation Of Calcium Ion Transmembrane Transporter Activity (GO:1901021),0.4751406802655533,1.2747090831517747,1.557864e-01,3.375922e-01,1.000000e+00,8/26,18.04%,STAC2;CASQ1;TRDN;GSTM2;ATP2A1;STAC;CALM3;GSTO1
prerank,Regulation Of Muscle Contraction (GO:0006937),0.4733313005276271,1.2743048415439704,1.422156e-01,3.378985e-01,1.000000e+00,10/28,13.67%,MYL2;TNNI1;CACNA1S;MYL3;MYL9;MYLK2;MYBPC3;TNNC1;CNN1;ATP1A2
prerank,Establishment Of Vesicle Localization (GO:0051650),0.513526688111995,1.2742821842543302,1.748031e-01,3.374934e-01,1.000000e+00,9/18,28.57%,LIMK2;SYT11;IKBKG;TESK1;RAB27A;SYNJ1;DNM2;KIF5A;RAB11A
prerank,N-glycan Processing (GO:0006491),0.5157131214101537,1.2741564754460952,1.654021e-01,3.372989e-01,1.000000e+00,8/18,21.99%,ST8SIA1;MAN1A1;MAN1C1;MGAT4A;ST8SIA5;ST8SIA4;MAN2A2;GNPTG
prerank,Positive Regulation Of Ubiquitin-Protein Transferase Activity (GO:0051443),-0.4126480641482256,-1.2736832613018454,1.543408e-01,4.724862e-01,1.000000e+00,6/26,9.24%,UBE2S;PLK1;UBE2C;TRIB3;CDC20;MAGEA2
prerank,Positive Regulation Of Fatty Acid Metabolic Process (GO:0045923),0.5339401926795381,1.2735970713092575,1.901743e-01,3.378769e-01,1.000000e+00,9/16,24.62%,APOA4;APOC2;NR4A3;KAT2B;NR1H3;MID1IP1;SIRT2;PPARGC1A;NR1H2
prerank,Detection Of Chemical Stimulus Involved In Sensory Perception (GO:0050907),0.5084582724820047,1.2735367660612436,1.589205e-01,3.375452e-01,1.000000e+00,5/21,10.39%,OR2W3;OR2B11;SLC24A4;OR2T2;PKD2L1
prerank,Regulation Of Ryanodine-Sensitive Calcium-Release Channel Activity (GO:0060314),0.48598672047707747,1.273318570702051,1.597015e-01,3.375061e-01,1.000000e+00,13/24,24.06%,TRDN;GSTM2;JSRP1;CASQ2;JPH3;HRC;DMD;CALM3;GSTO1;PKD2;CLIC2;PRKACA;SELENON
prerank,Regulation Of Vascular Endothelial Growth Factor Production (GO:0010574),0.5001386017017199,1.2729880100887865,1.859756e-01,3.376871e-01,1.000000e+00,9/24,12.84%,HPSE;IL1B;TGFB1;SULF2;PTGS2;CCR2;IL6;SULF1;CYP1B1
prerank,Artery Morphogenesis (GO:0048844),-0.3996499948863713,-1.2723367309702076,1.564626e-01,4.736110e-01,1.000000e+00,13/30,24.66%,NELL1;LRP2;BMP4;FOLR1;TFAP2B;ANGPTL3;JAG1;BMPR1A;HES1;STRA6;GJA5;HPGD;HOXA1
prerank,acetyl-CoA Metabolic Process (GO:0006084),-0.4676836608843021,-1.2720360486609577,1.928021e-01,4.723324e-01,1.000000e+00,9/16,35.75%,TDO2;HMGCS2;NUDT8;MVK;HMGCS1;ACAT1;ACSS2;PMVK;ACACB
prerank,Negative Regulation Of Innate Immune Response (GO:0045824),0.4237214227932162,1.2715817599111663,1.413190e-01,3.398384e-01,1.000000e+00,12/50,17.48%,CR1;VSIG4;SLAMF8;IRAK3;NLRC3;GRN;SERPING1;SAMHD1;NLRC5;TRIM21;TNFAIP3;ZDHHC18
prerank,NLS-bearing Protein Import Into Nucleus (GO:0006607),-0.46372950499686794,-1.2710324472822165,1.902017e-01,4.727346e-01,1.000000e+00,5/17,22.24%,RGPD1;KPNA7;NUP35;IPO5;KPNA2
prerank,Female Gamete Generation (GO:0007292),-0.42744302576951476,-1.2705515116795847,1.593750e-01,4.718211e-01,1.000000e+00,6/23,19.58%,HORMAD1;TRIP13;HROB;STRA8;IHO1;MCM8
prerank,Positive Regulation Of Cholesterol Efflux (GO:0010875),0.49920407226580726,1.2705188843995407,1.810089e-01,3.413126e-01,1.000000e+00,12/21,25.18%,PLTP;TREM2;NFKBIA;APOE;LRP1;PPARG;NR1H3;ABCA7;RXRA;NR1H2;ABCA8;GPS2
prerank,RNA Phosphodiester Bond Hydrolysis (GO:0090501),0.4675839812504972,1.2703099607614423,1.676385e-01,3.412213e-01,1.000000e+00,5/28,9.30%,RNASE2;SLFN14;RNASE6;RNASE1;ZC3H12D
prerank,Positive Regulation Of Extracellular Matrix Organization (GO:1903055),0.5135581696569079,1.2692215892912126,1.684054e-01,3.428622e-01,1.000000e+00,12/18,25.64%,TGFB1;RGCC;IL6;CARMIL2;PDPN;DDR2;EFEMP2;RUNX1;TNXB;COLGALT1;EMILIN1;RB1
prerank,RNA Polyadenylation (GO:0043631),-0.41511979692062345,-1.2691608644628731,1.580547e-01,4.731514e-01,1.000000e+00,14/25,40.71%,PNPT1;PAPOLB;PABPC1;CPSF3;CPSF1;CSTF3;PEX2;TUT1;WDR33;SSU72;LEO1;CPSF2;PAPOLA;MTPAP
prerank,Positive Regulation Of Cell Communication (GO:0010647),-0.4075262028459287,-1.269082970694203,1.588785e-01,4.713137e-01,1.000000e+00,4/27,3.14%,RIMS2;NMU;NMB;SYT1
prerank,Organic Substance Transport (GO:0071702),0.3627552802800573,1.2688178362102764,7.399103e-02,3.431423e-01,1.000000e+00,63/178,21.36%,CCL5;AQP10;APOA4;SLC22A16;CCL8;CCL3;AQP9;ABCA4;PLTP;CD3G;CCR5;SLCO2B1;CCR1;CACNA1S;CHRNA4;MFSD2B;TCN2;RYR1;ABCG2;ARRDC5;CETP;SLC47A1;CLU;FYN;ATP2A1;TXNIP;ATP2A3;SLC29A3;GM2A;SLC22A4;RUFY1;NMUR1;ARL6IP5;SLC18A2;TOM1;SLC23A2;SNX18;PDPN;ARRDC4;ARRDC2;ABCA6;RAMP3;CMTM6;CACNG6;CLN8;PCTP;RILP;CDH23;MYH9;ITPR1;GRIN3A;PPT1;LRP1B;VAMP2;SELENOK;SLC6A4;TAP1;APOL2;KCNN4;ABCA2;PKD2;AQP3;MFSD12
prerank,Regulation Of Monoatomic Ion Transmembrane Transport (GO:0034765),0.482266284416806,1.2673954910318839,1.699545e-01,3.453074e-01,1.000000e+00,11/26,17.91%,KCNJ10;KCNJ16;P2RX7;KCNJ18;KCNJ5;KCNJ1;SCN10A;CALHM1;GRIN2A;KCNJ2;GRIN2D
prerank,Positive Regulation Of Protein Metabolic Process (GO:0051247),0.360418580950165,1.2670571993630617,5.470460e-02,3.454789e-01,1.000000e+00,57/191,24.75%,ASB5;CD28;KLF2;THBS1;GPC3;C4BPB;SLC25A37;CD86;IL1B;TNF;TNFSF13B;TGFB1;LILRA2;TNFSF12;CLU;NFKBIA;VIM;APOE;CSF1;IL6;TLR9;PAEP;NIBAN1;TFR2;IL12B;CD80;CYFIP2;RASGRP1;NR1H3;BCL3;LARP6;INHBA;TNFAIP3;OAZ1;MTPN;FOXO1;ATG7;RILP;SAMD4A;MSN;AGTR1;TBC1D10A;MAPK7;DDX3X;FGFR4;CASP8;ASB9;ISL1;CDKN1B;CIRBP;ABCB10;GBA1;LDB1;SLC6A9;WNT5A;NR1H2;RBX1
prerank,Apoptotic Process (GO:0006915),0.35777399110592195,1.2660566102687523,6.798246e-02,3.469777e-01,1.000000e+00,54/217,16.73%,NLRP3;PRF1;ITGB2;CD14;GZMH;GZMB;CXCR4;GZMA;FASLG;CD2;IFNG;GZMM;TLR2;EMP3;CSRNP1;IL2RA;PDCD1;IL1B;IER3;GDF6;ARHGEF6;TNFSF12;RELT;PLK3;NFKBIA;PMP22;NLRP1;ATP2A1;IRF1;ELMO1;PTK2B;PRKCD;DPF1;CASP5;IFIT2;MYD88;PAEP;LTA;DAPK1;STK4;DDIT4;CYFIP2;HK2;TGFBR2;PPP1R15A;ZNF385A;BMF;TNFSF14;ADORA2A;CASP4;MAP3K10;PYCARD;CASP10;PRUNE2
prerank,Organic Anion Transport (GO:0015711),0.39486895995306165,1.265973476601301,1.168512e-01,3.467097e-01,1.000000e+00,22/76,20.74%,SLC4A1;RHAG;SLC2A3;SLC2A14;SLCO2B1;CA4;ABCG2;SLC2A4;SLC25A19;SLC2A6;SLC23A2;LRRC8C;CALHM1;SLC44A4;SLC4A7;SLCO4C1;CYB5R4;SLC4A3;ABCC4;SLC4A8;CYB5R1;SLC17A9
prerank,U2-type Prespliceosome Assembly (GO:1903241),-0.43360721226452903,-1.2650087822301161,1.613924e-01,4.791796e-01,1.000000e+00,16/23,42.20%,SNRPG;SNRPD1;SNRPF;SNRPE;SF3B6;SF3B4;SNRPA1;HTATSF1;SF3B3;SNRPB;SNRPB2;RBMX2;DDX46;PHF5A;SF3A2;SNRPD2
prerank,Negative Regulation Of Epithelial Cell Migration (GO:0010633),0.46233555898426937,1.2649217013102054,1.688889e-01,3.482649e-01,1.000000e+00,13/29,24.42%,THBS1;ADAMTS9;PTPRR;APOE;DCN;EVL;STC1;ADIPOR1;CORO1C;PTEN;DUSP10;SLIT2;SP100
prerank,Cellular Response To Growth Factor Stimulus (GO:0071363),0.36897024364030545,1.2642592632141783,7.233065e-02,3.490187e-01,1.000000e+00,44/149,18.61%,IBSP;CCL5;ANKRD1;CXCL8;EGR3;VIL1;WNT2;BMP6;CCL2;TGFB1;ZFP36;RAPGEF1;LGMN;ZFP36L2;BMP2;PDE2A;LIMS1;MAP2K3;HAS1;ACVRL1;NR4A1;NTRK1;NTRK3;GAS1;EHD1;SOX6;FLT1;TGFBR2;STAT5B;CLEC3B;TWF2;ZFP36L1;ERN1;DUSP3;CRKL;MT1G;SLC4A7;MEF2C;RAP1A;INPP5K;HJV;TGFBR1;SMAD7;NDNF
prerank,Nuclear Transport (GO:0051169),-0.377331619134725,-1.2639604948088463,1.287129e-01,4.796940e-01,1.000000e+00,24/37,41.55%,NPM1;XPO1;NDC1;NUP37;NUP35;NUP107;NUP205;RANGAP1;NUP160;RSRC1;NUP42;NUP133;NUP93;NUP155;NUP188;NUP85;AHCTF1;SEH1L;NUP88;ANP32A;TPR;NUP43;NUP214;POM121
prerank,Regulation Of Fibrinolysis (GO:0051917),0.5325918544292021,1.2628363165416139,1.894061e-01,3.513374e-01,1.000000e+00,4/16,4.68%,THBS1;PLAUR;THBD;SERPINE1
prerank,Positive Regulation Of T Cell Migration (GO:2000406),0.47984044983516194,1.2627607464845385,1.833085e-01,3.510367e-01,1.000000e+00,13/25,18.50%,CCL5;CXCL13;CXCL12;SPN;DOCK8;AIF1;CXCL10;CCR2;CCL21;TNFRSF14;PYCARD;RHOA;OXSR1
prerank,Protein Secretion (GO:0009306),-0.3375930633874196,-1.2627367854282294,7.042254e-02,4.807468e-01,1.000000e+00,11/64,7.16%,RIMS2;FAM3B;GAL;CTAGE8;CTAGE4;CTAGE15;SLC30A8;CTAGE9;AP1S1;CTAGE6;ADCYAP1
prerank,Sterol Metabolic Process (GO:0016125),0.42332971536127195,1.262668772954539,1.457219e-01,3.507528e-01,1.000000e+00,25/51,24.22%,APOA4;APOA2;CH25H;CYP11B1;SH2D2A;FAXDC2;CYP21A2;CETP;APOE;CYP11A1;SOAT1;CYP1B1;CYP27A1;PRKAG2;ABCG1;CYP26B1;CLN8;GLB1;LDLRAP1;APOL2;PPARD;OSBPL5;GBA1;STARD3;APOB
prerank,Autophagosome Organization (GO:1905037),0.41507983443011187,1.2625606423496072,1.383399e-01,3.505078e-01,1.000000e+00,17/58,19.60%,MAP1LC3C;MAP1LC3B;MAP1LC3B2;ATG16L2;ATG2A;GABARAPL1;GABARAP;RUFY4;STING1;WIPI1;TP53INP1;ATG7;RAB43;GABARAPL2;TP53INP2;STX12;WDR45
prerank,Negative Regulation Of Intrinsic Apoptotic Signaling Pathway (GO:2001243),0.4185085943904842,1.2621902801623661,1.382429e-01,3.507433e-01,1.000000e+00,17/59,22.40%,PLAUR;CXCL12;MMP9;CDKN2D;CLU;NME5;SNAI1;HERPUD1;SOD2;HSPA1A;LRRK2;XBP1;PPIF;MAPK7;DDX3X;ARHGEF2;PTTG1IP
prerank,Cellular Response To Osmotic Stress (GO:0071470),0.4680823020674282,1.261553811368407,1.681287e-01,3.515212e-01,1.000000e+00,15/27,29.91%,NLRP3;RCSD1;CASP1;ZFP36L1;PYCARD;OXSR1;DDX3X;PKD2;ARHGEF2;MYLK;SERPINB6;CAB39;TRPV4;LRRC8D;AQP5
prerank,Acylglycerol Catabolic Process (GO:0046464),0.4933012328859581,1.2605364886294568,1.822358e-01,3.530064e-01,1.000000e+00,11/20,30.42%,APOA2;LCP1;LIPC;PNPLA2;CPS1;ABHD16A;ABHD12B;PNPLA1;ABHD6;FAAH;ABHD16B
prerank,Ventricular Cardiac Muscle Tissue Development (GO:0003229),0.4983881440466846,1.2603830503917268,1.705426e-01,3.528321e-01,1.000000e+00,14/23,22.90%,MYL2;MYH7;MYL3;TGFB1;NKX2-5;MYBPC3;TNNC1;ID2;MYH6;SMAD7;TPM1;ISL1;TGFBR3;FGFR2
prerank,Positive Regulation Of Transmembrane Transport (GO:0034764),0.5324010048686545,1.2598943483926446,1.867089e-01,3.533192e-01,1.000000e+00,3/15,6.85%,CA2;P2RX7;NR4A3
prerank,Energy Reserve Metabolic Process (GO:0006112),0.5133703770941151,1.259446232656125,1.959565e-01,3.537415e-01,1.000000e+00,6/17,14.41%,PYGM;LEP;ADRB3;LEPR;GFPT2;PRKAG2
prerank,Cellular Response To Alkaloid (GO:0071312),0.5248943376666104,1.2589573530648346,1.800643e-01,3.541834e-01,1.000000e+00,5/16,8.07%,CACNA1S;GSTM2;RYR1;CASQ2;CRHBP
prerank,Extracellular Matrix Assembly (GO:0085029),0.5187632920021497,1.2565121815873372,2.105263e-01,3.583393e-01,1.000000e+00,9/17,25.59%,TGFB1;FBLN5;MFAP4;HAS1;EFEMP2;GAS6;TNXB;EMILIN1;RAMP2
prerank,Regulation Of Secretion (GO:0051046),-0.47018352654083706,-1.256228576237421,2.037534e-01,4.950551e-01,1.000000e+00,6/15,14.79%,ERBB3;SCIN;OPRK1;MYO6;PTPRN2;GPLD1
prerank,Regulation Of Protein Localization To Plasma Membrane (GO:1903076),0.39680347030506913,1.2558809293943176,1.273408e-01,3.590897e-01,1.000000e+00,26/79,23.01%,STAC2;IFNG;DAB2;TNF;TGFB1;RHOG;TREM2;GBP1;LRP1;LRRC15;STX4;TMBIM1;ACTB;LRPAP1;STX7;STAC;RAMP3;PICALM;PIK3R1;LDLRAP1;NUMB;AKR1B1;ZDHHC7;TMEM59;PRKCH;STX8
prerank,Branching Involved In Ureteric Bud Morphogenesis (GO:0001658),-0.46849457527209293,-1.2551211830267044,1.802326e-01,4.958245e-01,1.000000e+00,9/16,22.13%,BMP4;NPNT;SHH;HOXD11;HOXA11;SIX1;FOXD1;MYC;SALL1
prerank,Neural Crest Cell Migration (GO:0001755),-0.3826868479439685,-1.2548511602638357,1.197183e-01,4.943744e-01,1.000000e+00,9/35,13.09%,NELL1;ERBB4;SHH;SEMA6C;FOLR1;SEMA3A;SEMA3C;SEMA3B;RADIL
prerank,Ribosomal Small Subunit Assembly (GO:0000028),-0.4542098268602168,-1.2544650927983039,1.780822e-01,4.933240e-01,1.000000e+00,12/17,44.50%,PRKDC;RPS5;RPS19;MRPS11;RPSA;RRP7BP;MRPS7;RPS15;ERAL1;RRP7A;RPS28;XRCC5
prerank,Membrane Lipid Metabolic Process (GO:0006643),-0.458809104787946,-1.2542975107306422,1.830986e-01,4.916504e-01,1.000000e+00,3/17,5.94%,AGMO;ALOX12B;SMPDL3B
prerank,Regulation Of Cytokinesis (GO:0032465),-0.32201941785404015,-1.2542382792355338,1.173469e-01,4.898138e-01,1.000000e+00,27/75,25.23%,CHMP4C;KIF23;KIF14;KIF20A;PLK1;CIT;E2F7;RACGAP1;OR2A4;GIPC1;OPN1MW;PRC1;CENPV;CDC6;ECT2;TAS2R13;OPN1LW;MYO19;MAP9;AURKA;ENTR1;PKP4;CDC25B;MAP10;RAB11FIP3;SPAST;CXCR5
prerank,Substrate Adhesion-Dependent Cell Spreading (GO:0034446),0.44294564318922586,1.254221627585641,1.434720e-01,3.618970e-01,1.000000e+00,15/35,19.77%,ITGB3;FERMT3;PARVG;ITGB7;ITGA4;LPXN;PARVB;FN1;ILK;TEK;RHOA;PIK3R1;SRGAP3;PXN;VAMP3
prerank,Leukotriene Biosynthetic Process (GO:0019370),0.5096900505710087,1.2537276053974362,1.893130e-01,3.623786e-01,1.000000e+00,3/18,2.44%,PRG3;ALOX5AP;GGTA1
prerank,Negative Regulation Of Cellular Response To Growth Factor Stimulus (GO:0090288),0.40673122630920355,1.252720170376629,1.387054e-01,3.638608e-01,1.000000e+00,32/62,27.86%,THBS1;SOST;SULF2;GREM1;RBPMS2;HHEX;CHRDL2;NOG;CHRDL1;TNFAIP6;SULF1;PPARG;FGF2;SKOR1;GPR155;HIPK2;SMAD7;BMPER;UBE2D1;CRIM1;MMRN2;NBL1;SLIT2;APLN;EMILIN1;NOTCH1;FSTL3;SKI;BAMBI;UBE2D3;SORL1;CREB3L1
prerank,Regulation Of JNK Cascade (GO:0046328),0.37605389222048946,1.252161656670648,1.071429e-01,3.644683e-01,1.000000e+00,36/108,22.17%,MMP8;FCGR2B;NCF1;NOD2;GADD45B;CCN2;SLAMF1;IL1B;CCL19;CCR7;SDCBP;CD27;SIRPA;PTK2B;SH3RF3;TLR9;PER1;CCL21;RASGRP1;EPHB1;TRAF1;DUSP3;MAP3K10;PYCARD;CYLD;GADD45G;FZD7;RASSF2;BIRC7;HIPK2;PJA2;NAIP;MINK1;DUSP10;TGFBR3;MAP3K11
prerank,Cardiac Muscle Cell Differentiation (GO:0055007),0.4667585252086852,1.2513910755460746,1.783626e-01,3.655086e-01,1.000000e+00,11/26,19.54%,TCAP;TTN;NKX2-5;GREM1;KDM6B;BMP2;ASB2;MEF2C;MYH6;SLC8A1;ALPK2
prerank,Sulfur Compound Biosynthetic Process (GO:0044272),0.40070190223303553,1.2513315158884304,1.294872e-01,3.651384e-01,1.000000e+00,30/69,26.66%,GSTM1;GSTA1;GGTA1;CHST7;B3GNT7;CHST9;ST3GAL1;MAT1A;CHST11;HS3ST3B1;CHST15;CSGALNACT2;UGDH;CHST2;DSE;XYLT1;ST3GAL2;ST3GAL6;CHST1;CHST6;CHSY1;UST;PAPSS2;GGT1;PAPSS1;CHST5;ST3GAL3;MAT2B;CTH;B4GAT1
prerank,Regulation Of Actin Cytoskeleton Organization (GO:0032956),0.3844943343177328,1.2513051778688136,1.076023e-01,3.647425e-01,1.000000e+00,26/90,17.07%,ODAM;IQGAP2;CSF1R;HCK;DMTN;CORO1A;BST1;ARHGDIB;RHOG;CLU;NEB;ARHGAP18;PTK2B;PRKCD;LRP1;EPHA5;CARMIL2;FAM107A;CORO2B;PEAK3;SH3BP1;TWF2;PAK3;RNH1;SIGLEC15;RHOA
prerank,Regulation Of Trans-Synaptic Signaling (GO:0099177),-0.378701414498221,-1.2510757899654599,1.331058e-01,4.955839e-01,1.000000e+00,5/34,8.34%,GRIK3;GRIA4;GRIK4;NLGN1;CACNA1B
prerank,Mesenchymal Cell Migration (GO:0090497),-0.3939175427641337,-1.2510264841581211,1.270903e-01,4.937059e-01,1.000000e+00,8/32,13.09%,NELL1;ERBB4;SHH;SEMA6C;SEMA3A;SEMA3C;SEMA3B;RADIL
prerank,Regulation Of Vasculature Development (GO:1901342),0.46488287115813837,1.2501052626253033,2.035398e-01,3.666621e-01,1.000000e+00,12/29,19.35%,HMOX1;CXCL13;LEP;PIK3CG;PLXND1;IL6;ETS1;GPNMB;FGF2;RNH1;WARS1;BMPER
prerank,Cellular Response To Metal Ion (GO:0071248),0.37148829702303277,1.2498907904547838,1.066823e-01,3.665988e-01,1.000000e+00,39/123,16.49%,SNCA;ALOX5AP;NCF1;SLFN14;MT1H;DMTN;MT1A;RASGRP2;BMP6;CYP11B1;MMP9;RYR1;FOS;MCOLN1;CRHBP;CLU;B2M;ALOX15;LGMN;HVCN1;CPNE5;MT2A;TFR2;ADCY7;DPEP1;FBP1;SYT11;GUCA1A;MT1M;PRNP;MAPK1;SMPD1;LRRK2;DLG4;PPIF;MT1G;HFE;CLIC4;MEF2C
prerank,Positive Regulation Of Nitrogen Compound Metabolic Process (GO:0051173),0.45493659229459055,1.249319369674697,1.785216e-01,3.672547e-01,1.000000e+00,17/32,25.75%,KLF2;IFNG;TNF;TGFB1;NFKBIA;CSF1;TMEM106A;NR1H3;INHBA;MTPN;AGTR1;MAPK7;GATA3;EGF;GBA1;NR1H2;WFS1
prerank,Positive Regulation Of Translational Initiation (GO:0045948),0.48933937248506976,1.248129748177136,2.155963e-01,3.690990e-01,1.000000e+00,2/20,7.00%,CCL5;SH3BGRL
prerank,Positive Regulation Of Signal Transduction (GO:0009967),0.34798113946811143,1.2480872863978203,6.553911e-02,3.687103e-01,1.000000e+00,91/255,23.74%,ITGB3;CD226;CRLF2;PRKCB;PTPRC;KLF2;CTSS;NOD2;CD180;DMTN;PTGIS;TLR2;BMP6;IL1B;LY86;CD74;TGFB1;SULF2;SCIMP;RSPO1;IHH;TREM2;SLC2A4;LY96;ITGA5;IL7R;BMP2K;HHEX;BMP2;ENHO;CUX2;CTSL;LIMS1;PTK2B;IL6;CLEC6A;FLNA;ATP6AP2;CTSK;DHH;TSLP;CD80;SULF1;RBPJ;PDE6G;FGF1;ZMIZ1;MN1;VTN;CTSH;ILK;LRRK2;ERN1;VWF;XBP1;DLG4;GRIN2A;GLI1;TEK;LIMS2;TNFAIP3;GAS6;ATP6V0C;CRBN;PIK3R1;GRIN2D;TGFBR1;PTEN;IL6ST;NLGN3;C3;AGPAT1;NETO1;LGR6;SMOC2;GATA3;PKD2;JAK2;SMARCB1;SHANK1;RXRA;RIMS1;TNXB;WLS;FGFR2;TSPAN14;CD63;AXL;NOS3;NPTN;LOXL3
prerank,Positive Regulation Of Cellular Component Organization (GO:0051130),0.3749745047570038,1.248037012070344,1.226190e-01,3.683501e-01,1.000000e+00,32/104,20.93%,SNCA;GPC3;TAL1;IFNG;APOC2;DAB2;CCL19;CLEC7A;TNF;TGFB1;TRABD2B;TREM2;CLU;APOE;LRP1;GPX1;TFR2;SYK;MMP3;PPP1R15A;BMF;CAMK1;SMPD1;RUNX1;TGFBR1;WARS1;BCL2L11;BRK1;FLOT1;AKR1B1;ATP10A;ASAP1
prerank,Adenylate Cyclase-Activating G Protein-Coupled Receptor Signaling Pathway (GO:0007189),0.3849267795506963,1.2477184840601192,1.174289e-01,3.684741e-01,1.000000e+00,29/86,16.50%,PF4;ADGRG3;ADGRE3;CXCL9;ADGRE1;CALCA;GPR65;CXCL10;PTGER4;ADGRE5;PTH1R;GNG2;ADRB3;ADGRG5;ADRA2B;PTGER2;GNA13;ADM;GIPR;ADGRE2;ADCY7;CXCL11;ADGRE4P;TBXA2R;UTS2;ADORA2A;ADGRL4;PTHLH;RAMP3
prerank,Response To Alcohol (GO:0097305),0.4694738363294431,1.2474081381658504,1.877794e-01,3.686217e-01,1.000000e+00,14/27,22.43%,CCL3;CCR5;CCL19;TGFB1;CCR7;CCL21;TGFBR2;SLIT1;ADH7;GRIN2A;TGFBR1;GRIN3A;TGFBR3;SLIT2
prerank,Negative Regulation Of Double-Strand Break Repair Via Homologous Recombination (GO:2000042),-0.44289503840754185,-1.2469530178715864,1.864407e-01,5.021647e-01,1.000000e+00,8/20,29.85%,RADX;PARPBP;POLQ;RMI2;FANCB;KMT5A;UBQLN4;TRAPPC13
prerank,Autophagosome Assembly (GO:0000045),0.40308783472274345,1.2468159696229475,1.480519e-01,3.693251e-01,1.000000e+00,18/62,19.60%,MAP1LC3C;MAP1LC3B;MAP1LC3B2;ATG16L2;ATG2A;GABARAPL1;GABARAP;TOM1;RUFY4;STING1;WIPI1;TP53INP1;ATG7;RAB43;GABARAPL2;TP53INP2;STX12;WDR45
prerank,rRNA Methylation (GO:0031167),-0.4260763137149204,-1.2467772940989406,1.906158e-01,5.005649e-01,1.000000e+00,14/20,38.92%,MRM1;NSUN5P1;NSUN5P2;NOP2;METTL5;MRM2;EMG1;FDXACB1;METTL15;TFB2M;NSUN5;TFB1M;ZCCHC4;TRMT112
prerank,Positive Regulation Of BMP Signaling Pathway (GO:0030513),-0.4324218859549762,-1.2466960464459165,1.627219e-01,4.988048e-01,1.000000e+00,4/22,6.83%,TBX20;BMP4;ELAPOR2;CCNA2
prerank,Organelle Assembly (GO:0070925),0.343175440568311,1.2463876927304482,4.831933e-02,3.697072e-01,1.000000e+00,70/307,20.93%,CIBAR2;TEKT1;DNAAF1;MAP1LC3C;DNAI2;CFAP43;TEKT2;HOATZ;IQUB;CORO1A;TEKT3;CFAP161;RILPL2;AP1S2;CFAP221;SEPTIN6;RAB8B;TMEM107;FOXJ1;NME8;SNX10;MAP1LC3B;MAP1LC3B2;RAB32;RFX2;ATG16L2;ATG2A;TMEM231;FLNA;SCLT1;GABARAPL1;RP2;CFAP58;EHD1;TEKT4;GABARAP;ABLIM3;RUFY4;STX7;STING1;SYNPO;WIPI1;AP1B1;ALPK1;DNAH5;HPS1;TP53INP1;ATG7;ATP6V0D1;RILP;RAB8A;RAB43;GABARAPL2;EHD4;CD34;DNMBP;TP53INP2;SRPX;FUZ;STX12;UBXN10;WDR45;ABCC4;UBAP1;RFX3;CDC14A;SNAP29;AP1M1;EHD3;ASAP1
prerank,Renal System Development (GO:0072001),-0.3487269838280195,-1.2455254989146467,1.186441e-01,4.997322e-01,1.000000e+00,21/55,22.67%,BMP4;GREB1L;LHX1;CENPF;PCSK9;PROX1;PYGO1;REN;TFAP2B;CYP4A11;HELLS;SIX1;CYP4A22;TFAP2A;MYOCD;HNF1B;CEP290;STRA6;PYGO2;SALL1;POLR2D
prerank,Skeletal System Development (GO:0001501),0.3672042313013344,1.245521201810667,1.070588e-01,3.709074e-01,1.000000e+00,46/132,24.48%,BGLAP;MEPE;SHOX;CMKLR1;BMP6;SULF2;PRELP;ALPL;COL13A1;IHH;RFLNB;COMP;PTGER4;PTH1R;COL1A1;BMP2;ANKH;ADAMTS4;FGFR1;NOG;COL1A2;RFLNA;SOX6;SULF1;TLL1;FBN1;FRZB;STC1;CHI3L1;XYLT1;PTHLH;PAX1;ETS2;TGFBR1;CDH11;TBX3;COL9A2;GLI2;ATP7A;VKORC1;FGFR2;GDF10;GNAS;WNT5A;P3H1;PAPSS1
prerank,Detection Of Chemical Stimulus Involved In Sensory Perception Of Smell (GO:0050911),0.4984357246011269,1.2453709653783822,1.897059e-01,3.707469e-01,1.000000e+00,4/20,8.66%,OR2W3;OR2B11;SLC24A4;OR2T2
prerank,mRNA Methylation (GO:0080009),-0.4721290095620213,-1.2447457363542498,2.060440e-01,4.997412e-01,1.000000e+00,9/15,37.13%,NSUN2;TRMT10C;TRMT6;METTL8;TRMT61B;METTL4;METTL3;VIRMA;TRMT61A
prerank,Negative Regulation Of Myeloid Cell Differentiation (GO:0045638),0.4780034415343817,1.244211842267131,1.912651e-01,3.724522e-01,1.000000e+00,6/22,14.52%,PF4;ZFP36;MAFB;PTK2B;H4C9;ZFP36L1
prerank,Cellular Response To Hydrogen Peroxide (GO:0070301),0.45425622212931444,1.2440320754514258,1.797432e-01,3.723423e-01,1.000000e+00,10/32,16.61%,CLU;FYN;SIRPA;RIPK3;PRKCD;IL6;CAT;CYP1B1;PPIF;TNFAIP3
prerank,Positive Regulation Of Cell-Cell Adhesion (GO:0022409),0.4258931786304393,1.2438200967265942,1.648501e-01,3.723180e-01,1.000000e+00,18/44,21.90%,CCL5;CXCL13;PLAUR;CD3E;SIRPG;IL1B;TNF;LCK;FUT7;IL10;THY1;JAK1;PLPP3;SMAD7;CX3CL1;FLOT1;PODXL;SKAP1
prerank,Regulation Of Telomerase RNA Localization To Cajal Body (GO:1904872),-0.45719187496595076,-1.2435157615269263,2.102273e-01,5.007892e-01,1.000000e+00,7/17,19.70%,CCT6A;CCT4;CCT3;CCT7;NHP2;DKC1;CCT8
prerank,Positive Regulation Of Secretion By Cell (GO:1903532),0.3923703853336692,1.2430215658475048,1.379747e-01,3.734235e-01,1.000000e+00,24/71,23.74%,SNCA;ANKRD1;ADAM8;CD33;TTN;BMP6;IL1B;TGFB1;TREM2;MYOM1;BMP2;RGCC;APBB1;APBB3;GRK2;ANG;P2RX4;SYTL4;ADAM9;RAB27A;DTNBP1;ACHE;FRMD4A;MYH10
prerank,Positive Regulation Of Osteoclast Differentiation (GO:0045672),0.5250193616501959,1.2429012539358104,1.977848e-01,3.732266e-01,1.000000e+00,5/15,12.34%,IFNG;TYROBP;TNF;CSF1;IL12B
prerank,Axonogenesis (GO:0007409),-0.28471902785727776,-1.2428729626097317,2.247191e-02,5.004707e-01,1.000000e+00,36/178,14.35%,NELL1;PLEKHG4B;CTNNA2;WNT7A;DPYSL5;CNTN1;EPHA7;SLITRK2;SLITRK3;IGSF9;DCC;EPHA4;SLITRK5;PLEKHG4;SHH;SEMA6C;EFNB2;ISL2;CNTN2;LGI1;PTK2;EPHB3;NRXN1;POU4F1;ROBO3;TUBB3;SEMA3A;NTNG1;SEMA3C;SEMA3B;NFASC;NRCAM;BRSK1;PARD6B;KALRN;ATL1
prerank,Regulation Of Vesicle-Mediated Transport (GO:0060627),-0.3132497019053893,-1.2424257210848504,9.375000e-02,4.995762e-01,1.000000e+00,12/88,6.75%,NELL1;RIMS2;LGI3;PLA2G3;RAB25;SYT1;CPLX2;HIP1R;SLC30A8;CPLX1;PACSIN3;RALA
prerank,Positive Regulation Of Cell Migration Involved In Sprouting Angiogenesis (GO:0090050),0.522227653724709,1.2420909246025182,2.057878e-01,3.743365e-01,1.000000e+00,6/16,18.88%,FOXC2;HMOX1;PTGS2;MAP3K3;FGF2;RHOJ
prerank,Regulation Of Cold-Induced Thermogenesis (GO:0120161),0.3655381883669722,1.2416279538523496,1.183295e-01,3.748049e-01,1.000000e+00,34/135,17.44%,PTH2R;G0S2;ACTN3;FOXC2;CXCR4;IRF4;FABP4;CEBPB;CMKLR1;TLR4;LEP;ALPL;KDM6B;ADRB3;ACSL1;CCR2;TRPV2;LEPR;IL18R1;GATM;CD36;SYK;TLE3;RBPJ;NR1H3;TFE3;IL4R;ADIPOR1;LCN2;PLCL2;OXTR;GADD45G;IL15;PCTP
prerank,Diacylglycerol Metabolic Process (GO:0046339),0.488675743597233,1.2413351371882784,1.867284e-01,3.749625e-01,1.000000e+00,7/21,18.26%,APOA2;MOGAT2;PLA2G15;DGAT2;PNPLA2;DGKG;PGS1
prerank,Positive Regulation Of Telomere Maintenance Via Telomerase (GO:0032212),-0.3828571041302013,-1.2409401013217316,1.616162e-01,5.011023e-01,1.000000e+00,19/32,34.49%,NEK2;CCT6A;CCT4;CCT3;CCT7;FBXO4;CCT2;PKIB;CCT8;MAPKAPK5;ATR;POT1;AURKB;HNRNPA1;MAPK15;MAP3K4;CCT5;TNKS;PARN
prerank,Positive Regulation Of Sprouting Angiogenesis (GO:1903672),0.5297117996565127,1.2406509661361094,2.266667e-01,3.758275e-01,1.000000e+00,5/15,14.74%,TNN;ITGA5;FGF1;FGF2;JAK1
prerank,Neuron Projection Morphogenesis (GO:0048812),-0.28775623199620887,-1.2401096086032388,5.000000e-02,5.013087e-01,1.000000e+00,31/142,14.35%,LRP2;KLK8;CTNNA2;WNT7A;DCDC2;SLITRK2;FLRT1;CTNND2;SLITRK3;DCC;EPHA4;SLITRK5;NYAP2;MNX1;NLGN1;ISL2;EPHB3;NCKAP1;POU4F1;MAP2;NTNG1;CELSR2;MYO16;NTF4;NRCAM;WASL;TMEM106B;BRSK1;PARD6B;DVL1;ATL1
prerank,Regulation Of Hematopoietic Progenitor Cell Differentiation (GO:1901532),0.5144185651656296,1.2396988805770393,2.184087e-01,3.772564e-01,1.000000e+00,2/16,3.68%,OSM;SPI1
prerank,Negative Regulation Of Protein Localization (GO:1903828),0.44010850630500686,1.2393727220793747,1.784232e-01,3.774632e-01,1.000000e+00,16/38,31.18%,RIPOR2;SPI1;LILRB4;MAP1A;CORO2B;LATS2;PICALM;FLCN;UBXN2B;TTBK2;CDK9;LEPROT;TAX1BP3;SIRT6;VCP;ANKRD13A
prerank,Regulation Of Neural Precursor Cell Proliferation (GO:2000177),-0.4293361817815708,-1.2384970139686615,2.038567e-01,5.035646e-01,1.000000e+00,6/20,10.70%,INSM1;DISP3;PROX1;FZD9;KDM1A;SHCBP1
prerank,Regulation Of Protein Tyrosine Kinase Activity (GO:0061097),0.430074379812141,1.2380795977350796,1.830986e-01,3.795928e-01,1.000000e+00,11/38,16.87%,PTPRC;CSF1R;SH3BP5;FCGR1A;CASS4;LILRB4;ACE;THY1;PRNP;DLG4;GAS6
prerank,Positive Regulation Of Apoptotic Signaling Pathway (GO:2001235),0.40476271782062284,1.2378505704899374,1.463415e-01,3.795540e-01,1.000000e+00,17/59,19.13%,G0S2;CTSS;TLR4;TNF;LCK;LTB;TNFSF12;CTSL;NUPR1;CTSK;TLR6;CTSH;PYCARD;CYLD;PLEKHF1;TGFBR1;BBC3
prerank,Positive Regulation Of Protein Polymerization (GO:0032273),0.39470107386716946,1.2375422500659072,1.518662e-01,3.796872e-01,1.000000e+00,24/66,22.22%,LMOD2;CCL11;HCK;CCL26;FES;CCL24;NCKAP1L;ALOX15;CCR7;VASP;PTK2B;CCL21;TPPP3;EVL;PYCARD;SNX9;CRACD;FCHSD2;BIN1;TENM1;FCHSD1;LMOD1;PAK1;PFN1
prerank,Regulation Of Endothelial Cell Proliferation (GO:0001936),0.38697065585999285,1.2368924350184598,1.230012e-01,3.804933e-01,1.000000e+00,25/86,16.00%,ITGB3;THBS1;ALOX5;CCL11;EGR3;CCL26;LEP;PIK3CD;CCL24;PPP1R16B;SPARC;TNFSF12;APOE;STAT5A;BMP2;RGCC;VEGFC;NR4A1;CDH13;ECM1;SULF1;LRG1;FGF2;HMGB2;TEK
prerank,Midbody Abscission (GO:0061952),-0.4614297934760124,-1.2366571657212613,1.757925e-01,5.064116e-01,1.000000e+00,3/15,16.15%,CHMP4C;KIF20A;CHMP3
prerank,Positive Regulation Of Muscle Cell Differentiation (GO:0051149),-0.4553856970209459,-1.2356463089918892,2.114883e-01,5.069965e-01,1.000000e+00,4/15,18.72%,LAMA1;MESP1;MAPK12;MYOCD
prerank,Dendrite Morphogenesis (GO:0048813),-0.36578475176509234,-1.2354613696825283,1.457627e-01,5.054513e-01,1.000000e+00,10/35,14.13%,CTNNA2;WNT7A;DCDC2;CTNND2;EPHB3;MAP2;CELSR2;WASL;TMEM106B;DVL1
prerank,Aerobic Respiration (GO:0009060),-0.342300048841523,-1.2350825178834541,1.074380e-01,5.044049e-01,1.000000e+00,22/58,31.61%,NDUFB9;MTFR1;NDUFS6;ME3;NDUFA9;MTFR2;NDUFAB1;NIPSNAP2;MDH2;TEFM;NDUFB2;NDUFB5;NDUFB3;NDUFA10;UQCRB;SDHC;NDUFC2;NDUFV3;NDUFA12;NDUFB1;UQCRH;NDUFC1
prerank,Protein Localization To Chromatin (GO:0071168),-0.3830657320677723,-1.234915303623257,1.520270e-01,5.029656e-01,1.000000e+00,8/31,15.33%,CTCFL;TONSL;PLK1;MSH2;MMS22L;CENPA;MACROH2A2;RAD21
prerank,Cellular Response To Organonitrogen Compound (GO:0071417),0.37386017505284475,1.234177351013671,1.344743e-01,3.853912e-01,1.000000e+00,34/97,24.51%,P2RY12;AQP9;DMTN;IGFBP5;P2RX7;P2RY1;CRHBP;RAPGEF1;CLU;GABRB2;EGR1;HCN4;PDE2A;RAP1B;GABRB3;ACTB;KCNE1;ZFP36L1;SESN2;XBP1;CPEB4;MEF2C;RAP1A;INPP5K;HCN1;KCNQ1;P2RX4;PKD2;PDXP;LAMTOR1;SLIT2;TSHR;SLC5A5;RRAGA
prerank,Protein-Containing Complex Organization (GO:0043933),0.3690083477256919,1.2339999982878138,1.180638e-01,3.852454e-01,1.000000e+00,37/119,23.18%,CD247;CD3G;WAS;CD3E;TCAP;DMTN;IL2RB;VIL1;WIPF1;JCHAIN;CD74;NCKAP1L;LPXN;TSPAN4;PTK2B;LIN7A;CD40;TRAF1;MITF;DLG4;HFE;DMD;SNX9;PICALM;IL1RAP;NUP54;IKBKG;CAPG;VAMP2;VAMP3;REPS2;SHANK1;CAPZA2;TUBGCP2;RIMS1;PPARGC1A;USH1C
prerank,Lysosome Organization (GO:0007040),0.4262045935567126,1.2334533157421346,1.715818e-01,3.859430e-01,1.000000e+00,21/42,26.23%,CORO1A;TPP1;TASL;MYO7A;GRN;ARSB;GAA;ACP2;LRRK2;TFEB;HPS1;SRPX;TMEM175;CLN5;LAMTOR1;GBA1;NAGPA;ZFYVE26;TPCN2;GNPTAB;FHIP1B
prerank,Regulation Of Regulated Secretory Pathway (GO:1903305),-0.38831585919698297,-1.2332883302720645,1.677215e-01,5.050132e-01,1.000000e+00,7/29,12.33%,RIMS2;SYT7;SYT1;SYT8;RAB15;SYT2;SYT5
prerank,Negative Regulation Of Peptidyl-Serine Phosphorylation (GO:0033137),0.5077916436302015,1.232967250849951,1.888218e-01,3.864357e-01,1.000000e+00,7/18,18.67%,DMTN;PPM1F;DMD;INPP5K;RASSF2;SMAD7;PTEN
prerank,Endosome To Lysosome Transport (GO:0008333),0.41051274485546424,1.2327416279874697,1.712780e-01,3.863820e-01,1.000000e+00,28/52,36.00%,CCL14;DENND3;PLEKHF1;RILP;VAMP7;ARL8B;BIN1;UBXN6;PXK;MGRN1;TPCN2;FHIP1B;MTM1;RAB7A;LYST;RHOB;CACNG8;EPG5;VPS11;TRAK1;VCP;VPS39;ATG14;VPS18;M6PR;SORT1;VPS16;TSG101
prerank,Negative Regulation Of Cell Development (GO:0010721),0.4875264559784996,1.2324783246421165,2.163462e-01,3.864987e-01,1.000000e+00,8/20,16.18%,CCL11;IL1B;TNF;RFLNB;B2M;IL6;RFLNA;PTHLH
prerank,Positive Regulation By Host Of Viral Process (GO:0044794),-0.43596608266731157,-1.2322367203528748,2.258953e-01,5.057263e-01,1.000000e+00,3/17,10.89%,CAV2;KRT17;ZDHHC9
prerank,Regulation Of Mitotic Metaphase/Anaphase Transition (GO:0030071),-0.33716844301806714,-1.2321953425894225,1.374046e-01,5.039311e-01,1.000000e+00,28/48,35.71%,PLK1;UBE2C;BRD7;ESPL1;USP44;CDC20;CCNB1;CDC6;MAP3K20;CENPE;SMARCA4;NSMCE2;ANAPC7;SMARCD2;ANAPC11;BCL7A;ARID2;HECW2;ACTL6A;SMARCD1;DLGAP5;ANAPC15;CDC16;SMARCE1;ANAPC5;RIOK2;CDK5RAP2;CDC23
prerank,Positive Regulation Of Protein Kinase B Signaling (GO:0051897),0.3790068069133631,1.2321842294496352,1.284848e-01,3.866383e-01,1.000000e+00,28/88,18.43%,OSM;P2RY12;CCL3;THBS1;PIK3R5;HPSE;CCL19;TNF;TGFB1;LEP;PIK3CG;PIK3CD;CASS4;CCR7;PTPRJ;FGFR1;HBEGF;ENG;CCL21;CHI3L1;FGF2;HCLS1;TEK;RAMP3;GAS6;TGFBR1;CX3CL1;HIP1
prerank,Regulation Of Extrinsic Apoptotic Signaling Pathway (GO:2001236),0.4020331081559946,1.2316327348713,1.626429e-01,3.872630e-01,1.000000e+00,16/58,20.30%,G0S2;THBS1;TLR4;TNF;TMC8;LTB;TNFSF12;FGFR1;STX4;TLR6;TRAF1;PYCARD;CYLD;TGFBR1;CFLAR;AKR1B1
prerank,Nervous System Development (GO:0007399),-0.2632247130808894,-1.231147184920175,2.222222e-02,5.045598e-01,1.000000e+00,63/384,10.14%,NELL1;CHRNA3;DPYSL5;ERBB4;ASCL1;ZIC4;VAX2;ZIC2;ADGRF1;ADGRV1;DLX5;SPINK5;ZIC1;UGT8;RAPGEF5;ACVR1C;VXN;PLPPR1;SHANK2;ZIC5;POU6F2;CHRM2;CSPG5;MELTF;LHX1;MAL;ADGRG6;RAPGEFL1;NPTX1;PCSK9;ERBB3;MST1R;SHC3;IL1RAPL2;EGFR;SH3GL3;SHOX2;GLRB;SCIN;CDH1;MESP1;ST8SIA2;PROX1;MET;DLX6;SHH;CHRM3;NAV2;MNX1;NLGN1;FZD9;ADGRB2;IGF2BP1;ADORA1;PAX6;GRHL2;CDON;LGI1;NCKAP1;NRXN1;POU4F1;ECT2;KLK6
prerank,Negative Regulation Of Cytokine-Mediated Signaling Pathway (GO:0001960),0.40532294833529187,1.230404767297027,1.787634e-01,3.893140e-01,1.000000e+00,19/54,18.41%,ARG1;PTPRC;CARD16;IRAK3;TREM2;IL6;CARD8;SAMHD1;PPARG;NLRC5;NR1H3;SLIT1;SH2B3;PADI2;CYLD;IL1RN;GAS6;BIRC7;H2BC11
prerank,Regulation Of Presynapse Organization (GO:0099174),-0.46139181920754874,-1.2295351130089724,1.839080e-01,5.051103e-01,1.000000e+00,5/15,5.88%,WNT7A;SLITRK2;SLITRK3;IL1RAPL2;IL1RAPL1
prerank,Regulation Of Presynapse Assembly (GO:1905606),-0.46139181920754874,-1.2295351130089724,1.839080e-01,5.051103e-01,1.000000e+00,5/15,5.88%,WNT7A;SLITRK2;SLITRK3;IL1RAPL2;IL1RAPL1
prerank,Regulation Of Actin Polymerization Or Depolymerization (GO:0008064),0.45670936328574235,1.2294052683784258,1.985714e-01,3.908563e-01,1.000000e+00,14/26,22.22%,WAS;CXCL12;COTL1;ARHGAP18;WDR1;SH3BP1;PAK3;PLEKHG2;HCLS1;FCHSD2;FCHSD1;BRK1;ESAM;PFN1
prerank,Negative Regulation Of Secretion By Cell (GO:1903531),0.4356696724103617,1.2289227015135777,1.856115e-01,3.912917e-01,1.000000e+00,16/36,24.34%,OSM;SNCA;TNFRSF1B;LIF;APOE;PNKD;LILRB1;IL12B;SYT11;RHBDF2;VAMP3;TNFRSF1A;SMCR8;SLC30A1;DRD2;NOTCH1
prerank,Regulation Of Exocytosis (GO:0017157),-0.3439534187340619,-1.2285689566206626,1.220472e-01,5.055222e-01,1.000000e+00,10/54,6.75%,RIMS2;LGI3;SYT1;CPLX2;CPLX1;FGB;EXPH5;IL1RAPL1;CFTR;RALA
prerank,Positive Regulation Of Amyloid Precursor Protein Catabolic Process (GO:1902993),0.49753384143127105,1.228405442636568,2.043682e-01,3.918651e-01,1.000000e+00,8/20,18.73%,IFNG;TNF;CLU;LYN;IFNGR1;ABCG1;PICALM;GSAP
prerank,ncRNA Metabolic Process (GO:0034660),-0.45279445269594165,-1.2278362644124716,1.777188e-01,5.054848e-01,1.000000e+00,5/17,19.68%,MAPT;NIFK;BTBD18;DTD2;XPO5
prerank,Regulation Of Early Endosome To Late Endosome Transport (GO:2000641),0.5061857258210996,1.2277577101314774,2.077519e-01,3.927141e-01,1.000000e+00,12/19,30.87%,DAB2;MAPK1;MSN;MAPK3;MAP2K2;EZR;MAP2K1;NF2;DNAJC13;VPS11;DENND10P1;DENND10
prerank,Regulation Of Calcium Ion Transmembrane Transport (GO:1903169),0.49412224568195195,1.2272936045040113,2.107692e-01,3.931778e-01,1.000000e+00,10/18,26.05%,TRDN;FYN;PTK2B;ATP1A2;PRNP;HRC;CACNG6;UBASH3B;CACNA2D1;DIAPH1
prerank,Protein-Containing Complex Assembly (GO:0065003),0.33781191501466756,1.2269908181541462,6.596859e-02,3.933309e-01,1.000000e+00,93/310,25.11%,MEFV;SNCA;DNAAF1;APOA4;CD247;CASQ1;MZB1;CD3G;FERMT3;WAS;CD3E;TCAP;BIN2;DMTN;IL2RB;CXCL12;VIL1;WIPF1;JCHAIN;CD74;P2RX7;TGFB1;DNAAF6;TSPAN33;NCKAP1L;TESPA1;CASQ2;CYBA;CLU;RSPH4A;LPXN;CASP1;GBP1;TSPAN4;FN1;PTK2B;EID2;LIN7A;TRAPPC1;ADD2;RSPH9;DNAI4;HSPA1A;CD40;FCHO2;TRAF1;LRRK2;ASB2;CASP4;MITF;DLG4;STING1;NT5C3A;HFE;DNAAF3;DMD;SNX9;PICALM;IL1RAP;MID1IP1;CCDC39;IKBKG;CX3CL1;HIP1;FCHO1;STMP1;PXN;CAPG;VAMP2;VAMP3;EPS15;GAK;REPS2;SHANK1;CAPZA2;TUBGCP2;RIMS1;TRAPPC5;TMEM70;VAMP1;PPARGC1A;USH1C;NPC1;ZC3H12A;GSDMD;AIM2;FAS;GTF2B;CHMP4A;ANO6;BBS12;CSNK1D;TCF4
prerank,Regulation Of G Protein-Coupled Receptor Signaling Pathway (GO:0008277),0.3965341414398397,1.2264233907595976,1.643312e-01,3.939633e-01,1.000000e+00,24/62,23.11%,CCL5;RASGRP4;CXCL8;PLEK;SLC24A4;GNAT1;RGS9;KCTD12;GNG7;RGS6;GRK6;PDE6G;LRPAP1;RGS14;RAMP3;PPP1R9B;RGS2;RGS11;C3;GIT2;GRK5;ZDHHC7;GRK7;RGS16
prerank,Negative Regulation Of Binding (GO:0051100),0.37761502136183,1.2263767912562247,1.416149e-01,3.935812e-01,1.000000e+00,16/82,15.71%,XIRP1;EFHB;GZMA;DAB2;CARD16;TMC8;NFKBIA;SLPI;PRKCD;IFIT2;CFHR1;LRPAP1;CAMK1;LRRK2;PLN;CDKN1A
prerank,Positive Regulation Of Endothelial Cell Proliferation (GO:0001938),0.3916998856393464,1.226094193220669,1.447853e-01,3.936386e-01,1.000000e+00,22/74,16.00%,ITGB3;HMOX1;CCL11;EGR3;CCL26;ITGA4;PIK3CD;CCL24;PPP1R16B;TNFSF12;STAT5A;BMP2;VEGFC;FGFR1;NR4A1;CDH13;ECM1;APLNR;LRG1;FGF2;HMGB2;TEK
prerank,Regulation Of JUN Kinase Activity (GO:0043506),0.42805697969316003,1.225612739001477,1.906722e-01,3.941748e-01,1.000000e+00,16/42,27.07%,SERPINB3;PTPN22;CCL19;TNF;TLR9;TLR6;ERN1;MAP3K10;DUSP10;PAK1;MAP3K11;WNT5A;MAP3K5;PDCD4;HIPK3;TAOK3
prerank,Membrane Protein Ectodomain Proteolysis (GO:0006509),0.487795858869302,1.2255582807795744,2.280431e-01,3.938075e-01,1.000000e+00,8/21,25.35%,PRTN3;ADAM19;MYH9;PSENEN;ADAM9;SPPL2A;PRKCQ;NCSTN
prerank,Phosphate Ion Transport (GO:0006817),-0.46058531871614816,-1.225221877706886,2.184874e-01,5.100340e-01,1.000000e+00,7/15,19.34%,SLC34A1;SLC17A8;SLC25A10;SLC20A2;XPR1;SLC37A1;SLC37A3
prerank,Negative Regulation Of Multicellular Organismal Process (GO:0051241),0.34291716176879855,1.2249805673953482,1.024229e-01,3.945106e-01,1.000000e+00,63/215,19.98%,FCGR2B;SLC11A1;APOA4;ACTN3;NLRP12;APOA2;FOXC2;SRGN;SPX;TIMP1;SLAMF8;SPI1;SOST;IFNG;TLR4;IL1B;PTPRO;TNF;DLX2;CLEC4A;ARHGDIB;PTGER4;TREM2;PTPRR;CRHBP;TIFAB;GRN;BMP2;IL10;RGCC;IL18R1;PAEP;ADM;IFNGR1;TLE3;LOXL2;RBPJ;SYT11;FOXP3;EVL;NR1H3;TFE3;F2R;STC1;LRPAP1;ADIPOR1;GPNMB;PLCL2;BTN2A2;MEF2C;GAS6;IL15;PCTP;RGS2;SMAD7;CORO1C;PTEN;LDLRAD4;ATP2B1;CHSY1;ALPK2;FLCN;SLC6A4
prerank,Cardiac Muscle Cell Development (GO:0055013),0.47676853933617663,1.2249153241628334,1.972686e-01,3.941609e-01,1.000000e+00,5/23,6.44%,MYL2;CSRP3;TCAP;TTN;NKX2-5
prerank,Iron-Sulfur Cluster Assembly (GO:0016226),-0.3970921620805037,-1.224569275984378,1.820988e-01,5.078694e-01,1.000000e+00,12/27,27.17%,BOLA3;GLRX3;BOLA1;NDUFAB1;NFS1;HSPA9;NUBPL;IBA57;NUBP2;CIAPIN1;NFU1;LYRM4
prerank,Metallo-Sulfur Cluster Assembly (GO:0031163),-0.3970921620805037,-1.224569275984378,1.820988e-01,5.078694e-01,1.000000e+00,12/27,27.17%,BOLA3;GLRX3;BOLA1;NDUFAB1;NFS1;HSPA9;NUBPL;IBA57;NUBP2;CIAPIN1;NFU1;LYRM4
prerank,Positive Regulation Of Synapse Assembly (GO:0051965),-0.3893499209927593,-1.224379989477743,1.795666e-01,5.065485e-01,1.000000e+00,10/31,15.30%,WNT7A;SLITRK2;SLITRK3;SLITRK5;IL1RAPL1;NLGN1;EPHB3;NRXN1;VSTM5;SLITRK6
prerank,Vasculature Development (GO:0001944),0.5103959559998072,1.222742363461144,2.389241e-01,3.980685e-01,1.000000e+00,8/16,24.78%,ACVRL1;FOXF1;APLNR;SOX18;PDGFRA;TCF21;FBXW7;ERRFI1
prerank,Cilium Organization (GO:0044782),0.3447323297407635,1.2227034306904665,1.050328e-01,3.976848e-01,1.000000e+00,48/212,21.21%,CIBAR2;TEKT1;DNAAF1;TTC29;DNAI2;CFAP43;TEKT2;HOATZ;IQUB;CATIP;TEKT3;CFAP161;RILPL2;CFAP221;SEPTIN6;RAB8B;TMEM107;FOXJ1;NME8;SNX10;RFX2;CFAP61;TMEM231;FLNA;SCLT1;RP2;CFAP58;EHD1;TEKT4;ABLIM3;ARMC2;ALPK1;DNAH5;ATP6V0D1;RILP;RAB8A;EHD4;DNMBP;FUZ;UBXN10;RFX3;CDC14A;SNAP29;EHD3;ASAP1;PKD2;CFAP126;NEDD9
prerank,Lysosome Localization (GO:0032418),0.43110178211654593,1.222589380107704,1.801075e-01,3.974729e-01,1.000000e+00,22/40,31.58%,PIK3CG;PIK3CD;NR4A3;MAP6;BORCS6;TFEB;MILR1;FCER1A;MYH9;NDEL1;FLCN;SYTL4;LAMTOR1;SPAG9;PLEKHM2;RAB3A;BORCS8;BLOC1S1;DEF8;BORCS7;BLOC1S2;HDAC6
prerank,Epithelial Cilium Movement Involved In Extracellular Fluid Movement (GO:0003351),0.49971460725664646,1.2223656019941807,2.222222e-01,3.974640e-01,1.000000e+00,13/18,26.05%,DNAAF1;SPAG6;ROPN1L;ODAD4;CABYR;CFAP53;NEK10;CCDC39;SPA17;RFX3;SPAG17;DNAAF11;SPEF2
prerank,Positive Regulation Of Intracellular Protein Transport (GO:0090316),0.3665463270477544,1.2219662431385858,1.248528e-01,3.977827e-01,1.000000e+00,35/122,25.68%,ITGAM;ITGB2;GZMB;RAC2;CEMIP;IFNG;IL1B;TGFB1;PLK3;FYN;PRKCD;FLNA;PRR5L;RHOU;CD81;PRNP;AKT2;CAMK1;RIPOR1;HCLS1;OAZ1;GAS6;PIK3R1;TENM1;BBC3;VAMP2;HSPA1L;UBE2L3;EMD;ZC3H12A;RAB29;MIEF1;FBXW7;PINK1;LEPROT
prerank,Unsaturated Fatty Acid Metabolic Process (GO:0033559),0.4137450722025737,1.2218565896500237,1.930556e-01,3.975128e-01,1.000000e+00,10/48,14.71%,GSTA1;ALOX5;GSTM2;ALOX15;ALOX12;SCD5;GPX1;CYP1B1;CYP4F11;PLA2G4C
prerank,Negative Regulation Of Apoptotic Process (GO:0043066),0.3316819690483894,1.2214191206042488,5.527124e-02,3.978950e-01,1.000000e+00,115/441,20.64%,MPO;PROK2;AZU1;GATA1;SNCA;BCL2A1;ADAM8;CD28;THBS1;PLAUR;CD40LG;CLEC5A;HCK;EVI2B;LTF;IL2RB;EGR3;CD38;NTF3;DAB2;CARD16;CCL2;MMP9;CD74;IER3;SERPINB9;TNF;PIM2;NAT8B;NKX2-5;FCMR;GREM1;NCKAP1L;CDKN2D;PRAME;COMP;ATF5;SOCS3;TREM2;PLK3;CLU;AGAP2;GRN;APOE;ITGA5;CD27;SEMA4D;BNIP3L;ANGPTL4;LGMN;PIM1;NTSR1;IL10;PTK2B;PRKCD;NUPR1;IL6;ALOX12;MTRNR2L10;FLNA;GPX1;NTRK1;TSLP;CAT;MCL1;RPS6KA1;FKBP8;HSPA1B;SOD2;DPEP1;TMBIM1;HSPA1A;CCND2;BCL3;F2R;AKT2;CTSH;PDPN;XBP1;GRINA;CPEB4;TNFRSF10D;PPIF;NR4A2;FSTL1;HCLS1;TEK;BAG1;PDK4;TNFAIP8;MEF2C;GAS6;FOXO1;IFIT3;BIRC7;PIK3R1;DDAH2;FANK1;TCIM;CX3CL1;OXSR1;NDNF;IL6ST;RHBDD1;NUGGC;PPT1;ANXA5;NAIP;CFLAR;MAGEA4;NTRK2;GRK5;DDX3X;ARHGDIA;TBX3
prerank,Response To Zinc Ion (GO:0010043),0.4788684495828522,1.2210763661329016,2.313546e-01,3.981356e-01,1.000000e+00,7/22,15.56%,MT1H;MT1A;HVCN1;MT2A;MT1M;HAAO;MT1G
prerank,Carbohydrate Derivative Catabolic Process (GO:1901136),0.5143744509556604,1.2210203715802594,2.372881e-01,3.977999e-01,1.000000e+00,9/15,22.16%,FUCA1;SAMHD1;NAGA;NGLY1;MANBA;FBXO2;FBXO6;BPGM;FBXO44
prerank,Regulation Of Blood Circulation (GO:1903522),0.4449813640514929,1.2207776439000813,2.022315e-01,3.978322e-01,1.000000e+00,11/32,19.66%,TMIGD3;ADORA3;HSPB7;DES;CELF2;PLN;MYH6;TPM1;KCNQ1;AGTR1;ECE1
prerank,Response To cAMP (GO:0051591),0.43460501744209523,1.2202205722882262,1.991585e-01,3.984634e-01,1.000000e+00,14/35,18.74%,AQP9;DMTN;IGFBP5;CRHBP;RAPGEF1;HCN4;PDE2A;RAP1B;KCNE1;ZFP36L1;RAP1A;INPP5K;HCN1;KCNQ1
prerank,Vitamin Transport (GO:0051180),0.43076468597743484,1.2190629521746177,1.935933e-01,4.004209e-01,1.000000e+00,12/35,17.32%,FOLR2;SLC2A3;SLC2A14;TCN2;ABCG2;FOLR3;SLC2A4;SLC2A6;SLC23A2;PDPN;SLC27A1;SLC46A1
prerank,Lytic Vacuole Organization (GO:0080171),0.4324072780370221,1.218469781456764,2.030178e-01,4.011305e-01,1.000000e+00,17/35,26.23%,TPP1;MYO7A;GRN;ARSB;GAA;ACP2;LRRK2;TFEB;HPS1;CLN5;LAMTOR1;GBA1;NAGPA;ZFYVE26;TPCN2;GNPTAB;FHIP1B
prerank,Positive Regulation Of Monocyte Chemotaxis (GO:0090026),0.5075351297843503,1.2181565088330635,2.258065e-01,4.012862e-01,1.000000e+00,8/16,9.54%,CCL5;FPR2;CCR1;CXCL12;SERPINE1;CXCL10;LGMN;CCR2
prerank,Stress-Activated MAPK Cascade (GO:0051403),0.4138072333856853,1.2177072734354226,1.835616e-01,4.016983e-01,1.000000e+00,17/42,25.18%,ZFP36;MAP4K1;PTGER4;SH2D3C;MAP2K3;LGALS9;MAPK1;ZFP36L1;LRRK2;CRKL;MAP3K10;MAPK3;MINK1;MAP3K11;TRIB1;MAP3K5;GPS2
prerank,Ras Protein Signal Transduction (GO:0007265),0.3548052672330866,1.2169516327202718,1.305842e-01,4.027395e-01,1.000000e+00,46/140,20.96%,GRAP2;RASGRP4;WAS;DOK2;DOK3;RASGRP2;AIF1;ARHGAP6;ARHGDIB;NTN1;RHOG;RAPGEF1;ELMO1;RAP1B;MYO9B;GNA13;GRB2;CDH13;COL1A2;RASGEF1B;DOK5;RGL1;RASGRP1;ARHGEF1;ARHGAP4;MRAS;FGF2;PDPN;ARHGEF3;RASGRP3;CRKL;RIPOR1;CDKN1A;GRAP;RAP1A;RHOA;RALGDS;RASSF1;RGL4;G3BP2;AGTR1;BRK1;ARHGDIA;RASGRF2;RASGEF1A;CYFIP1
prerank,Positive Regulation Of Establishment Of Protein Localization To Mitochondrion (GO:1903749),0.44199284749285495,1.2165131298748617,2.118644e-01,4.031958e-01,1.000000e+00,12/32,30.05%,GZMB;RAC2;RHOU;BBC3;HSPA1L;UBE2L3;FBXW7;PINK1;LEPROT;UBE2D3;USP36;VPS11
prerank,Positive Regulation Of Cell Division (GO:0051781),-0.36689483061961303,-1.2164742885294715,1.598639e-01,5.242480e-01,1.000000e+00,13/38,13.39%,KIF23;KIF14;CIT;SHH;RACGAP1;OR2A4;GIPC1;OPN1MW;CENPV;CDC6;ECT2;TAS2R13;OPN1LW
prerank,Supramolecular Fiber Organization (GO:0097435),0.3341287391064303,1.2162244121733086,6.758184e-02,4.033428e-01,1.000000e+00,82/295,18.66%,SPTA1;KRT71;XIRP1;CAMP;SNCA;LMOD2;MYOZ1;XIRP2;KLHL41;LMOD3;MYO1F;RAC2;LOX;KRT72;CCDC13;KRT13;TRDN;MYO1G;CORO1A;DPT;CCDC88B;ARHGAP25;NAT8B;UBASH3A;GREM1;STMND1;MYL9;RND1;MYO7A;RHOG;PLK3;CST3;VIM;B2M;FYN;COL1A1;DES;FBLN5;RIPK3;ELMO1;ERMN;MFAP4;TMOD1;KRT85;KIF2A;KRT23;TPPP3;CD36;COL1A2;BFSP2;TNFAIP6;LOXL2;SH3KBP1;CNN1;CYP1B1;TLL1;EVL;SH3BP1;TPM2;KRT40;DDR2;FURIN;MARCKS;EFEMP2;HCLS1;LTBP2;ACTN1;CRTAP;COL5A1;LOXL4;LUM;PPP1R9B;MYH6;RHOA;TMOD4;BIN3;TGFBR1;CORO1C;HIP1;SAMD14;TMOD2;TPM1
prerank,Protein Dephosphorylation (GO:0006470),0.35963213734950733,1.214625163138874,1.324736e-01,4.061609e-01,1.000000e+00,26/118,19.39%,PTPRT;PTPRC;DUSP1;PTPN22;TPTE;PTPN7;PTPRO;DUSP5;PPM1M;PTPRR;PTPN6;DAPP1;PTPRJ;PTPRE;PTPN5;PPP1R15A;PPM1F;DUSP3;SSH2;MTMR6;TIMM50;DUSP18;MTMR3;PTEN;CTDP1;UBASH3B
prerank,Positive Regulation Of Epithelial Cell Migration (GO:0010634),0.37435158684955244,1.2140231085331257,1.421628e-01,4.068902e-01,1.000000e+00,35/93,23.97%,ITGB3;FOXC2;THBS1;IFNG;VIL1;MMP9;PIK3CG;PIK3CD;GLIPR2;SPARC;IQSEC1;ENPP2;GRN;PTK2B;DOCK5;FGF1;MAPRE2;ETS1;CTSH;FGF2;PPM1F;TEK;PLPP3;PLCG2;FGF10;SMOC2;GATA3;ANXA3;EGF;ADAM9;PFN1;PIK3CB;ZC3H12A;RIN2;WNT5A
prerank,Regulation Of Pathway-Restricted SMAD Protein Phosphorylation (GO:0060393),0.4029340336743447,1.2139991667924148,1.912929e-01,4.064659e-01,1.000000e+00,20/56,19.35%,LEFTY2;BMP6;DAB2;TGFB1;GREM1;GDF6;SDCBP;BMP2;LRP1;ACVRL1;ENG;NOG;PPARG;TGFBR2;HFE;INHBA;TGFBR1;SMAD7;LDLRAD4;BMPER
prerank,Epithelial Tube Morphogenesis (GO:0060562),-0.37372912855420026,-1.2138773649353416,1.562500e-01,5.291133e-01,1.000000e+00,8/33,9.26%,TBX20;BMP4;PKHD1;LHX1;MESP1;MET;SHH;SCRIB
prerank,Ruffle Organization (GO:0031529),0.5119435552092042,1.2136510024789557,2.283465e-01,4.067125e-01,1.000000e+00,7/16,20.96%,PLEK;CSF1R;CCR7;CCL21;INPP5K;TPM1;CYFIP1
prerank,Transcription By RNA Polymerase I (GO:0006360),-0.45136453330365084,-1.2135315302544518,2.178478e-01,5.280861e-01,1.000000e+00,1/15,0.70%,NKX2-1
prerank,Apical Junction Assembly (GO:0043297),-0.3472866979990632,-1.213245424265148,1.634981e-01,5.269230e-01,1.000000e+00,13/48,12.66%,CLDN9;OCLN;CLDN2;CHAF1B;CLDN3;POF1B;CLDN4;GRHL2;MARVELD2;ECT2;CLDN1;MARVELD3;CLDN7
prerank,Prostanoid Metabolic Process (GO:0006692),0.5124708726076594,1.2132374282508465,2.428115e-01,4.071112e-01,1.000000e+00,3/15,4.26%,GSTM1;GSTA1;HPGDS
prerank,Neuron Projection Guidance (GO:0097485),-0.2935443083766844,-1.213192043596019,1.086957e-01,5.251774e-01,1.000000e+00,25/117,14.07%,NELL1;PLEKHG4B;DPYSL5;CNTN1;EPHA7;IGSF9;DCC;EPHA4;PLEKHG4;SHH;SEMA6C;EFNB2;CNTN2;LGI1;PTK2;EPHB3;NRXN1;ROBO3;TUBB3;SEMA3A;SEMA3C;SEMA3B;NFASC;NRCAM;KALRN
prerank,Maintenance Of Blood-Brain Barrier (GO:0035633),-0.3876919326902959,-1.2129764799843945,1.829653e-01,5.238629e-01,1.000000e+00,10/28,15.88%,GJB6;OCLN;CLDN12;CLDN3;SLC12A2;CLDN1;TJP2;TJP1;LSR;MFSD2A
prerank,Organophosphate Ester Transport (GO:0015748),0.4528418306960082,1.2127949802970799,2.085236e-01,4.075642e-01,1.000000e+00,11/25,22.33%,PLTP;SLC25A19;PITPNC1;SLC44A4;NPC2;PCTP;MTTP;PITPNM1;PITPNA;PITPNB;OSBPL5
prerank,Negative Regulation Of Endoplasmic Reticulum Stress-Induced Intrinsic Apoptotic Signaling Pathway (GO:1902236),0.5103994518318233,1.211292423187448,2.362805e-01,4.101471e-01,1.000000e+00,12/15,39.98%,HERPUD1;HSPA1A;LRRK2;XBP1;CREB3L1;PTPN1;SYVN1;TMBIM6;CREB3;TXNDC12;MAGEA3;SELENOS
prerank,Positive Regulation Of Endothelial Cell Migration (GO:0010595),0.3797204978878568,1.2111522589878114,1.591738e-01,4.099584e-01,1.000000e+00,33/82,25.02%,ITGB3;FOXC2;THBS1;TGFB1;TMSB4X;PIK3CG;PIK3CD;SPARC;GRN;LGMN;STAT5A;PTK2B;FGFR1;MAP2K3;CD40;FGF1;ETS1;FGF2;TEK;PLPP3;AKT3;SMOC2;P2RX4;GATA3;ANXA3;EGF;PIK3CB;ZC3H12A;NOS3;RIN2;WNT5A;GATA2;FOXP1
prerank,Positive Regulation Of Vascular Endothelial Growth Factor Production (GO:0010575),0.4809180287758133,1.2100668693386332,2.488688e-01,4.117377e-01,1.000000e+00,11/22,21.66%,HPSE;IL1B;TGFB1;SULF2;PTGS2;IL6;SULF1;CYP1B1;IL6ST;C3;ISL1
prerank,DNA Repair-Dependent Chromatin Remodeling (GO:0140861),-0.45238787607603587,-1.2093855285083015,2.314286e-01,5.313603e-01,1.000000e+00,3/16,10.04%,PARP2;DEPDC1B;KDM1A
prerank,Negative Regulation Of Programmed Cell Death (GO:0043069),0.3319249137457311,1.2092305218262764,7.700312e-02,4.130565e-01,1.000000e+00,90/356,20.64%,MPO;PROK2;AZU1;GATA1;SNCA;BCL2A1;CD28;THBS1;PLAUR;CD40LG;CLEC5A;LAPTM5;HCK;EVI2B;LTF;IL2RB;EGR3;CD38;DAB2;MMP9;CD74;IER3;SERPINB9;PIM2;NAT8B;NKX2-5;FCMR;GREM1;NCKAP1L;PRAME;COMP;ATF5;SOCS3;TREM2;PLK3;PEPD;CD27;SEMA4D;BNIP3L;ANGPTL4;PIM1;NTSR1;IL10;PTK2B;NUPR1;IL6;FLNA;NTRK1;TSLP;CAT;MCL1;RPS6KA1;FKBP8;HSPA1B;DPEP1;HSPA1A;CCND2;BCL3;AKT2;CTSH;PDPN;XBP1;TNFRSF10D;PPIF;FSTL1;TEK;BAG1;TNFAIP8;GAS6;FOXO1;IFIT3;BIRC7;PIK3R1;DDAH2;FANK1;TCIM;CX3CL1;OXSR1;IL6ST;RHBDD1;NUGGC;PPT1;ANXA5;NAIP;CFLAR;MAGEA4;GRK5;DDX3X;ARHGDIA;TBX3
prerank,Acetylcholine Receptor Signaling Pathway (GO:0095500),-0.4306260760082906,-1.2088273372673548,1.982507e-01,5.308532e-01,1.000000e+00,7/19,7.62%,CHRNA3;CHRM2;LYPD1;CHRNB2;PLCB1;CHRM3;CHRM4
prerank,Cell Junction Maintenance (GO:0034331),0.49997510103347015,1.2085319143829412,2.308943e-01,4.140580e-01,1.000000e+00,6/16,16.29%,PRTN3;CSF1R;CD177;MYADM;F2R;CBLN3
prerank,Fat-Soluble Vitamin Metabolic Process (GO:0006775),-0.41601270100095566,-1.2080616013555514,2.005571e-01,5.309048e-01,1.000000e+00,3/21,4.68%,LRP2;CYP24A1;VKORC1L1
prerank,Positive Regulation Of Telomere Maintenance Via Telomere Lengthening (GO:1904358),-0.364199594231785,-1.2075434225477901,1.684211e-01,5.302393e-01,1.000000e+00,19/35,34.49%,NEK2;CCT6A;CCT4;CCT3;CCT7;FBXO4;CCT2;PKIB;CCT8;MAPKAPK5;ATR;POT1;AURKB;HNRNPA1;MAPK15;MAP3K4;CCT5;TNKS;PARN
prerank,Muscle Tissue Development (GO:0060537),0.42395807906315447,1.2062847532683862,2.223816e-01,4.182260e-01,1.000000e+00,5/35,7.12%,MYL11;MYOZ1;CSRP3;MYOZ2;MYF6
prerank,Positive Regulation Of Nervous System Process (GO:0031646),0.49785208533281916,1.205862871359435,2.432432e-01,4.185881e-01,1.000000e+00,4/16,5.02%,ITGAX;TNFRSF1B;CST7;EGR2
prerank,Folic Acid-Containing Compound Metabolic Process (GO:0006760),-0.45630010724283626,-1.205090921791087,2.408377e-01,5.344115e-01,1.000000e+00,5/15,16.84%,GGH;MTHFD2;SLC25A32;SHMT2;MTHFD2L
prerank,Positive Regulation Of Amyloid-Beta Formation (GO:1902004),0.5056283312909556,1.2042037792177978,2.522936e-01,4.215787e-01,1.000000e+00,7/16,18.73%,IFNG;TNF;CLU;IFNGR1;ABCG1;PICALM;GSAP
prerank,Phospholipid Metabolic Process (GO:0006644),0.3882349081908169,1.20356464808704,1.893645e-01,4.223615e-01,1.000000e+00,20/60,17.47%,PLA2G2D;APOA2;LCP1;PLA2G15;ENPP2;PLCB2;PLBD1;AGPAT4;PLPPR3;SMPD1;PLB1;PLA2G4C;PLD2;PGPEP1;PLPPR2;PLBD2;PLCD1;PLPP3;CLN8;PLA2G5
prerank,Negative Regulation Of Wnt Signaling Pathway (GO:0030178),0.3550385807241478,1.2028399823509894,1.591696e-01,4.233740e-01,1.000000e+00,33/127,20.69%,CCL14;SOST;DAB2;PTPRO;NKX2-5;IGFBP6;CSNK1A1L;GREM1;TRABD2B;TMEM170B;SFRP4;APOE;BMP2;LRP1;TMEM88;TLE4;NOG;DKK3;STK4;TLE3;SOX17;FRZB;LATS2;GLI1;HECW1;CYLD;SOX30;TMEM131L;SHISA6;FUZ;OTUD5;BICC1;ZNRF3
prerank,Ceramide Biosynthetic Process (GO:0046513),-0.34883602015766346,-1.2027732677704794,1.771654e-01,5.386401e-01,1.000000e+00,8/41,11.61%,CERS3;ALOX12B;DEGS2;ST8SIA2;FA2H;SPTSSA;SPTSSB;ASAH2
prerank,Cellular Component Assembly (GO:0022607),0.335389109440526,1.2015347833423857,1.119403e-01,4.255427e-01,1.000000e+00,59/246,17.16%,RSPH1;DNAAF1;CFAP46;CD247;CFAP74;CD3G;WAS;HOATZ;CD3E;TCAP;HYDIN;PARVG;DMTN;IL2RB;CFAP206;LCP1;VIL1;RP1;WIPF1;JCHAIN;CD74;TGFB1;AIF1;PIERCE1;NCKAP1L;LIMD2;RSPH4A;LPXN;FOXJ1;NLGN4X;TSPAN4;PARVB;PTK2B;RTN1;HAS1;ESPNL;LIN7A;ADD2;MICAL1;RSPH9;CYFIP2;FAM107A;CD40;SH3BP1;TEX15;TRAF1;SPEF1;MITF;DLG4;LRRC43;STX7;HFE;DNAJB13;DMD;GAS6;SNX9;RHOA;PICALM;IL1RAP
prerank,Negative Regulation Of Protein Phosphorylation (GO:0001933),0.3536179243448654,1.2014866706849607,1.520737e-01,4.251675e-01,1.000000e+00,50/142,22.57%,SNCA;NLRP12;PTPRC;SAMSN1;DMTN;NTF3;TGFB1;GREM1;PTPN6;SEMA4D;SIRPA;PRKCD;FBLN1;LRP1;ENG;NIBAN1;LYN;PRR5L;NTRK3;NOG;FKBP8;PPARG;MYADM;THY1;PRNP;PRKAG2;LRRK2;PPM1F;CRKL;CDKN1A;ENPP1;PLPP3;DMD;INPP5K;RASSF2;CALM3;SMAD7;CORO1C;PTEN;WARS1;LDLRAD4;UBASH3B;TESK1;GNAQ;AKT1S1;SIRT2;SMCR8;DTNBP1;SLIT2;TRIB1
prerank,Regulation Of Fibroblast Growth Factor Receptor Signaling Pathway (GO:0040036),0.49069929119343075,1.2013699894565621,2.508091e-01,4.249390e-01,1.000000e+00,9/18,27.86%,THBS1;SULF2;NOG;SULF1;FGF2;SMOC2;NPTN;PRKD2;CREB3L1
prerank,Heart Development (GO:0007507),0.3481767788359206,1.201346965627511,1.423767e-01,4.245012e-01,1.000000e+00,52/155,22.95%,MYL2;MYH7;CSRP3;FOXC2;GPC3;TCAP;LDB3;TGFB1;NKX2-5;KDM6B;ADAP2;MYBPC3;BMP2;FN1;ACVRL1;FOXF1;KAT2B;MMP23A;NTRK3;ID2;MEF2D;APLNR;SOX17;TGFBR2;FBN1;CDKN1A;TEK;MEF2C;MYH6;PDLIM7;BORCS8-MEF2B;KDM6A;HEG1;TGFBR1;OXSR1;SYNPO2L;PTEN;PDLIM3;SOX18;ALPK2;ECE1;TBX3;PKD2;CASP8;ZFPM1;ISL1;GLI2;TGFBR3;TAB2;CDKN1B;PDLIM4;APLN
prerank,Histone Deacetylation (GO:0016575),-0.3621788262596283,-1.2012641078339064,1.783439e-01,5.405185e-01,1.000000e+00,5/35,13.67%,TBL1Y;SIRT4;MTA3;TBL1XR1;BRMS1L
prerank,Positive Regulation Of Stress-Activated Protein Kinase Signaling Cascade (GO:0070304),0.4875779946004828,1.2012572000589845,2.328549e-01,4.242132e-01,1.000000e+00,4/17,11.56%,NOD2;SCIMP;IGFBP6;LYN
prerank,Protein Palmitoylation (GO:0018345),-0.3845031716135063,-1.201211968298114,2.044728e-01,5.387686e-01,1.000000e+00,6/29,13.15%,GOLGA7B;ZDHHC15;ZDHHC11B;ZDHHC11;ZDHHC9;ZDHHC23
prerank,Positive Regulation Of Carbohydrate Metabolic Process (GO:0045913),0.4456833851965381,1.2011992034783519,2.240117e-01,4.238521e-01,1.000000e+00,7/31,14.22%,SNCA;IFNG;CD244;P2RX7;PTH1R;IRS2;AKT2
prerank,Regulation Of Lysosomal Lumen pH (GO:0035751),0.4655541850756254,1.201120351889935,2.284041e-01,4.235427e-01,1.000000e+00,12/23,24.10%,TASL;GRN;TCIRG1;ATP6AP2;RNASEK;LRRK2;ATP6V1F;ATP6V0C;PPT1;TMEM175;CLN5;ATP6V0A1
prerank,Positive Regulation Of Cysteine-Type Endopeptidase Activity Involved In Apoptotic Process (GO:0043280),0.3640305465930687,1.2008837272617565,1.725352e-01,4.235122e-01,1.000000e+00,27/105,16.53%,SNCA;NLRP3;KHDC1L;NLRP12;FASLG;LAPTM5;NLRC4;ST18;CLEC7A;TNF;LCK;CTSD;CASP1;NLRP1;ATP2A3;LGALS9;CARD8;DAPK1;SYK;ARL6IP5;PPARG;F2R;PPM1F;PYCARD;FOXL2;BEX3;CASP10
prerank,Positive Regulation Of Organelle Organization (GO:0010638),0.4341631343155413,1.2007910589703115,2.159091e-01,4.232363e-01,1.000000e+00,11/32,22.75%,P2RX7;TREM2;TOM1;AKT2;SORBS3;DOC2B;PLA2G5;MGARP;SMCR8;SYNJ1;PPARGC1A
prerank,"Synaptic Transmission, Glutamatergic (GO:0035249)",-0.4026738238365058,-1.2003393592527127,2.159763e-01,5.391979e-01,1.000000e+00,5/24,5.89%,GRIK3;GRIA4;UNC13A;GRIK4;SLC17A8
prerank,Positive Regulation Of Neural Precursor Cell Proliferation (GO:2000179),-0.38799090595809727,-1.1999428230181832,1.867470e-01,5.382735e-01,1.000000e+00,6/26,10.04%,LRP2;INSM1;DISP3;PROX1;FZD9;KDM1A
prerank,Negative Regulation Of Protein Localization To Cell Periphery (GO:1904376),0.48005186077230905,1.1997232167218856,2.472613e-01,4.250559e-01,1.000000e+00,9/20,21.98%,DAB2;TGFB1;GBP1;LRRC15;TMBIM1;LRPAP1;PICALM;NUMB;TMEM59
prerank,Homophilic Cell Adhesion Via Plasma Membrane Adhesion Molecules (GO:0007156),-0.3213101676587757,-1.1996700009519403,1.189427e-01,5.370929e-01,1.000000e+00,17/59,12.19%,CEACAM5;CEACAM6;NECTIN4;IGSF9;IGSF11;MPZL2;CDH1;NECTIN1;CADM2;DSG2;CNTN2;PLXNB3;HMCN1;ROBO3;PTK7;CELSR2;FAT2
prerank,Protein Tetramerization (GO:0051262),0.3820707127439181,1.1994495920910297,1.811321e-01,4.251586e-01,1.000000e+00,14/69,12.48%,SNCA;AQP10;GBP5;HLA-DRB1;RYR1;MCOLN1;CLU;UPB1;B2M;MS4A1;MAT1A;PKD2L1;SAMHD1;SOD2
prerank,Adherens Junction Organization (GO:0034332),0.43722785676142395,1.1994464358427677,2.101551e-01,4.246814e-01,1.000000e+00,15/31,25.59%,CDHR3;JAM3;CDH13;CDH6;CDH12;CDH15;VCL;SMAD7;PIP5K1C;ZNF703;CDH11;DCHS1;CDH17;CDH3;RAMP2
prerank,Negative Regulation Of Cell Migration (GO:0030336),0.3478633548309518,1.1983415140681903,1.265678e-01,4.264233e-01,1.000000e+00,56/159,22.57%,PTPRT;TMIGD3;ADORA3;HMOX1;TIMP1;DNAI3;SERPINE1;TNN;EMILIN2;IGFBP5;CD74;ARHGDIB;PTPRR;ATP1B2;MCTP1;PTPRJ;RECK;HAS1;LRP1;ACVRL1;ENG;NOG;IFITM1;SULF1;CYP1B1;DPEP1;EVL;THY1;ARHGAP4;STC1;ADIPOR1;FGF2;MITF;DUSP3;CLIC4;VCL;TP53INP1;PODN;ADARB1;FOXO3;SMAD7;CORO1C;CX3CL1;TPM1;PTEN;SRGAP3;FUZ;LDLRAD4;CDH11;FLCN;SAP30;MMRN2;NEDD9;DUSP10;SLIT2;TRIB1
prerank,Cholesterol Biosynthetic Process (GO:0006695),-0.39323145942133725,-1.1983044274977075,2.018634e-01,5.388386e-01,1.000000e+00,14/25,32.87%,CYP51A1;MSMO1;TM7SF2;SC5D;FDFT1;MVK;HSD17B7;HMGCR;HMGCS1;ARV1;NPC1L1;NSDHL;DHCR7;PMVK
prerank,Regulation Of Neurotransmitter Receptor Activity (GO:0099601),0.4227037933169991,1.197169692151123,2.000000e-01,4.284880e-01,1.000000e+00,14/35,21.28%,DLGAP2;SHISA9;CRHBP;SLURP2;PTK2B;OPRM1;DAPK1;DLG4;MEF2C;SHISA6;PSCA;NETO1;MINK1;SHANK1
prerank,Negative Regulation Of Cellular Metabolic Process (GO:0031324),0.4147190191084654,1.1969527157613862,2.266484e-01,4.284639e-01,1.000000e+00,15/43,26.33%,ITGB3;ACTN3;CBFA2T3;NUPR1;FBP1;MAP3K3;BCKDK;PTEN;FLCN;AKT3;SIRT2;PINK1;HDAC4;PLIN5;SLC22A13
prerank,Phospholipid Transport (GO:0015914),0.39330149676859955,1.1969282927899596,2.076216e-01,4.280292e-01,1.000000e+00,21/54,22.33%,APOA4;APOA2;ABCA4;PLTP;APOC2;ATP8B4;ABCB1;APOC1;APOE;PITPNC1;ABCG1;NPC2;PCTP;MTTP;ABCA7;PITPNM1;PITPNA;ATP10A;ATP8B2;PITPNB;OSBPL5
prerank,tRNA Wobble Uridine Modification (GO:0002098),-0.4484444352364381,-1.1959737208251406,2.301587e-01,5.428427e-01,1.000000e+00,11/15,42.23%,ELP4;TRMU;ELP1;URM1;ELP2;MOCS3;ELP3;ELP6;GTPBP3;TRMT9B;CTU1
prerank,Negative Regulation Of Response To Endoplasmic Reticulum Stress (GO:1903573),0.46000247178512826,1.1957814782799878,2.251852e-01,4.299448e-01,1.000000e+00,12/25,30.88%,CLU;HERPUD1;HSPA1A;NR1H3;LRRK2;XBP1;NR1H2;WFS1;BCL2L1;CREB3L1;PTPN1;SYVN1
prerank,Mitochondrial Cytochrome C Oxidase Assembly (GO:0033617),-0.4049388953243864,-1.1952073728325243,2.400000e-01,5.430515e-01,1.000000e+00,10/22,26.02%,COX19;COX20;UQCC6;COX17;COA8;COA3;COA1;TIMM21;COA5;COX16
prerank,Regulation Of Tissue Remodeling (GO:0034103),0.4958850527033815,1.1951065870469695,2.360447e-01,4.309047e-01,1.000000e+00,9/17,17.21%,TGFB1;LEP;CST3;LEPR;IL12B;GPNMB;DDR2;RUNX1;IL15
prerank,Nuclear Membrane Organization (GO:0071763),-0.3888958152611809,-1.195104560226466,2.414861e-01,5.414693e-01,1.000000e+00,6/26,16.15%,CHMP4C;PLK1;UBXN2A;GPER1;NEMP1;CHMP3
prerank,Cellular Response To dsRNA (GO:0071359),0.4959338776541443,1.1942523773900118,2.377953e-01,4.321832e-01,1.000000e+00,4/16,19.45%,COLEC12;STING1;RIOK3;FLOT1
prerank,Amyloid-Beta Metabolic Process (GO:0050435),0.5096317136077044,1.193947655177313,2.700157e-01,4.323186e-01,1.000000e+00,6/15,20.48%,NAT8B;ACE;MGAT3;APH1B;PSENEN;MME
prerank,Microtubule Polymerization Or Depolymerization (GO:0031109),-0.40127831439049994,-1.1938775310125502,2.283237e-01,5.425675e-01,1.000000e+00,11/23,22.90%,MAPT;NCKAP5;KIF18A;KIF14;KIF18B;TPPP;STMN1;KIF2C;STMN3;CKAP5;FGF13
prerank,Regulation Of Glycogen Biosynthetic Process (GO:0005979),0.45982992493919583,1.191922061761037,2.624434e-01,4.359891e-01,1.000000e+00,6/22,17.08%,PPP1R3A;PPP1R3B;IRS2;AKT2;ENPP1;INPP5K
prerank,Regulation Of Meiotic Cell Cycle (GO:0051445),0.4781240829412718,1.1915908150614951,2.484848e-01,4.361806e-01,1.000000e+00,2/19,4.31%,SPATA22;DUSP1
prerank,Response To ATP (GO:0033198),0.48079037621684506,1.1912978204399618,2.582677e-01,4.362524e-01,1.000000e+00,3/19,6.46%,P2RY12;P2RX7;P2RY1
prerank,Regulation Of Metal Ion Transport (GO:0010959),0.43712860839701084,1.1905818397675125,2.203147e-01,4.372733e-01,1.000000e+00,15/31,23.38%,CD4;P2RX7;B2M;IL16;KCNA5;PER1;EPB41;YWHAH;PLN;HFE;ORAI1;GRIN3B;P2RX4;DRD2;CACNA2D1
prerank,Negative Regulation Of Macromolecule Metabolic Process (GO:0010605),0.34193263546092073,1.1901303902562719,1.490545e-01,4.377484e-01,1.000000e+00,37/177,17.11%,MMP8;CXCL8;CCL3;LILRB2;CD28;CCR1;HAVCR2;CD3E;SPI1;IFNG;MSR1;PTPN22;TRAT1;TNF;TGFB1;PARP15;ESR1;APOE;LGMN;BMP2;SLC24A3;LGALS9;LRP1;ACVRL1;ENG;ID2;APLNR;PPARG;MYADM;FGF2;CRKL;EDNRB;SFMBT2;MEF2C;NOS2;STOX1;PICALM
prerank,Digestive Tract Development (GO:0048565),0.4414020244628257,1.1893427985758043,2.456140e-01,4.389679e-01,1.000000e+00,12/29,23.52%,DNAAF1;CXCL8;TNF;FOXF1;EDNRB;GLI1;RARRES2;CCDC39;CLMP;GLI2;FGFR2;RARB
prerank,Regulation Of Neurotransmitter Secretion (GO:0046928),-0.36138910343979047,-1.18924078586856,1.913357e-01,5.528376e-01,1.000000e+00,8/34,11.47%,RIMS2;CHRNA3;CHRNB4;CPLX2;CPLX1;CAMK2A;GPER1;KCNMB4
prerank,Regulation Of Autophagy (GO:0010506),0.33465571532081834,1.1887283070232937,1.194030e-01,4.397547e-01,1.000000e+00,95/231,31.31%,TRIM58;MEFV;IL10RA;IFNG;PTPN22;PIM2;LEP;PIP4K2A;RFPL4A;TREM2;ATP6V0D2;CTSA;RFPL4AL1;IL10;LEPR;NUPR1;GPR137B;ATP6V1B2;DAPK1;DEPP1;MCL1;FKBP8;DCN;DCAF12;PSAP;BMF;LRRK2;ERN1;TFEB;TRIM22;TBC1D14;TRIM21;DHRSX;TP53INP1;DRAM1;TRIM38;FOXO1;PLEKHF1;ATP6V0D1;ATP6V0C;SVIP;RAB8A;FOXO3;MTMR3;DRAM2;ITPR1;FLCN;RASIP1;ACER2;SIRT2;SMCR8;CDK16;TAB2;TMEM59;CAPNS1;PIK3CB;UCHL1;PRKACA;ZC3H12A;GBA1;RAB39B;ATP6V0A1;DAP;RRAGA;EIF4E;FBXW7;RUBCN;PINK1;TRIM68;TPCN2;NPRL3;TRIM8;OPTN;HGF;SNX6;ATP6V0E1;ATP6V0B;USP36;STAT3;TAB3;ABL2;SETD2;CASP3;UVRAG;TICAM1;PIK3C3;STK11;VHL;ATF6;DEPDC5;ATP6V1E1;TPCN1;CCNY;ATM;EIF4G3
prerank,Gastrulation (GO:0007369),0.5028540616353684,1.1880277423988457,2.796875e-01,4.407767e-01,1.000000e+00,5/15,12.90%,GPC3;EOMES;NAT8B;NR4A3;UGDH
prerank,Learning (GO:0007612),0.41220416927859854,1.1875722879117907,2.164804e-01,4.412214e-01,1.000000e+00,22/40,29.99%,TLR2;SLC8A2;MAP1A;SLC8A3;FYN;NLGN4X;LGMN;SYT11;RGS14;DLG4;ATXN1;NLGN3;NTRK2;SHANK1;SYNJ1;DRD2;ATXN1L;SLC6A1;CIC;SHANK3;CNTNAP2;CLN3
prerank,Regulation Of Insulin Receptor Signaling Pathway (GO:0046626),0.4104879090522746,1.1875024238822163,2.214674e-01,4.408817e-01,1.000000e+00,11/43,17.08%,PRKCB;MZB1;IL1B;PIP4K2A;FFAR3;FUT7;PRKCD;PTPRE;SOCS1;ENPP1;INPP5K
prerank,Transmembrane Receptor Protein Tyrosine Kinase Signaling Pathway (GO:0007169),0.32607516446769463,1.1871688732488022,1.291005e-01,4.410753e-01,1.000000e+00,69/265,17.62%,PTPRT;FGR;RASGRP4;FGF5;GFRA2;CD8A;FOXC2;LCP2;FGF9;CD8B;DOK2;CD3E;CSF1R;HCK;CD4;ZAP70;DOK3;CD7;NTF3;MMP9;SULF2;LCK;CASS4;NR4A3;FLT3;RAPGEF1;FYN;PTPRJ;VAV1;PTK2B;CLNK;VEGFC;FGFR1;CSF1;EPHA5;GH2;LYN;GRB2;NTRK1;NTRK3;SYK;DOK5;PDGFD;DDIT4;SH2B2;SULF1;FLT1;FOXO4;IRS4;FGF1;EPHB1;MAPK1;BLK;IRS2;AKT2;FGF2;SIPA1L1;PAK3;NAMPT;DDR2;RGS14;EPHB6;TEK;MMP2;PDK4;ROR2;FOXO1;RARRES2;PIK3R1
prerank,Sulfur Compound Catabolic Process (GO:0044273),0.47173493727776605,1.186680601885403,2.563694e-01,4.416268e-01,1.000000e+00,8/20,23.27%,DPEP2;HPSE;GNS;DPEP1;GLB1;SGSH;IDUA;NAGLU
prerank,Regulation Of Focal Adhesion Assembly (GO:0051893),0.39604019790762174,1.1862206995653821,2.087186e-01,4.421391e-01,1.000000e+00,18/54,18.67%,THBS1;DMTN;ARHGAP6;APOD;FYN;TLN1;PTPRJ;LIMS1;ACVRL1;FAM107A;THY1;PPM1F;DUSP3;TEK;VCL;RHOA;CORO1C;PTEN
prerank,Epithelial Cell Migration (GO:0010631),-0.33401662425055545,-1.1857493742093765,1.625442e-01,5.597522e-01,1.000000e+00,9/44,8.77%,NELL1;KRT16;CEL;PRSS3;FERMT1;ANLN;KIT;GIPC1;TNFRSF25
prerank,Positive Regulation Of Nervous System Development (GO:0051962),-0.3446928538334119,-1.185301110512338,1.906615e-01,5.589982e-01,1.000000e+00,10/47,11.04%,LRP2;WNT7A;SLITRK2;SLITRK3;SLITRK5;IL1RAPL1;NLGN1;EPHB3;NRXN1;GPER1
prerank,Regulation Of Double-Strand Break Repair Via Homologous Recombination (GO:0010569),-0.31118904480225473,-1.1845150854538524,1.416667e-01,5.592234e-01,1.000000e+00,24/68,29.85%,CHEK1;RADX;PARPBP;RAD51AP1;FIGNL1;POLQ;TIMELESS;RAD51;RMI2;KDM1A;YEATS4;FANCB;TRRAP;SPIDR;ARID2;VPS72;ZNF365;KMT5A;UBQLN4;PARP1;FUS;ACTL6A;MRGBP;TRAPPC13
prerank,Heterophilic Cell-Cell Adhesion Via Plasma Membrane Cell Adhesion Molecules (GO:0007157),0.3933059749426488,1.184502866114682,2.332402e-01,4.451859e-01,1.000000e+00,14/46,12.95%,CEACAM8;CD209;SELL;JAML;SELP;CRTAM;ITGAL;VCAM1;CD6;SCARF1;SELE;IGSF21;CADM3;ICAM1
prerank,Tube Closure (GO:0060606),-0.3780301625916566,-1.1844170561950704,2.026578e-01,5.576634e-01,1.000000e+00,7/28,10.20%,LRP2;GRHL3;COBL;FOLR1;GRHL2;SCRIB;PRICKLE1
prerank,Keratan Sulfate Metabolic Process (GO:0042339),0.4858129803799752,1.1843029769146538,2.578125e-01,4.451093e-01,1.000000e+00,12/17,26.66%,B3GNT7;ST3GAL1;GNS;CHST2;ST3GAL2;ST3GAL6;CHST1;GLB1;CHST6;CHST5;ST3GAL3;B4GAT1
prerank,ATP Metabolic Process (GO:0046034),0.42750019648454196,1.183882575634753,2.274678e-01,4.454902e-01,1.000000e+00,10/34,17.06%,MYH7;MYH8;TGFB1;MYH4;HSPA1B;HSPA1A;ATP1A2;PRKAG2;ENPP1;MYH6
prerank,Positive Regulation Of Protein Localization (GO:1903829),0.3711578137960152,1.1836735891679324,2.113924e-01,4.454156e-01,1.000000e+00,16/81,14.74%,PYHIN1;LIF;TYROBP;TNF;TGFB1;MAP1A;TREM2;FYN;PECAM1;LIMK2;GPR137B;STX4;SYT11;CORO2B;SESN2;JAK1
prerank,Regulation Of Intracellular Protein Transport (GO:0033157),0.41831212053065114,1.1835967331172375,2.240896e-01,4.450816e-01,1.000000e+00,11/36,19.70%,LCP1;TGFB1;PLK3;FRAT1;PRR5L;RIPOR1;OAZ1;FRAT2;TENM1;NDEL1;VAMP2
prerank,Negative Regulation Of Gene Expression (GO:0010629),0.32561525482329634,1.1832085841069109,1.140167e-01,4.454132e-01,1.000000e+00,60/316,17.11%,MMP8;PRG3;FCGR2B;SLC11A1;CXCL8;NLRP12;GZMB;CCL3;SLFN14;CD28;SRGN;CCR1;HAVCR2;CD3E;SPI1;IFNG;MSR1;PTPN22;IGFBP5;TNF;TGFB1;CLEC4A;ZFP36;BTG2;PTGER4;PATL2;PARP15;ESR1;APOE;LGMN;ZFP36L2;BMP2;IL10;RGCC;SLC24A3;LGALS9;LRP1;ACVRL1;ENG;KAT2B;DAPK1;ID2;HSPA1B;APLNR;PPARG;MYADM;HSPA1A;SYT11;FOXP3;GPNMB;FGF2;ERN1;CRKL;BTN2A2;SFMBT2;RNH1;MEF2C;NOS2;STOX1;PICALM
prerank,GPI Anchor Metabolic Process (GO:0006505),-0.3888979601813563,-1.1823921167162823,2.013201e-01,5.611539e-01,1.000000e+00,19/27,47.58%,PGAP1;PIGW;GPLD1;PIGM;PGF;PIGP;PIGZ;PGAP2;PIGN;PGAP3;PIGV;DPM1;PIGC;PIGL;SLC30A5;PIGA;PIGB;PIGG;MPPE1
prerank,Intrinsic Apoptotic Signaling Pathway In Response To DNA Damage By P53 Class Mediator (GO:0042771),0.4802427544415829,1.1817620915928324,2.437888e-01,4.479769e-01,1.000000e+00,13/19,36.09%,DDIT4;BCL3;PYCARD;CDIP1;TP73;HIPK2;HIPK1;RPS27L;TMEM109;BAG6;IFI16;TP53;SIRT1
prerank,Regulation Of Epithelial Cell Migration (GO:0010632),0.3974546314007666,1.181137262233769,2.265193e-01,4.488074e-01,1.000000e+00,18/49,22.22%,IFNG;VIL1;GLIPR2;PTPRR;ENPP2;GLUL;ARSB;DOCK5;EVL;CTSH;PPM1F;PLCG2;CORO1C;FGF10;RHOJ;BMPER;DUSP10;PFN1
prerank,Positive Regulation Of Positive Chemotaxis (GO:0050927),0.4948948917730188,1.1807829132164405,2.700617e-01,4.491068e-01,1.000000e+00,7/16,11.83%,CXCL8;CXCL12;NTF3;IL16;VEGFC;CDH13;NTRK3
prerank,Positive Regulation Of Cell Growth (GO:0030307),-0.2931738859822306,-1.1797687098019047,1.237113e-01,5.663609e-01,1.000000e+00,19/99,16.07%,RIMS2;SYT14P1;UNC13A;MAPT;RASAL1;SYT1;HPN;EGFR;RNF157;LGI1;NEDD4L;SYT2;HYAL1;SFRP1;TEAD1;AKAP6;CPNE6;MFSD2A;SMURF1
prerank,Positive Regulation Of Triglyceride Metabolic Process (GO:0090208),0.4842220449208535,1.1777336013770388,2.632353e-01,4.550972e-01,1.000000e+00,8/17,26.08%,APOA4;APOC2;NR1H3;PNPLA2;SLC27A1;CNEP1R1;NR1H2;PLIN5
prerank,Negative Regulation Of Cellular Component Organization (GO:0051129),0.3700154571440454,1.1768353492745218,2.172840e-01,4.565463e-01,1.000000e+00,27/71,23.57%,APOA4;APOA2;CH25H;SOST;BMP6;TNF;TMC8;IRAK3;CLU;LILRB1;MCTP1;CARMIL2;HSPA1B;HSPA1A;SYT11;CRACD;SVIP;RIOK3;TFIP11;AKR1B1;DDX3X;ISL1;WASHC2C;CRYAB;DNM2;GBA1;RAF1
prerank,'De Novo' Post-Translational Protein Folding (GO:0051084),0.42480355725249813,1.1761297734573724,2.562225e-01,4.575145e-01,1.000000e+00,10/31,24.60%,HSPA7;HSPA6;HSPA1B;HSPA1A;DNAJB13;SDF2L1;DNAJB5;GAK;HSPA1L;HSPA13
prerank,Regulation Of DNA Strand Elongation (GO:0060382),-0.4335666890945994,-1.1759707319980988,2.564841e-01,5.747897e-01,1.000000e+00,12/16,48.57%,UCHL5;NFRKB;POT1;INO80C;MCRS1;INO80;ACTR5;INO80E;YY1;INO80B;NUCKS1;TFPT
prerank,Regulation Of Glucose Import (GO:0046324),0.4271593630194555,1.1757153383528545,2.437326e-01,4.578986e-01,1.000000e+00,9/31,18.47%,ITLN1;LEP;IRS2;AKT2;PRKAG2;CREBL2;ENPP1;PIK3R1;PEA15
prerank,Presynapse Assembly (GO:0099054),-0.44843109466050535,-1.175592323437197,2.654155e-01,5.740488e-01,1.000000e+00,4/15,7.44%,WNT7A;IL1RAPL1;PCLO;NLGN1
prerank,Regulation Of Behavior (GO:0050795),0.4761346751048354,1.1752450532983345,2.694064e-01,4.584113e-01,1.000000e+00,4/18,10.09%,CCL3;GPR171;APOE;LEPR
prerank,Regulation Of Ubiquitin-Protein Transferase Activity (GO:0051438),-0.3666947931539952,-1.1743667073728978,1.836066e-01,5.754765e-01,1.000000e+00,6/31,9.24%,BUB1B;MAD2L1;PLK1;TRIB3;CDC20;MAGEA2
prerank,Positive Regulation Of Rho Protein Signal Transduction (GO:0035025),0.4395851524020349,1.1734817152239638,2.398844e-01,4.617627e-01,1.000000e+00,11/29,20.37%,P2RY10;GPR174;GPR65;P2RY8;ARRB1;F2RL2;F2R;ARHGEF3;SYNPO2L;GPR55;LPAR6
prerank,Positive Regulation Of Pathway-Restricted SMAD Protein Phosphorylation (GO:0010862),0.40088420104893174,1.172635608402487,2.401091e-01,4.630467e-01,1.000000e+00,14/44,18.08%,LEFTY2;BMP6;DAB2;TGFB1;GDF6;SDCBP;BMP2;ACVRL1;ENG;PPARG;TGFBR2;HFE;INHBA;TGFBR1
prerank,Regulation Of Establishment Of Endothelial Barrier (GO:1903140),0.4857739602484925,1.1724638485621544,2.758065e-01,4.628963e-01,1.000000e+00,5/16,20.68%,IL1B;TNF;S1PR2;VCL;TNFRSF1A
prerank,Axon Development (GO:0061564),-0.2951866250652589,-1.1717514770811939,1.368421e-01,5.806999e-01,1.000000e+00,19/85,16.41%,CTNNA2;WNT7A;MAPT;SLITRK2;SLITRK3;DCC;SLITRK5;FOLR1;ISL2;EPHB3;POU4F1;NTNG1;NREP;NRCAM;BRSK1;PARD6B;ATL1;SLITRK6;PLP1
prerank,Cholesterol Metabolic Process (GO:0008203),0.3852085103996615,1.1716261768995508,2.345845e-01,4.641949e-01,1.000000e+00,22/59,24.22%,APOA4;APOA2;CH25H;CYP11B1;SH2D2A;CETP;APOE;SCARF1;CYP11A1;INSIG1;SOAT1;CYP27A1;ABCG1;CLN8;GLB1;LDLRAP1;APOL2;PPARD;OSBPL5;GBA1;STARD3;APOB
prerank,Positive Regulation Of Small GTPase Mediated Signal Transduction (GO:0051057),0.5051567612324444,1.1714124911224346,2.836305e-01,4.641425e-01,1.000000e+00,7/15,24.34%,RASGRP4;NTRK1;RASGRP1;FGF10;RASGEF1A;SHOC2;NOTCH1
prerank,Regulation Of Reactive Oxygen Species Metabolic Process (GO:2000377),0.3897228358731913,1.1712673188812524,2.473822e-01,4.639389e-01,1.000000e+00,21/54,27.38%,SNCA;RAC2;THBS1;ALOX5;BST1;CBR1;GRB2;AKR1C1;CYP1B1;TGFBR2;CDKN1A;AGTR1;UCP1;SIRT2;ZC3H12A;PIKFYVE;PINK1;PLIN5;PID1;ARF4;F2
prerank,Positive Regulation Of Proteolysis (GO:0045862),0.3838205403783131,1.1707166795969601,2.258486e-01,4.645842e-01,1.000000e+00,23/57,23.43%,TNFRSF1B;CTSS;IFNG;IL1B;NLRC4;TNF;ASTL;APOE;CTSL;CTSK;CYFIP2;CTSC;CTSH;FURIN;SNX9;TNIP1;RHBDD1;TBC1D10A;FGFR4;CASP8;ADAM9;ZC3H12A;GBA1
prerank,Aminoglycan Biosynthetic Process (GO:0006023),0.4687174304052548,1.1704270597371895,2.656716e-01,4.647021e-01,1.000000e+00,7/20,18.70%,HS3ST2;HS3ST3A1;HAS1;HS3ST3B1;UGDH;XYLT1;HEXA
prerank,Regulation Of Programmed Cell Death (GO:0043067),0.3358200404859613,1.1694871776144842,1.637168e-01,4.663038e-01,1.000000e+00,59/185,26.58%,OLFM4;ACTN2;ACTN3;CD3E;USP17L18;NTF3;CTSB;TNF;JAK3;CXCL10;FLT3;CLU;PEPD;ASAH1;FYN;PTPN6;BNIP3L;RIPK3;IKZF3;NTRK1;DAPK1;LGALS1;USP17L20;GAS1;USP17L12;ACTB;BCL3;USP17L11;LRRK2;ACTN1;BIRC7;FANK1;HIP1;USP17L15;BCL2L11;ALPK2;NAIP;AKT1S1;ACER2;USP17L22;OSGIN1;BEX1;USP17L7;CRYAB;USP17L6P;ZBTB7A;PLK5;TNFSF9;RAF1;BIRC3;FAS;PINK1;STAT1;MARK4;WFS1;RBM25;PLSCR3;ACER3;TNFRSF10B
prerank,Cellular Response To Interferon-Beta (GO:0035458),0.47461489573565774,1.169090633836084,2.684049e-01,4.667036e-01,1.000000e+00,4/19,9.44%,PYHIN1;IFITM2;MNDA;IRF1
prerank,Regulation Of Fibroblast Proliferation (GO:0048145),0.39537000372946385,1.1689797716866044,2.574257e-01,4.664450e-01,1.000000e+00,18/43,28.98%,CD300A;WNT2;CD74;NLRC3;FN1;EREG;FTH1;DDR2;CDKN1A;GAS6;PDGFRA;EMD;WNT5A;SKI;MED9;AQP1;SPHK1;PDGFC
prerank,Neural Tube Closure (GO:0001843),-0.3626545279958865,-1.1686501804017815,2.247557e-01,5.870940e-01,1.000000e+00,12/31,21.49%,LRP2;GRHL3;COBL;FOLR1;GRHL2;SCRIB;PRICKLE1;DVL1;STIL;MTHFD1;CELSR1;VANGL2
prerank,Regulation Of Mitochondrial Membrane Permeability (GO:0046902),-0.43339658710180445,-1.1682650919346895,2.437673e-01,5.863160e-01,1.000000e+00,3/17,7.88%,PMAIP1;CAMK2A;ARHGAP11B
prerank,Embryo Development Ending In Birth Or Egg Hatching (GO:0009792),-0.4265124094343628,-1.16772292525375,2.754821e-01,5.859573e-01,1.000000e+00,1/16,0.10%,SCEL
prerank,Positive Regulation Of Apoptotic Process (GO:0043065),0.32424944196996236,1.1662566982232039,1.632871e-01,4.717288e-01,1.000000e+00,66/259,19.01%,SNCA;TNFRSF10C;ANKRD1;BCL2A1;CCL3;GZMA;HTRA4;CTSS;FASLG;GADD45B;PTGIS;MNDA;EMILIN2;UBD;NLRC4;TNF;ADAMTSL4;TNFRSF8;CLU;CTSD;GRN;SFRP4;LILRB1;BNIP3L;BMP2;CTSL;NUPR1;IL6;IFIT2;STK17B;IRF5;DAPK1;CTSK;STK4;MCL1;LGALS1;APBB1;ARL6IP5;CYP1B1;FRZB;PRNP;BMF;CTSH;SMPD1;LATS2;BTG1;RYBP;CTLA4;MAP3K10;PYCARD;FOXL2;CALHM2;LGALS2;DCUN1D3;TNFAIP8;GADD45G;BCL6;FOXO1;ATG7;RASSF2;FANK1;FOXO3;TGFBR1;JUN;BIN1;BCL2L11
prerank,Positive Regulation Of JUN Kinase Activity (GO:0043507),0.4336910919517095,1.165729279316172,2.812052e-01,4.723147e-01,1.000000e+00,13/30,30.24%,CCL19;TNF;TLR9;TLR6;ERN1;MAP3K10;PAK1;MAP3K11;WNT5A;MAP3K5;TAOK3;PTPN1;MAP4K2
prerank,Regulation Of Granulocyte Chemotaxis (GO:0071622),0.46457062086180145,1.1653426662757365,2.550544e-01,4.726093e-01,1.000000e+00,7/19,6.18%,CCL5;MPP1;THBS1;CSF1R;CMKLR1;JAM3;BST1
prerank,Cellular Response To Transforming Growth Factor Beta Stimulus (GO:0071560),0.3591792632955424,1.16502857340386,2.165207e-01,4.727779e-01,1.000000e+00,38/91,25.86%,ANKRD1;ARRB2;WNT2;NRROS;TGFB1;FOS;LPXN;ZYX;ZFP36L2;PDE2A;LIMS1;ACVRL1;ENG;COL1A2;SOX6;TGFBR2;ZMIZ1;CLEC3B;ZFP36L1;CRKL;FURIN;LTBP2;MEF2C;TGFBR1;SMAD7;JUN;PXN;MAPK7;USP15;ADAM9;TGFBR3;GDF10;WNT5A;NR3C1;ITGB5;SKI;ITGB1;BAMBI
prerank,Protein Homooligomerization (GO:0051260),0.3472591362924121,1.1646521245797472,2.056075e-01,4.731275e-01,1.000000e+00,38/121,21.92%,ITLN1;NLRP3;PRF1;AQP10;ALOX5AP;GBP5;NINJ1;NLRC4;RYR1;MCOLN1;COMP;CLU;UPB1;B2M;NLRP1;HLA-G;MAT1A;PKD2L1;CARD11;SAMHD1;MLKL;SOD2;EHD1;CALHM1;NLRP6;JMJD6;PYCARD;TRIM72;KCNJ2;EHD4;HCN1;G3BP2;TMEM120A;EHD3;PKD2;SCARA5;ALDH1A2;TMEM70
prerank,Oligosaccharide Metabolic Process (GO:0009311),0.40908709323466685,1.164230529279859,2.473262e-01,4.735210e-01,1.000000e+00,18/41,19.81%,B4GALNT2;ST8SIA1;FUT7;GAL3ST4;GLA;NAGA;ST8SIA5;CTBS;MANBA;ST6GALNAC6;ST3GAL2;FUT4;ST3GAL6;B4GALT1;ST8SIA4;NEU1;IDUA;ST6GALNAC4
prerank,Protein Insertion Into Mitochondrial Membrane (GO:0051204),-0.3765978654753867,-1.1641050095537089,2.327869e-01,5.941857e-01,1.000000e+00,18/28,47.28%,TIMM8B;TIMM13;TOMM70;MTX2;TOMM40;MAIP1;TOMM20;ROMO1;HSPA4;MTCH2;TOMM7;SAMM50;MTX1;TIMM10;TIMM9;MOAP1;TOMM5;TIMM8A
prerank,Proteoglycan Biosynthetic Process (GO:0030166),0.43220815735620266,1.163147286311776,2.496372e-01,4.753155e-01,1.000000e+00,8/30,16.72%,CHST9;CHST11;HS3ST3B1;GAL3ST4;CSGALNACT2;UGDH;XYLT1;B3GAT1
prerank,Regulation Of Cholesterol Efflux (GO:0010874),0.4228290590787347,1.1611846597727775,2.717087e-01,4.790923e-01,1.000000e+00,16/31,26.12%,PLTP;CETP;TREM2;NFKBIA;APOE;LRP1;PPARG;NR1H3;ABCA7;ABCA2;RXRA;LAMTOR1;NR1H2;ABCA8;GPS2;TTC39B
prerank,Long-Chain fatty-acyl-CoA Biosynthetic Process (GO:0035338),0.48329209747023594,1.1610101699023028,2.924528e-01,4.789549e-01,1.000000e+00,4/16,12.99%,ACSL6;ACSL1;ACSL4;ELOVL7
prerank,Negative Regulation Of Nervous System Development (GO:0051961),0.46605746608350423,1.1592695060720775,2.773376e-01,4.821332e-01,1.000000e+00,7/18,13.42%,CCL11;TLR2;IL1B;TNF;B2M;IL6;SLIT1
prerank,Regulation Of Bone Mineralization (GO:0030500),0.3854151051441366,1.1590712673809354,2.388664e-01,4.820181e-01,1.000000e+00,21/54,19.80%,CCL3;SRGN;ALOX5;CCR1;BMP6;P2RX7;GREM1;S1PR1;BMP2K;BMP2;PTK2B;ANKH;ECM1;TMEM119;DDR2;ENPP1;MEF2C;OXSR1;SLC8A1;ATP2B1;TENT5A
prerank,Lysosomal Transport (GO:0007041),0.356750709723203,1.158479215141045,2.127921e-01,4.827527e-01,1.000000e+00,54/100,36.25%,CCL14;LAPTM5;DENND3;GRN;LRP1;ARSB;NCOA4;PSAP;HSPA1A;PLEKHF1;RILP;VAMP7;ARL8B;BIN1;GAK;EHD3;PXK;NPC1;LAMP1;VPS53;NAGPA;CHMP4A;CHMP1B;PINK1;MGRN1;FHIP1B;MTM1;CHMP5;RAB7A;SORL1;SCARB2;RHOB;ANKFY1;EPG5;PIK3C3;CLN3;VPS11;TRAK1;GGA3;RBSN;VPS39;GCC2;ATG14;VPS18;BECN1;AP1G1;ATP13A2;M6PR;SORT1;CHMP2A;WASH3P;VPS16;TSG101;LYSET
prerank,Regulation Of Cardiac Muscle Cell Contraction (GO:0086004),-0.3686504479222952,-1.1569678157820054,2.331288e-01,6.117854e-01,1.000000e+00,15/25,24.59%,DSP;SCN5A;DSG2;ANK2;CAV1;JUP;DSC2;ATP2A2;PKP2;RYR2;DLG1;FGF13;GJA5;SRI;CAMK2D
prerank,mRNA Catabolic Process (GO:0006402),0.40128566262147886,1.1560801823431228,2.513661e-01,4.875874e-01,1.000000e+00,12/42,23.29%,SLFN14;ZFP36;ZFP36L2;HSPA1B;HSPA1A;ERN1;RNH1;TUT7;DHX34;DCP2;AGO4;NUDT16
prerank,Regulation Of Actin Filament-Based Process (GO:0032970),0.3684459950889013,1.1560090126748785,2.428748e-01,4.872369e-01,1.000000e+00,25/70,22.72%,ODAM;IQGAP2;HCK;DMTN;CORO1A;BST1;RHOG;ARHGAP18;PRKCD;LRP1;EPHA5;FAM107A;CORO2B;PEAK3;SH3BP1;TWF2;PAK3;SIGLEC15;RHOA;TESK1;CNN2;ESAM;NEDD9;PAK1;ABRACL
prerank,Regulation Of Protein Transport (GO:0051223),0.42749212267431896,1.1556847045186642,2.740316e-01,4.874243e-01,1.000000e+00,12/27,30.71%,LCP1;TNF;STXBP5L;SAA1;PPM1F;RHBDF2;NDEL1;P3H1;DNAJC1;WWP2;PTPN1;SIRT6
prerank,Phosphatidylcholine Biosynthetic Process (GO:0006656),0.467225819415372,1.1553742210442295,2.746914e-01,4.875530e-01,1.000000e+00,7/18,26.21%,APOA2;PCYT1B;SLC44A4;SLC27A1;GPAT4;PCYT1A;CHKB
prerank,Mesonephric Tubule Development (GO:0072164),-0.4283742433616355,-1.15533294506702,2.710843e-01,6.145303e-01,1.000000e+00,3/15,5.19%,WNT11;LHX1;NPNT
prerank,Zymogen Activation (GO:0031638),0.3950345496014,1.1550399056705587,2.609309e-01,4.877910e-01,1.000000e+00,21/42,28.44%,THBD;CD5L;VSIR;NLRC4;LGMN;MASP1;CTSL;CYFIP2;CTSH;GRIN2A;FURIN;TBC1D10A;PLAU;CASP8;GGT1;PRSS12;C1R;PGK1;BAK1;CASP9;CIDEB
prerank,Regulation Of Cysteine-Type Endopeptidase Activity (GO:2000116),0.4502245675824867,1.1547015458772063,2.874251e-01,4.880114e-01,1.000000e+00,7/22,15.81%,MEFV;NLRP12;LTF;CST3;FYN;PSMB9;PYCARD
prerank,Response To Gamma Radiation (GO:0010332),-0.38812243498144616,-1.1546166044684352,2.653722e-01,6.146373e-01,1.000000e+00,14/22,35.90%,KDM1A;MAP3K20;TSPYL5;MYC;FANCD2;ATR;HSF1;MEN1;HRAS;WRN;YAP1;LIG4;RPL26;XRCC6
prerank,Kidney Development (GO:0001822),-0.31253956510725733,-1.1542383884768184,1.885965e-01,6.137804e-01,1.000000e+00,23/66,22.13%,BMP4;GREB1L;LHX1;CENPF;PCSK9;PROX1;SHH;PYGO1;REN;TFAP2B;SOX4;CYP4A11;HELLS;SIX1;CYP4A22;OSR2;TFAP2A;HNF1B;CEP290;VANGL2;STRA6;PYGO2;SALL1
prerank,Receptor Recycling (GO:0001881),-0.423020772838265,-1.1541719192684146,2.692308e-01,6.120280e-01,1.000000e+00,7/17,26.90%,REP15;LMTK2;PEX1;NSG1;PLEKHJ1;PEX5;PEX2
prerank,Regulation Of Heterotypic Cell-Cell Adhesion (GO:0034114),0.44425139390775936,1.1540449562925208,2.796992e-01,4.889962e-01,1.000000e+00,11/22,24.49%,IL1B;TNF;LCK;IL10;MYADM;THY1;IL1RN;FLOT1;MAPK7;SKAP1;FLOT2
prerank,Negative Regulation Of BMP Signaling Pathway (GO:0030514),0.4104520850165313,1.1533768192810732,2.786421e-01,4.899588e-01,1.000000e+00,21/36,26.29%,SOST;GREM1;RBPMS2;CHRDL2;NOG;CHRDL1;TNFAIP6;PPARG;FBN1;SKOR1;GPR155;HIPK2;SMAD7;BMPER;UBE2D1;CRIM1;NBL1;NOTCH1;FSTL3;SKI;UBE2D3
prerank,Regulation Of Secretion By Cell (GO:1903530),-0.3108645735760145,-1.1523120082298757,1.877729e-01,6.152864e-01,1.000000e+00,9/59,7.05%,RIMS2;HTR1A;LGI3;CHRNB4;SYT1;CPLX2;CPLX1;RALA;CAMK2A
prerank,Axon Guidance (GO:0007411),-0.27299732763142,-1.1521706740121334,1.709402e-01,6.136901e-01,1.000000e+00,27/141,13.25%,NELL1;PLEKHG4B;DPYSL5;CNTN1;RAC3;EPHA7;LHX1;IGSF9;DCC;EPHA4;PLEKHG4;SHH;SEMA6C;EFNB2;CNTN2;PLXNB3;LGI1;PTK2;EPHB3;NRXN1;ROBO3;TUBB3;SEMA3A;SEMA3C;SEMA3B;NFASC;NRCAM
prerank,Response To Acidic pH (GO:0010447),0.491857759193278,1.1515304320760025,2.928803e-01,4.934544e-01,1.000000e+00,4/15,10.39%,CTSS;GPR65;LGMN;PKD2L1
prerank,RNA Modification (GO:0009451),-0.3252948373449947,-1.1507272238716044,1.735537e-01,6.155724e-01,1.000000e+00,25/50,34.49%,PUS7;WDR4;MRM1;NSUN2;HNRNPAB;PUS7L;TRUB1;NAT10;METTL2B;SSB;PUS3;METTL1;MRM2;BCDIN3D;QTRT1;TSR3;ANKRD16;HENMT1;TRIT1;LCMT2;RBM15;METTL3;THG1L;AARS2;PARN
prerank,Cellular Response To Gamma Radiation (GO:0071480),-0.42409983338473023,-1.150507175132085,2.750716e-01,6.143277e-01,1.000000e+00,10/16,35.90%,KDM1A;MAP3K20;TSPYL5;ATR;HSF1;HRAS;WRN;YAP1;RPL26;XRCC6
prerank,Protein Deacetylation (GO:0006476),-0.343602524010168,-1.1504745771770444,2.101695e-01,6.125145e-01,1.000000e+00,6/39,13.67%,TBL1Y;SIRT4;HDAC9;MTA3;TBL1XR1;BRMS1L
prerank,Negative Regulation Of Endothelial Cell Proliferation (GO:0001937),0.4104726749824721,1.1501524081818013,2.869565e-01,4.959511e-01,1.000000e+00,10/32,12.94%,THBS1;ALOX5;CCL2;SPARC;APOE;RGCC;IL12B;SULF1;PPARG;FLT1
prerank,Epoxygenase P450 Pathway (GO:0019373),0.4826719249292616,1.1493287691415708,2.961165e-01,4.972112e-01,1.000000e+00,5/16,15.21%,CYP2F1;CYP2A13;CYP2B6;CYP1B1;CYP2C18
prerank,Glycerophospholipid Biosynthetic Process (GO:0046474),0.34444359594411045,1.149301834690279,2.280912e-01,4.967545e-01,1.000000e+00,44/107,27.44%,APOA2;PCYT1B;INPP5D;TPTE2;BMX;GPAT3;ALOX15;LIPC;AGPAT4;LPCAT2;FGF2;PLA2G4C;PLD2;SLC44A4;VAC14;MTMR14;MTMR6;INPP4A;INPP5K;SLC27A1;PLCG2;PI4KA;DGKG;MTMR3;PGS1;PIP5K1C;PTEN;MBOAT7;AGPAT1;PI4K2A;PITPNM1;FIG4;CDS2;SYNJ1;PIKFYVE;GPAT4;SFI1;INPP5J;PCYT1A;DGKZ;CHKB;DGKD;PLSCR1;MTM1
prerank,Calcium-Independent Cell-Cell Adhesion Via Plasma Membrane Cell-Adhesion Molecules (GO:0016338),-0.4340221557416791,-1.1486814924621882,2.566138e-01,6.155286e-01,1.000000e+00,4/15,5.77%,CLDN9;CLDN12;CLDN2;CLDN4
prerank,Nucleocytoplasmic Transport (GO:0006913),-0.32737828585577206,-1.148660843413587,2.433460e-01,6.136679e-01,1.000000e+00,30/48,41.55%,NPM1;XPO1;NDC1;NUP37;NUP35;NUP107;NUP205;RANGAP1;NUP160;RSRC1;HTATIP2;NUP42;NUP133;NUP93;MALT1;HNRNPA1;NUP155;LSG1;NUP188;RITA1;NUP85;AHCTF1;SEH1L;NUP88;ANP32A;UBE2I;TPR;NUP43;NUP214;POM121
prerank,Cellular Response To Nutrient Levels (GO:0031669),0.3616743524878458,1.1485731123057756,2.628285e-01,4.978755e-01,1.000000e+00,21/75,21.79%,MAP1LC3C;CD68;LCP1;MAP1LC3B;FAM107A;PRKAG2;UTS2;LRRK2;XBP1;TFEB;RIPOR1;WIPI1;PDK4;FOXO1;ATG7;PDK2;WDR45;FLCN;PPARD;GAS2L1;LAMP2
prerank,Chloride Transmembrane Transport (GO:1902476),0.3997684788210279,1.1480875201325131,2.711621e-01,4.984721e-01,1.000000e+00,6/40,10.92%,SLC4A1;GABRA5;ANO5;SLC1A3;GABRB2;GABRB3
prerank,Negative Regulation Of Vascular Associated Smooth Muscle Cell Proliferation (GO:1904706),0.4749243557287904,1.1480810183130854,3.015625e-01,4.979627e-01,1.000000e+00,12/17,25.90%,IL10;SOD2;CNN1;PPARG;EFEMP2;CDKN1A;MEF2C;TPM1;PTEN;CDKN1B;APLN;PDCD4
prerank,Endothelial Cell Proliferation (GO:0001935),0.47439620918845377,1.1467324642163745,2.941176e-01,5.003407e-01,1.000000e+00,7/16,19.35%,PROK2;HMOX1;LOXL2;ERN1;TEK;CD34;BMPER
prerank,Regulation Of Endothelial Cell Migration (GO:0010594),0.35863174272380965,1.1450113216447477,2.472460e-01,5.036115e-01,1.000000e+00,34/83,25.02%,ITGB3;FOXC2;THBS1;PIK3CG;PIK3CD;ADAMTS9;SPARC;GRN;APOE;GLUL;PTK2B;ACVRL1;PRCP;DCN;SH3BP1;FGF1;STC1;ETS1;FGF2;TEK;PLPP3;RHOJ;BMPER;SMOC2;GATA3;ANXA3;EGF;SLIT2;PIK3CB;ZC3H12A;RIN2;WNT5A;SP100;FOXP1
prerank,"RNA Splicing, Via Transesterification Reactions (GO:0000375)",-0.3770170219379932,-1.1446909066910882,2.524272e-01,6.228315e-01,1.000000e+00,13/24,42.77%,MPHOSPH10;GEMIN2;TXNL4A;SF3B4;SRSF10;SF3B3;LSM1;PRPF4;KHSRP;PRPF3;DBR1;DDX23;SNRNP40
prerank,Regulation Of Protein Binding (GO:0043393),0.3409473470662475,1.1445983272296818,2.251185e-01,5.040092e-01,1.000000e+00,24/113,15.85%,XIRP1;EFHB;DAB2;CARD16;TMC8;B2M;SLPI;BMP2;PRKCD;IFIT2;LRP1;ADD2;STK4;EPB41;CFHR1;BLK;VTN;LRPAP1;CAMK1;LRRK2;STING1;HFE;CDKN1A;TRIM21
prerank,Regulation Of Cardiac Muscle Contraction (GO:0055117),0.41445882353746144,1.144538948561623,2.820144e-01,5.036211e-01,1.000000e+00,15/33,23.24%,PDE4B;NKX2-5;PIK3CG;HCN4;SCN10A;STC1;PLN;RGS2;CALM3;SMAD7;SLC8A1;KCNQ1;P2RX4;PRKACA;ZC3H12A
prerank,Positive Regulation Of Mitotic Cell Cycle Phase Transition (GO:1901992),-0.3056115986143429,-1.143674529892743,1.957447e-01,6.237482e-01,1.000000e+00,27/61,25.24%,EGFR;UBE2C;PLCB1;CDCA5;ESPL1;CDC7;CDC20;CDK1;CCNB1;RRM2;HYAL1;CDC25A;NSMCE2;ANAPC7;STIL;LSM11;ANXA1;ANAPC11;DBF4B;SASS6;PHB2;CPSF3;CDC25C;CDC25B;RCC2;RRM1;TFDP1
prerank,Ephrin Receptor Signaling Pathway (GO:0048013),-0.32873836189434136,-1.1434929685049546,2.393822e-01,6.223281e-01,1.000000e+00,14/42,16.13%,NGEF;EPHA7;EPHA4;EFNB2;ARHGEF28;ANKS1B;PTK2;EPHB3;EPHB4;EPHA2;EPHA1;YES1;KALRN;EFNA5
prerank,Autonomic Nervous System Development (GO:0048483),-0.42864506731583907,-1.143151482908238,2.768817e-01,6.213231e-01,1.000000e+00,4/15,10.96%,NELL1;TFAP2B;SEMA3A;SOX4
prerank,Neuropeptide Signaling Pathway (GO:0007218),-0.3357586873005255,-1.1421398358021444,2.142857e-01,6.222395e-01,1.000000e+00,8/40,10.25%,PENK;NMU;GAL;GPR37;NXPH4;GLRB;OPRK1;PTGDR2
prerank,Axon Extension (GO:0048675),-0.38197939731278513,-1.1401043580553099,2.654321e-01,6.259925e-01,1.000000e+00,1/22,0.11%,NELL1
prerank,Negative Regulation Of Phosphate Metabolic Process (GO:0045936),0.45234631725961866,1.1396946686763645,3.087349e-01,5.138685e-01,1.000000e+00,9/20,22.48%,PLEK;CDA;CDKN2D;CDKN1A;INHBA;INPP5K;TESK1;CDKN1C;CDKN1B
prerank,Regulation Of Signal Transduction (GO:0009966),0.3286180842484463,1.1394610751544167,2.092511e-01,5.138952e-01,1.000000e+00,60/182,23.77%,MPIG6B;RASGRP4;NLRP12;MZB1;TIMP1;CD3E;SLC24A4;SLC8A2;MFNG;IGFBP5;BST1;IGFBP6;INPP5D;FFAR3;TREM2;CLU;SLC8A3;FYN;ALOX15;RGS9;FUT7;KCTD12;FRRS1L;IRAK2;GNG7;RGS6;CD177;CD36;GRK6;DOK5;GAS1;CD80;SULF1;PRNP;TSPYL2;ILK;LRRK2;RGS14;GLI1;RGS2;CX3CL1;CDC42SE2;RGS11;FUZ;UBASH3B;PXN;GIT2;GRK5;GATA3;GDNF;ZDHHC7;DTNBP1;GRK7;CD55;FGFR2;CD63;RGS16;IGFBP7;ANKRD54;UGCG
prerank,Macromolecule Biosynthetic Process (GO:0009059),-0.25965438587809003,-1.1391076048517421,1.485149e-01,6.268558e-01,1.000000e+00,93/177,37.67%,EEF1A2;MRPL13;POLD2;MRPL36;TERT;MRPS17;RPS21;RPS5;RPS29;MRPL14;RPS17;ST3GAL4;ZAR1;TYMS;FARSB;MRPS33;RPLP0;MRPL9;RPL12;RPS7;RPS4Y1;RPLP1;MRPL12;RPS19;MRPL51;MRPL42;RPS10;RPL35;GSPT2;MRPL35;RPL30;RPS3;YARS2;RPL27;RPL38;MRPS11;IGF2BP3;TSFM;RPS27A;RPS18;RPL8;POLD1;RPL36;RPL24;INHA;MRPS5;RPL4;RPS2;RPL31;RPL28;RPL37A;MRRF;RPL13A;RPL5;RPL6;MRPL37;RPL35A;MRPL11;RPS8;MRPS15;RPL7A;RPL18A;RPS3A;RPS20;RPS15A;MRPL3;GOLPH3;RPL17;RPSA;GAL3ST2;MRPS7;LARGE1;MRPL24;EIF4G1;DARS1;MRPS16;RPL7;RPL26;RPS24;COPS5;MRPS14;TUFM;RPL18;EIF5AL1;MRPS18B;RPL10A;EEF1G;RPL39;MRPL18;MRPS21;RPS15;RPL13;RPS25
prerank,Steroid Biosynthetic Process (GO:0006694),-0.3243735244925072,-1.1389485738185867,2.500000e-01,6.254208e-01,1.000000e+00,17/46,18.07%,HSD3B2;SQLE;HSD3B1;CYP51A1;MSMO1;AKR1C3;CYP7B1;AKR1C4;ACOX2;DHRS11;FDFT1;GUCY2C;SRD5A1;SLC27A5;CYP39A1;BAAT;AMACR
prerank,Inositol Lipid-Mediated Signaling (GO:0048017),0.4102366969701657,1.1380882223879951,3.009986e-01,5.163960e-01,1.000000e+00,9/32,17.39%,CSF1R;MUC5AC;PTAFR;PLCB2;FGFR1;GAB2;PLCD1;PLCG2;PI4KA
prerank,Protein K11-linked Ubiquitination (GO:0070979),-0.3533053206000814,-1.137795033234699,2.364217e-01,6.267812e-01,1.000000e+00,7/28,20.83%,UBE2S;UBE2C;UBE2T;ANAPC7;UBE2D4;RNF26;ANAPC11
prerank,Secondary Alcohol Biosynthetic Process (GO:1902653),-0.3750673181554742,-1.1377098864270003,2.666667e-01,6.251620e-01,1.000000e+00,13/24,32.87%,CYP51A1;MSMO1;TM7SF2;FDFT1;MVK;HSD17B7;HMGCR;HMGCS1;ARV1;NPC1L1;NSDHL;DHCR7;PMVK
prerank,Cellular Response To Hypoxia (GO:0071456),0.36703966881152744,1.137080085982522,2.704082e-01,5.180457e-01,1.000000e+00,21/69,25.42%,ADAM8;HMOX1;PTGIS;TGFB1;PTGS2;PLK3;SLC8A3;BNIP3L;RGCC;PPARG;ZFP36L1;STOX1;HIPK2;MGARP;NDNF;SIRT2;AQP3;NOTCH1;PINK1;EPAS1;PGK1
prerank,Regulation Of Collagen Biosynthetic Process (GO:0032965),0.4662186522311438,1.1369023832874494,3.114241e-01,5.179005e-01,1.000000e+00,8/18,16.70%,TGFB1;CIITA;VIM;RGCC;IL6;F2R;LARP6;RUNX1
prerank,Regulation Of Cytokine-Mediated Signaling Pathway (GO:0001959),0.3921621607216084,1.136544595050883,2.780822e-01,5.181357e-01,1.000000e+00,18/40,23.90%,PTPRC;CD74;IRAK3;PTPN6;IRAK2;TSLP;SYK;PYCARD;CYLD;TNFAIP3;GAS6;MAPKAPK2;CASP8;SPPL2A;CDC37;AXL;IKBKE;HIPK1
prerank,Carbohydrate Derivative Transport (GO:1901264),0.4681590070905723,1.1362113398320204,3.297381e-01,5.183193e-01,1.000000e+00,6/17,20.86%,PLTP;SLC15A3;SLC29A3;SLC25A19;NPC2;SLC15A4
prerank,Positive Regulation Of Epithelial Cell Proliferation (GO:0050679),0.34124365194356726,1.1359447593193086,2.438740e-01,5.183983e-01,1.000000e+00,28/116,14.92%,ODAM;ITGB3;JAML;C5AR1;FGF9;NOD2;CCL11;EGR3;CCL26;BMP6;TNF;PIK3CD;CCL24;NR4A3;PPP1R16B;TNFSF12;GRN;STAT5A;BMP2;VEGFC;NR4A1;CDH13;MMP12;ECM1;LRG1;FGF2;HMGB2;XBP1
prerank,Positive Regulation Of Ion Transmembrane Transporter Activity (GO:0032414),0.4103140933222536,1.1354531783893826,2.714487e-01,5.189790e-01,1.000000e+00,11/31,19.54%,ACTN2;CTSS;IFNG;CCL2;ATP1B2;CCR2;GLRX;STAC;DMD;NLGN3;ATP1B3
prerank,Glycogen Metabolic Process (GO:0005977),0.45924273073885785,1.134544736030318,3.096367e-01,5.204775e-01,1.000000e+00,4/18,15.87%,PYGM;GAA;PRKAG2;GYG2
prerank,Response To Epidermal Growth Factor (GO:0070849),0.4217241741048896,1.1339432822521367,2.696970e-01,5.213077e-01,1.000000e+00,10/29,22.19%,VIL1;ZFP36;ZFP36L2;STAT5B;MAPK1;ZFP36L1;DUSP3;INPP5K;MAPK3;SYAP1
prerank,Pulmonary Valve Morphogenesis (GO:0003184),-0.40431343588617746,-1.1339295019509439,2.750716e-01,6.336116e-01,1.000000e+00,7/18,23.33%,TBX20;BMP4;SMAD6;JAG1;STRA6;HEYL;GJA5
prerank,Negative Regulation Of Protein Kinase Activity (GO:0006469),0.3512502268373254,1.1320717608894284,2.628993e-01,5.251051e-01,1.000000e+00,30/86,22.57%,PTPRT;SNCA;PTPRC;IFNG;PTPRO;SH3BP5;LILRB4;PTPRR;SLC8A3;THY1;PRKAG2;PPM1F;DUSP3;CDKN1A;PYCARD;INPP5K;ADARB1;CORO1C;SLC8A1;WARS1;UBASH3B;TESK1;CDKN1C;GNAQ;AKT1S1;SMCR8;DUSP10;DTNBP1;CDKN1B;TRIB1
prerank,Negative Regulation Of Anoikis (GO:2000811),-0.41365025618672135,-1.1320407012771596,3.145161e-01,6.372114e-01,1.000000e+00,4/16,10.78%,CEACAM5;CEACAM6;PTK2;CAV1
prerank,Regulation Of DNA Metabolic Process (GO:0051052),-0.2711530854360597,-1.1318679903072404,1.319444e-01,6.358628e-01,1.000000e+00,57/124,39.89%,DSCC1;RADX;ESCO2;DEPDC1B;CCNA2;TOM1L1;GRHL2;PIF1;GMNN;CHRAC1;BRCA1;ORC5;PDGFA;UBE2V2;TAF2;UCHL5;TAF6;KAT2A;EID3;USP1;NSMCE2;TRRAP;POLE3;MYC;KPNA2;NFRKB;ZNF365;SMC6;ENY2;SMG5;SF3B3;NSMCE4A;ACTL6A;RBBP6;UBE2N;TAF7;SMC5;ORC3;PARG;INO80C;ING5;SMARCAD1;SMC3;TAF5;TAF6L;SLF1;OBI1;TAF4;SMG1;POLH;ALYREF;MCRS1;INO80;PPP2R1A;EHMT2;TMEM98;BARD1
prerank,Protein Localization To Cell Surface (GO:0034394),0.43073168623835956,1.1315481079262268,3.097983e-01,5.257547e-01,1.000000e+00,11/26,21.75%,FCN1;JAM3;FBLN5;FLNA;CD177;STX4;VCL;USP4;FGF10;GGA1;GGA2
prerank,Regulation Of Protein Autophosphorylation (GO:0031952),0.41711195021449315,1.1312886833231566,2.916667e-01,5.258130e-01,1.000000e+00,11/29,20.49%,NLRP12;MOB1B;ENG;PDGFD;GPNMB;ENPP1;NEK10;RASSF2;CALM3;TESK1;DDX3X
prerank,Regulation Of Synapse Assembly (GO:0051963),-0.3199545108943098,-1.1311403730256757,2.293907e-01,6.360610e-01,1.000000e+00,11/48,9.34%,WNT7A;SLITRK2;SLITRK3;IL1RAPL2;SLITRK5;CHRNB2;IL1RAPL1;NLGN1;RAB17;EPHB3;NRXN1
prerank,Regulation Of Protein Kinase B Signaling (GO:0051896),0.33610472319540324,1.1310349642937776,2.459397e-01,5.257959e-01,1.000000e+00,40/127,21.20%,OSM;P2RY12;CCL3;THBS1;ARRB2;PIK3R5;HPSE;CCL19;TNF;TGFB1;LEP;PIK3CG;PIK3CD;CASS4;CCR7;HLA-G;PTPRJ;FGFR1;HBEGF;ENG;CCL21;NTRK1;NTRK3;CHI3L1;SH2B3;FGF2;HCLS1;TEK;RAMP3;GAS6;INPP5K;TGFBR1;CX3CL1;HIP1;PTEN;FLCN;NTRK2;P2RX4;GATA3;EGF
prerank,Negative Regulation Of Insulin Receptor Signaling Pathway (GO:0046627),0.42542750711309607,1.131022333238871,3.101920e-01,5.252817e-01,1.000000e+00,8/26,17.08%,PRKCB;IL1B;PIP4K2A;PRKCD;PTPRE;SOCS1;ENPP1;INPP5K
prerank,Monoatomic Cation Transmembrane Transport (GO:0098655),-0.2516109518466904,-1.1307689512866606,1.076923e-01,6.351990e-01,1.000000e+00,55/259,12.30%,KCNK9;SLC6A11;SLC39A2;KCNB2;SLC6A3;NOX5;SLC24A2;SCNN1A;KCNQ3;KCNH7;ABCC8;KCNQ5;SLC24A5;KCNK3;ATP1B1;TRPM1;SLC30A8;HPN;ATP6V1B1;SLC29A4;KCNJ11;KCNA1;KCNS3;KCNQ4;KCNK10;SCN5A;KCNN2;KCNA10;KCNV1;KCND2;KCNH8;SLC39A4;KCNA7;SLC39A5;SCN3B;SLC12A2;SLC9A2;CNGB3;KCNS2;KCNK1;KCNH1;TRPC4;KCNK17;OTOP2;KCNJ8;HCN3;ATP5MF;SLC6A2;SLC9A4;MCOLN3;CACNA1D;SCN9A;RYR3;CNGA1;KCNH2
prerank,Autophagosome Maturation (GO:0097352),0.39849570609985746,1.129339452599726,2.932432e-01,5.286194e-01,1.000000e+00,21/42,36.03%,MAP1LC3C;RUBCNL;MAP1LC3B;VAMP7;SNAP29;LIX1L;LAMP2;CHMP4A;CHMP1B;CHMP5;EPG5;UVRAG;PIK3C3;CLN3;VCP;CALM1;BECN1;CHMP2A;VPS16;TSG101;VMP1
prerank,Calcium Ion Transmembrane Transport (GO:0070588),0.3508827641162692,1.1292880789485833,2.621723e-01,5.281783e-01,1.000000e+00,26/78,23.38%,CACNA1S;SLC24A4;SLC8A2;P2RX7;MCOLN1;TRPM2;CLU;SLC8A3;ATP2A1;ATP2A3;TRPV2;SLC24A3;MCOLN2;NALCN;GRIN2A;ORAI1;GAS6;GRIN2D;SLC8A1;ATP2B1;P2RX4;PKD2;SLC8B1;CACNA2D4;MCUB;CACNA2D1
prerank,Negative Regulation Of Cell Population Proliferation (GO:0008285),0.3087611223132947,1.1292031277857018,1.893861e-01,5.278410e-01,1.000000e+00,127/359,25.23%,OSM;CCL23;CXCL8;CD300A;TMIGD3;ADORA3;HMOX1;CD33;THBS1;IFNG;SIRPG;TNN;IL1B;IGFBP5;ST18;TGFB1;PIM2;AIF1;IGFBP6;TNFRSF8;GREM1;CDKN2D;BTG2;BTG4;ATF5;RUNX3;TREM2;APOD;CBFA2T3;B2M;NLRC3;SFRP4;APOE;PTPN6;FABP6;BMP2;IRF1;PTPRJ;IL10;PTK2B;RGCC;NUPR1;OPRM1;IL6;FBLN1;ACVRL1;ADAMTS1;EREG;KAT2B;LYN;H2AC6;CDH13;NTRK1;NOG;IL12B;HSPA1B;SOD2;IFITM1;FTH1;CYP1B1;PPARG;HSPA1A;FOXO4;FOXP3;FRZB;F2R;SH2B3;ETS1;MN1;GPNMB;PDPN;BTG1;IFNK;CDKN1A;CEBPA;INHBA;PTHLH;CXCL1;TNFAIP3;TP53INP1;CD200;TESC;IFIT3;PODN;TP73;ADARB1;IFI35;PTEN;WARS1;TENM1;FUZ;ANG;TP53I11;FLCN;SLC16A2;AKR1B1;CDKN1C;TMEM127;TBX3;GATA3;PKD2;JAK2;MMRN2;CLMN;ALDH1A2;DUSP10;TGFBR3;PAK1;CDKN1B;TRIB1;PPARGC1A;DRD2;EMD;NOS3;ZBTB17;IGFBP7;RAF1;WNT5A;RERG;P3H1;NOTCH1;SMARCA2;GATA2;PTGIR;SKI;PLG;TINF2
prerank,Regulation Of Telomere Maintenance In Response To DNA Damage (GO:1904505),-0.4234568364425185,-1.129084485101746,2.784091e-01,6.379413e-01,1.000000e+00,11/15,48.57%,UCHL5;NFRKB;INO80C;MCRS1;INO80;RTEL1;ACTR5;INO80E;YY1;INO80B;TFPT
prerank,Protein Polymerization (GO:0051258),0.36350160480942967,1.128535898664884,2.790091e-01,5.288240e-01,1.000000e+00,13/61,12.78%,CASQ1;WAS;PREX1;VIL1;CATIP;PSTPIP1;ARHGAP6;CASQ2;CORO7;PSTPIP2;GAS7;TPPP3;FAM107A
prerank,Positive Regulation Of Peptidase Activity (GO:0010952),0.42859723882560447,1.128352645175525,2.899576e-01,5.287264e-01,1.000000e+00,8/25,15.12%,SERPINB3;CTSS;VSIR;GRN;CTSL;CTSK;CTSH;APH1B
prerank,Activation Of Protein Kinase Activity (GO:0032147),0.35253034952333445,1.1278990524408123,2.616580e-01,5.291745e-01,1.000000e+00,16/78,14.08%,ITGB3;SLC11A1;CD86;NTF3;LEP;CALCA;RIPK3;PTK2B;ADRA2B;PRKCD;STRADB;NTRK3;TGFBR2;TLR6;FGF1;CHI3L1
prerank,Positive Regulation Of Collagen Metabolic Process (GO:0010714),0.4698562603612929,1.1273360553454135,3.113208e-01,5.299305e-01,1.000000e+00,7/16,16.70%,VSIR;TGFB1;VIM;RGCC;F2R;LARP6;RUNX1
prerank,"Retrograde Transport, Endosome To Golgi (GO:0042147)",0.35242898634165404,1.1272817917196891,2.597561e-01,5.295275e-01,1.000000e+00,45/89,35.55%,RCSD1;TBC1D10C;DENND5A;WIPF3;RAB6B;TBC1D17;TBC1D14;SNX2;RAB43;TBC1D10A;TBC1D10B;VAMP3;GGA1;EHD3;WASHC2C;CLN5;SPAG9;RAB29;VPS53;STX10;PIKFYVE;RAB6D;RIC1;VTI1A;SNX6;RAB7A;SNX8;BET1L;WASHC2A;SLC66A2;BAIAP3;EVI5;RBSN;TRAPPC10;GCC2;TBC1D5;RAB9A;STX5;WASH2P;STX6;WASHC1;SGSM2;SNX1;WASH3P;RGP1
prerank,Inorganic Cation Transmembrane Transport (GO:0098662),-0.2511731893534228,-1.1264084605454887,1.379310e-01,6.434352e-01,1.000000e+00,54/256,12.30%,KCNK9;SLC6A11;SLC39A2;RHCG;KCNB2;SLC6A3;HTR3A;NOX5;SLC24A2;SCNN1A;KCNQ3;KCNH7;ABCC8;KCNQ5;SLC24A5;KCNK3;ATP1B1;TRPM1;SLC30A8;HPN;ATP6V1B1;KCNJ11;KCNA1;KCNS3;KCNQ4;KCNK10;SCN5A;KCNN2;KCNA10;KCNV1;KCND2;KCNH8;SLC39A4;KCNA7;SLC39A5;SCN3B;SLC12A2;SLC9A2;KCNS2;KCNK1;KCNH1;TRPC4;KCNK17;OTOP2;KCNJ8;HCN3;ATP5MF;SLC6A2;SLC9A4;MCOLN3;CACNA1D;SCN9A;RYR3;KCNH2
prerank,Regulation Of Voltage-Gated Calcium Channel Activity (GO:1901385),0.4207494512455517,1.1256503779652343,3.056836e-01,5.326754e-01,1.000000e+00,5/25,16.84%,STAC2;PDE4B;CABP5;STAC;DMD
prerank,Metal Ion Transport (GO:0030001),-0.258221623564254,-1.1254086531346394,1.621622e-01,6.444118e-01,1.000000e+00,41/155,15.28%,LRP2;KCNK9;SCN1A;KCNB2;KCNK3;KCNA1;KCNS3;KCNQ4;SLC34A1;CHRNB2;SCN5A;KCNN2;KCNA10;KCNV1;CAMK2A;NIPAL4;SCN3B;SCN3A;NIPAL2;NIPAL1;KCNS2;KCNJ6;KCNK1;KCNH1;TRPC4;CATSPER3;KCNK17;KCNJ8;CAV1;KCNMB4;CACNA1D;SCN9A;RYR3;PSEN2;KCND3;KCNK5;NDFIP2;SCNN1G;KCNMB3;SLC5A1;NDUFA9
prerank,Actin Cytoskeleton Reorganization (GO:0031532),0.37190268846916164,1.1245536150939839,2.806789e-01,5.345885e-01,1.000000e+00,21/53,23.95%,PLEK;PARVG;DMTN;CASS4;S1PR1;PARVB;S1PR2;FLNA;GRB2;PHACTR1;SIPA1L1;ASB2;RHOA;MYH9;FGF10;MINK1;NEDD9;PAK1;DTNBP1;PDLIM4;NPHS2
prerank,Regulation Of Defense Response To Virus By Host (GO:0050691),0.40236868353021404,1.1242583296249848,3.069444e-01,5.347479e-01,1.000000e+00,10/36,16.61%,IL12RB1;PTPN22;APOBEC3G;LILRB1;IL12B;APOBEC3F;MICB;TRIM22;STING1;TNFAIP3
prerank,Cardiac Ventricle Morphogenesis (GO:0003208),0.39159758070222994,1.1237231627107662,2.859195e-01,5.353875e-01,1.000000e+00,18/38,22.90%,MYL2;MYH7;MYL3;TGFB1;MYBPC3;TNNC1;ENG;FOXF1;RBPJ;TGFBR2;MEF2C;MYH6;SMAD7;TPM1;GATA3;ISL1;TGFBR3;FGFR2
prerank,Growth Hormone Receptor Signaling Pathway (GO:0060396),0.45328015359882473,1.1236779710750835,3.311793e-01,5.349550e-01,1.000000e+00,10/17,23.56%,JAK3;STAT5A;GH2;LYN;STAT5B;PIK3R1;CSHL1;PXN;JAK2;STAT6
prerank,Regulation Of Brown Fat Cell Differentiation (GO:0090335),0.47237100311014113,1.1235400440634924,3.427673e-01,5.347291e-01,1.000000e+00,5/15,13.88%,LEP;PTGS2;METRNL;PIM1;TFE3
prerank,Response To Endoplasmic Reticulum Stress (GO:0034976),0.3363622036357283,1.123447963956441,2.643541e-01,5.343884e-01,1.000000e+00,38/109,27.86%,CXCL8;THBS1;CEBPB;ALOX15;ATP2A1;ATP2A3;HERPUD1;NIBAN1;PPP1R15A;ERN2;ERN1;XBP1;CASP4;SEL1L;CREB3L3;PIK3R1;ITPR1;JUN;RHBDD1;BCL2L11;BBC3;FLOT1;SELENOK;RASGRF2;UBXN6;ATF3;FICD;DNAJB9;RNF185;TMEM259;MAP3K5;WFS1;QRICH1;BAK1;TNFRSF10B;RNF5;OS9;CREB3L1
prerank,Protein Localization To Cell Junction (GO:1902414),-0.3779281987103058,-1.1231301299070635,2.612613e-01,6.490092e-01,1.000000e+00,8/23,13.27%,DSP;BSN;NECTIN1;PCLO;NLGN1;TJP2;MARVELD3;TJP1
prerank,Wound Healing (GO:0042060),0.3575812105926422,1.1228503779310022,2.790698e-01,5.352388e-01,1.000000e+00,25/75,18.75%,ODAM;ITGB3;SLC11A1;MYOZ1;JAML;HMOX1;HPSE;EREG;PRCP;MMP12;NOG;LRG1;SYT11;FGF1;ANXA6;SMPD1;FGF2;PLPP3;TRIM72;FZD7;TGFBR1;MYH9;ARL8B;TPM1;FGF10
prerank,Protein Import Into Mitochondrial Matrix (GO:0030150),-0.4012865944469842,-1.1226395556615842,2.891566e-01,6.485003e-01,1.000000e+00,9/18,24.44%,TOMM20L;DNAJC19;TOMM70;GRPEL2;PAM16;TOMM40;TIMM21;TOMM20;ROMO1
prerank,Regulation Of Dendritic Spine Morphogenesis (GO:0061001),-0.35844980812576793,-1.1212661659769958,2.712418e-01,6.505945e-01,1.000000e+00,6/30,7.44%,CAMK2B;KIF1A;NGEF;ZDHHC15;EPHA4;NLGN1
prerank,Negative Regulation Of G2/M Transition Of Mitotic Cell Cycle (GO:0010972),-0.36251178934505657,-1.1208394684157663,2.597865e-01,6.499619e-01,1.000000e+00,11/27,28.38%,CHMP4C;CHEK1;DEPDC1B;RBBP8;BRCA1;NABP2;RAD50;PINX1;MRE11;AURKB;AVEN
prerank,Regulation Of Autophagosome Maturation (GO:1901096),0.48272146034720526,1.1206906517046946,3.101777e-01,5.395458e-01,1.000000e+00,9/15,33.40%,TOM1;SMCR8;TBC1D25;PHF23;RUBCN;CALCOCO2;UVRAG;CLN3;FYCO1
prerank,Regulation Of Double-Strand Break Repair (GO:2000779),-0.28916969330276543,-1.120564214118941,1.912568e-01,6.489197e-01,1.000000e+00,25/85,25.77%,FOXM1;CHEK1;RAD51AP1;FIGNL1;BRD7;TIMELESS;DDX11;RAD51;KDM1A;UBE2V2;YEATS4;SMARCA4;TRRAP;SPIRE2;SMARCD2;SPIDR;BCL7A;ATR;DEK;ARID2;UBR5;VPS72;PPP4R3B;ZNF365;POT1
prerank,Ameboidal-Type Cell Migration (GO:0001667),0.4591242989935006,1.1205509291453692,3.259843e-01,5.392971e-01,1.000000e+00,4/18,10.27%,GPC3;ITGB7;ITGA4;TNS1
prerank,Retinoid Metabolic Process (GO:0001523),-0.329178723316857,-1.12033047703813,2.857143e-01,6.476598e-01,1.000000e+00,8/37,10.95%,LRP2;SDR16C5;BCO1;CYP27C1;ALDH1A3;AKR1C3;NAPEPLD;AKR1C4
prerank,Regulation Of Cytoskeleton Organization (GO:0051493),0.33470871328555035,1.1188622066780525,2.657343e-01,5.426437e-01,1.000000e+00,28/113,17.07%,ODAM;IQGAP2;FRMPD2;HCK;DMTN;CORO1A;P2RX7;BST1;RHOG;SPATA4;ARHGAP18;MAP6;PRKCD;LRP1;EPHA5;FAM107A;CORO2B;PEAK3;SH3BP1;MAPK1;SPEF1;TWF2;PAK3;SORBS3;CLIC4;CYLD;SIGLEC15;RHOA
prerank,Positive Regulation Of Cholesterol Transport (GO:0032376),0.4144325998666128,1.118746456199289,3.139535e-01,5.423846e-01,1.000000e+00,13/28,25.18%,PLTP;CETP;TREM2;NFKBIA;APOE;LRP1;PPARG;NR1H3;ABCA7;RXRA;NR1H2;ABCA8;GPS2
prerank,Negative Regulation Of Macromolecule Biosynthetic Process (GO:0010558),0.3434644305386651,1.118463294268588,2.795031e-01,5.424812e-01,1.000000e+00,9/91,9.88%,PF4;PRG3;ANKRD1;GZMB;IGFBP5;TGFB1;BTG2;PATL2;IL10
prerank,intra-Golgi Vesicle-Mediated Transport (GO:0006891),0.4028958411251724,1.1184288082677563,3.052039e-01,5.420045e-01,1.000000e+00,6/33,18.22%,TRAPPC3L;RAB6B;NAPA;COPZ2;RAB43;GABARAPL2
prerank,Positive Regulation Of Granulocyte Chemotaxis (GO:0071624),0.44559162735968677,1.1174198321310211,3.464448e-01,5.437624e-01,1.000000e+00,8/20,11.52%,CXCL8;RAC2;RIPOR2;CD74;CCL19;NCKAP1L;CCR7;CCL21
prerank,Negative Regulation Of Cell Motility (GO:2000146),0.33236786309912875,1.1163537101421848,2.686391e-01,5.455872e-01,1.000000e+00,45/130,21.71%,PTPRT;TMIGD3;ADORA3;WAS;DNAI3;SERPINE1;SPOCK3;EMILIN2;IGFBP5;CD74;MCTP1;PTPRJ;RECK;FBLN1;ENG;NOG;IFITM1;SULF1;CYP1B1;DPEP1;THY1;ARHGAP4;STC1;MITF;DUSP3;CLIC4;VCL;TP53INP1;PODN;ADARB1;FOXO3;SMAD7;CX3CL1;TPM1;PTEN;SRGAP3;FUZ;LDLRAD4;CDH11;FLCN;SAP30;GATA3;MMRN2;NEDD9;DUSP10
prerank,Canonical Wnt Signaling Pathway (GO:0060070),-0.3015949288078535,-1.1161666949437834,2.374429e-01,6.577723e-01,1.000000e+00,14/60,14.13%,WNT7A;WNT11;WNT16;WNT3;WNT7B;FZD6;FZD9;LRP6;CAV1;FZD8;LRP5;SFRP1;JUP;DVL1
prerank,Embryonic Skeletal System Morphogenesis (GO:0048704),-0.355300851529516,-1.1159311218176111,2.806452e-01,6.567327e-01,1.000000e+00,8/30,17.88%,HOXC9;HOXC4;HOXA9;HOXB3;SIX1;OSR2;TFAP2A;SOX11
prerank,Positive Regulation Of TOR Signaling (GO:0032008),0.3799821365530025,1.1151006631804643,2.862903e-01,5.478485e-01,1.000000e+00,13/45,22.05%,LEP;NCKAP1L;TREM2;GPR137B;CASTOR1;SESN2;GAS6;SIK3;OTUD5;FLCN;SMCR8;HTR6;LAMTOR1
prerank,Cell Projection Organization (GO:0030030),0.44068252982757283,1.115011112864471,3.451464e-01,5.475574e-01,1.000000e+00,6/20,12.65%,P2RY12;PLEK;PARVG;NCKAP1L;PARVB;CYFIP2
prerank,Neural Crest Cell Development (GO:0014032),-0.3306962364226152,-1.1148312340635416,2.595420e-01,6.580458e-01,1.000000e+00,11/42,18.95%,NELL1;ERBB4;SHH;SEMA6C;SEMA3A;SEMA3C;SEMA3B;RADIL;PDCD6;SEMA6D;SEMA4B
prerank,Long-Chain Fatty Acid Metabolic Process (GO:0001676),0.3512841165798618,1.1145707046754363,2.934363e-01,5.480827e-01,1.000000e+00,14/74,14.71%,GSTA1;ACSL6;ALOX5;GSTM2;GSTM4;ALOX15;ACSL1;ALOX12;ACSL4;GPX1;CYP1B1;CYP4F11;SLC27A2;PLA2G4C
prerank,Regulation Of Anoikis (GO:2000209),-0.3783644424984015,-1.1142707827308058,2.679128e-01,6.576398e-01,1.000000e+00,4/21,10.78%,CEACAM5;CEACAM6;PTK2;CAV1
prerank,Protein Acetylation (GO:0006473),-0.3579513128683142,-1.1135221482000646,3.198653e-01,6.578061e-01,1.000000e+00,8/27,21.33%,MAPT;DSCC1;ESCO2;NAA50;NAT10;CLOCK;NAA20;NAA16
prerank,Regulation Of Sodium Ion Transmembrane Transporter Activity (GO:2000649),0.39906962630514886,1.1127126583588733,3.290230e-01,5.516551e-01,1.000000e+00,12/33,20.03%,FGF14;FXYD5;FXYD6;GLRX;SCN2B;YWHAH;SCN1B;FXYD2;HECW1;DMD;OXSR1;NETO1
prerank,Detection Of Visible Light (GO:0009584),0.47962875727075377,1.112698144800708,3.474026e-01,5.511328e-01,1.000000e+00,7/15,22.63%,GNAT1;RP1;GRM6;PDE6B;GNAQ;GNAT2;CACNA2D4
prerank,Regulation Of Centriole Replication (GO:0046599),-0.40459313361920884,-1.112021121420328,3.046875e-01,6.601007e-01,1.000000e+00,9/16,25.09%,BRCA1;PLK4;CEP295;NPM1;SPICE1;KAT2A;STIL;SASS6;TRIM37
prerank,Positive Regulation Of Axonogenesis (GO:0050772),0.391162199216733,1.1117262952475073,3.121547e-01,5.527777e-01,1.000000e+00,12/37,22.43%,NTN1;SEMA4D;MAP6;PLXNC1;PLXND1;ISLR2;SLITRK1;TWF2;TIAM2;SEMA7A;NTRK2;SLIT2
prerank,Heart Morphogenesis (GO:0003007),0.3633443265634812,1.1115177482064997,3.089214e-01,5.527024e-01,1.000000e+00,18/57,21.85%,ANKRD1;TCAP;TTN;NKX2-5;MYLK2;MYBPC3;BMP2;ACVRL1;ENG;NOG;SOX17;TGFBR1;SYNPO2L;ALPK2;TBX3;ZFPM1;ISL1;TGFBR3
prerank,cAMP-mediated Signaling (GO:0019933),-0.36970221908704903,-1.1112163461833513,2.707182e-01,6.603437e-01,1.000000e+00,7/24,15.59%,GAL;ADGRG6;PRSS8;ADCYAP1;SOX9;AKAP6;ADCY2
prerank,Positive Regulation Of Transcription By RNA Polymerase I (GO:0045943),-0.3390394660704643,-1.1109750740444528,2.660256e-01,6.592050e-01,1.000000e+00,19/31,44.36%,DDX11;WDR43;SMARCA4;WDR75;NOL11;DEK;BAZ1B;HEATR1;IPPK;PWP1;MYBBP1A;MTOR;UTP15;LYAR;DDX21;ERCC6;ASIC2;PIH1D1;MARS1
prerank,Activation Of Cysteine-Type Endopeptidase Activity Involved In Apoptotic Process (GO:0006919),0.360195058771011,1.1108923255797425,3.041237e-01,5.536297e-01,1.000000e+00,16/65,16.53%,SNCA;KHDC1L;NLRP12;FASLG;LAPTM5;NLRC4;TNF;LCK;NLRP1;ATP2A3;CARD8;PPARG;F2R;PYCARD;BEX3;CASP10
prerank,Aortic Valve Development (GO:0003176),0.3856143127256457,1.1099884561322384,3.113855e-01,5.551796e-01,1.000000e+00,16/38,25.64%,TNFRSF1B;TGFB1;NKX2-5;SNAI1;BMP2;NFATC1;RBPJ;TGFBR2;SLIT1;TNFRSF1A;GATA3;SLIT2;NOS3;EMILIN1;NOTCH1;RB1
prerank,Neuron Migration (GO:0001764),-0.3089308936724832,-1.1095900947651525,2.377049e-01,6.614517e-01,1.000000e+00,10/50,16.06%,NELL1;ASTN1;KIAA0319;DCDC2;DCC;SEMA3A;MARK1;NRCAM;PEX13;ASTN2
prerank,Positive Regulation Of Defense Response To Virus By Host (GO:0002230),0.420619726258266,1.109458654440929,3.391557e-01,5.558369e-01,1.000000e+00,8/27,15.54%,IL12RB1;PTPN22;APOBEC3G;LILRB1;IL12B;APOBEC3F;TRIM22;STING1
prerank,Secretory Granule Organization (GO:0033363),0.42215255477717195,1.1088248003428074,3.214815e-01,5.567208e-01,1.000000e+00,12/25,31.00%,SRGN;AP1S2;F2R;AP1B1;HPS1;AP1M1;DTNBP1;HPS5;BLOC1S1;LYST;F2RL3;BLOC1S2
prerank,Regulation Of Vascular Endothelial Growth Factor Receptor Signaling Pathway (GO:0030947),0.42747368741061537,1.1085429385086878,3.418675e-01,5.568093e-01,1.000000e+00,5/22,9.15%,ITGB3;PRKCB;IL1B;ITGA5;HHEX
prerank,Cellular Response To Nerve Growth Factor Stimulus (GO:1990090),0.44779460183987696,1.1076441573858864,3.570275e-01,5.582804e-01,1.000000e+00,7/19,20.31%,NTF3;RAPGEF1;NTRK1;NTRK3;EHD1;RAP1A;NTRK2
prerank,Regulation Of Nervous System Process (GO:0031644),0.46191814520159447,1.1074022089647297,3.385335e-01,5.582893e-01,1.000000e+00,4/17,8.48%,SLC8A2;DLGAP2;TYMP;SLC8A3
prerank,Regulation Of Extrinsic Apoptotic Signaling Pathway Via Death Domain Receptors (GO:1902041),0.3980453563883385,1.1065562937639477,3.216885e-01,5.596107e-01,1.000000e+00,15/30,25.66%,HMOX1;THBS1;SERPINE1;TMC8;GPX1;STX4;TMBIM1;ICAM1;TNFAIP3;PEA15;CFLAR;DDX3X;NOS3;SP100;RFFL
prerank,Negative Regulation Of Protein Tyrosine Kinase Activity (GO:0061099),0.4395657385924008,1.106373158433379,3.380282e-01,5.595030e-01,1.000000e+00,6/23,13.57%,PTPRC;SH3BP5;LILRB4;ZFYVE28;CBLB;THY1
prerank,"mRNA Splicing, Via Spliceosome (GO:0000398)",-0.2436407141535308,-1.1063689956097704,2.234043e-01,6.688227e-01,1.000000e+00,84/205,39.48%,SRPK3;LSM5;BUD31;MAGOHB;SNRPG;SNRPD1;SNRPF;GCFC2;SNRPE;SF3B6;STRAP;LSM4;SRPK2;PABPC1;PPIL1;TGS1;DDX1;SRPK1;SNRNP27;GEMIN6;SYNCRIP;CWC27;RBM8A;PUF60;GEMIN2;USP39;RBM19;PNN;TXNL4A;SF3B4;SRSF10;PRPF19;SNRPA1;LSM7;HTATSF1;RSRC1;NCBP1;COIL;PPIH;DHX35;PRPF31;SF3B3;RBM41;HNRNPR;HNRNPA3;TRA2A;PRPF40B;HNRNPA1;DCPS;CENATAC;U2AF1;HSPA8;CWC15;SNRPB;TSSC4;PRPF4;U2AF2;MTREX;GEMIN5;CDK13;GEMIN7;METTL3;DDX39A;SNRPB2;PRPF40A;SMN1;RBMX2;SRSF9;PRMT7;CLNS1A;RBM17;SNRNP200;ZCCHC8;DDX46;RNPS1;HNRNPC;SART3;PRPF3;SNRPA;LSM3;SRSF12;SNRNP35;PHF5A;DBR1
prerank,Negative Regulation Of Cellular Response To Insulin Stimulus (GO:1900077),0.41515857197515027,1.1059089480310484,3.358098e-01,5.600263e-01,1.000000e+00,8/27,17.08%,PRKCB;IL1B;PIP4K2A;PRKCD;PTPRE;SOCS1;ENPP1;INPP5K
prerank,Nucleic Acid Phosphodiester Bond Hydrolysis (GO:0090305),0.42632987248726606,1.105458478172064,3.294461e-01,5.605046e-01,1.000000e+00,4/23,7.83%,RNASE2;RNASE6;RNASE1;ANKLE1
prerank,Negative Regulation Of Cell Cycle G1/S Phase Transition (GO:1902807),0.3981123575778958,1.1049817675773745,3.166904e-01,5.610968e-01,1.000000e+00,11/34,18.67%,GFI1B;CCL2;FHL1;APBB1;FAM107A;GPNMB;CDKN1A;INHBA;DCUN1D3;SLFN11;PTEN
prerank,Regulation Of Glycolytic Process (GO:0006110),0.3922333684038646,1.1048126254654145,3.113343e-01,5.609666e-01,1.000000e+00,7/38,14.41%,IFNG;P2RX7;CBFA2T3;NUPR1;SLC2A6;FBP1;PRKAG2
prerank,Primary Neural Tube Formation (GO:0014020),-0.3546538738092103,-1.104797387707164,2.903226e-01,6.714917e-01,1.000000e+00,6/27,10.20%,LRP2;GRHL3;COBL;GRHL2;SCRIB;PRICKLE1
prerank,Positive Regulation Of Monooxygenase Activity (GO:0032770),0.42442579642845296,1.1045883892080344,3.507692e-01,5.609328e-01,1.000000e+00,10/23,24.33%,IFNG;IL1B;TNF;APOE;FCER2;GCH1;GDNF;ATP7A;PIK3CB;CDH3
prerank,Regulation Of Autophagosome Assembly (GO:2000785),0.3892201430255885,1.1043039490978157,3.208054e-01,5.610470e-01,1.000000e+00,15/38,29.29%,PIP4K2A;NUPR1;SNX18;LRRK2;TBC1D14;WIPI1;MTMR3;WDR45;SMCR8;PHF23;PIKFYVE;PINK1;MTM1;RAB1B;RALB
prerank,Epithelial To Mesenchymal Transition (GO:0001837),0.3759024334858597,1.104284150677456,3.226667e-01,5.605387e-01,1.000000e+00,17/46,27.02%,EOMES;TGFB1;SNAI1;BMP2;LIMS1;FGFR1;NOG;LOXL2;RBPJ;TGFBR1;TBX3;TGFBR3;LOXL3;WNT5A;NOTCH1;HGF;DDX17
prerank,Positive Regulation Of mRNA Catabolic Process (GO:0061014),0.3796167986345426,1.1040630754152925,3.188811e-01,5.604784e-01,1.000000e+00,7/42,14.52%,ZFP36;RBM24;BTG2;ZFP36L2;GTPBP1;PRR5L;ZFP36L1
prerank,Glycolipid Metabolic Process (GO:0006664),0.40631335207515445,1.1037924410962787,3.423680e-01,5.605500e-01,1.000000e+00,15/30,23.77%,FUCA1;GBGT1;GM2A;NAGA;GALC;SMPD1;ST6GALNAC6;ST3GAL2;ST3GAL6;GLB1;CERK;ST6GALNAC4;SCCPDH;SUMF1;UGCG
prerank,Cellular Response To Oxidative Stress (GO:0034599),0.32929948318100577,1.103440437878051,2.958237e-01,5.607941e-01,1.000000e+00,35/115,21.73%,SNCA;NCF1;HMOX1;MMP9;AIF1;FOS;ZFP36L2;PRKCD;GPX1;PRR5L;DAPK1;STX4;ALDH3B1;HSPA1B;SOD2;MGAT3;MPV17L;HSPA1A;MAPK1;SESN2;LRRK2;ANKRD2;MSRA;STX2;FOXO1;FOXO3;JUN;TPM1;PDK2;PXN;MAPK3;UCP1;PKD2;SIRT2;PDGFRA
prerank,Response To Peptide Hormone (GO:0043434),0.3764299622666961,1.10262347213272,3.257373e-01,5.621708e-01,1.000000e+00,11/46,17.18%,SLC24A4;STAT4;CYP11B1;IGFBP5;LEP;STAT5A;CYP11A1;STAT5B;ZFP36L1;XBP1;SLC27A1
prerank,Embryonic Digit Morphogenesis (GO:0042733),-0.4044017738083536,-1.102601764207758,3.323442e-01,6.759343e-01,1.000000e+00,10/17,30.64%,WNT7A;SHH;MAP3K20;OSR2;INTU;WDPCP;SALL1;GLI3;HDAC2;MSX1
prerank,Sphingolipid Metabolic Process (GO:0006665),-0.2802734873167071,-1.1012841429163487,2.564103e-01,6.780455e-01,1.000000e+00,16/89,11.61%,CERS3;FUT3;UGT8;FUT5;ALOX12B;FUT6;DEGS2;ELOVL6;ALDH3B2;FA2H;SPTSSA;HACD3;ELOVL4;PRKD1;SPTSSB;ASAH2
prerank,O-glycan Processing (GO:0016266),-0.32722289698000584,-1.1011506954602426,3.294574e-01,6.765359e-01,1.000000e+00,7/40,11.89%,GCNT3;B3GNT3;GALNT14;GALNT13;GALNT12;GALNT3;C1GALT1C1L
prerank,Bile Acid Biosynthetic Process (GO:0006699),-0.36457093712319,-1.1004937638934638,3.051771e-01,6.765846e-01,1.000000e+00,10/22,26.17%,CYP7B1;AKR1C4;ACOX2;SLC27A5;CYP39A1;BAAT;AMACR;OSBPL6;OSBPL3;ABCD3
prerank,Positive Regulation Of Glucose Transmembrane Transport (GO:0010828),0.40831202593771476,1.1004574313724975,3.255132e-01,5.664331e-01,1.000000e+00,7/27,19.23%,ITLN1;NR4A3;IRS2;AKT2;CREBL2;PIK3R1;C3
prerank,Barbed-End Actin Filament Capping (GO:0051016),0.4506280737656771,1.1002802986999332,3.407290e-01,5.657706e-01,1.000000e+00,9/17,22.26%,VIL1;VILL;TRIOBP;ADD2;TWF2;CAPG;CAPZB;CAPZA2;FLII
prerank,Actin Filament Capping (GO:0051693),0.4506280737656771,1.1002802986999332,3.407290e-01,5.657706e-01,1.000000e+00,9/17,22.26%,VIL1;VILL;TRIOBP;ADD2;TWF2;CAPG;CAPZB;CAPZA2;FLII
prerank,Intracellular Sterol Transport (GO:0032366),0.45887675244508097,1.1001039174524168,3.431221e-01,5.656419e-01,1.000000e+00,5/15,16.71%,TSPO2;GRAMD1B;ABCG1;GRAMD1A;NPC2
prerank,Regulation Of miRNA Transcription (GO:1902893),0.3593227936792125,1.100059930963122,3.219895e-01,5.651963e-01,1.000000e+00,22/58,24.58%,SPI1;TNF;TGFB1;FOS;LILRB4;ESR1;EGR1;IL10;PPARG;RARA;ETS1;FGF2;FOXO3;JUN;POU5F1;PPARD;GATA3;MRTFA;APLN;NFIB;NR3C1;GATA2
prerank,Dicarboxylic Acid Metabolic Process (GO:0043648),-0.31778051756276615,-1.0992400164008251,2.658730e-01,6.783498e-01,1.000000e+00,23/49,30.99%,OGDHL;GPT2;SDHAF3;GCLC;L2HGDH;MTHFD2;ME3;GOT2;SLC25A32;SHMT2;MTHFD2L;ALDH5A1;NIT2;ME1;MDH2;PCK1;DHFR;GLUD2;FH;D2HGDH;ASS1;SDHA;MDH1
prerank,Positive Regulation Of Epithelial Cell Differentiation (GO:0030858),-0.3903810260552122,-1.099081615700148,3.238636e-01,6.769005e-01,1.000000e+00,7/18,11.35%,BMP4;SFN;SULT2B1;ATOH8;MESP1;KDF1;SOX9
prerank,Muscle Organ Development (GO:0007517),0.3647770582054999,1.0990331029072922,3.266932e-01,5.669284e-01,1.000000e+00,19/54,23.08%,EGR3;CXCL10;ITGA11;NEB;DES;HBEGF;TAGLN;FHL1;MEF2D;SOX6;MEF2C;TRIM72;DMD;MYH6;BORCS8-MEF2B;MKX;CTF1;TCF21;EMD
prerank,Regulation Of Cellular Response To Transforming Growth Factor Beta Stimulus (GO:1903844),0.43774309563074654,1.0987402695573618,3.338369e-01,5.670632e-01,1.000000e+00,8/20,19.55%,TGFB1;EID2;ENG;DKK3;PPARG;LATS2;SMAD7;ZNF703
prerank,Regulation Of Vascular Endothelial Cell Proliferation (GO:1905562),0.4498173943937277,1.098269030019007,3.364780e-01,5.675774e-01,1.000000e+00,9/18,22.95%,CCL2;ITGA4;FGFR1;PPARG;FLT1;FGF2;MEF2C;AKT3;APLN
prerank,Regulation Of Nervous System Development (GO:0051960),-0.3252777976164105,-1.0982102032013592,3.066202e-01,6.775555e-01,1.000000e+00,6/41,4.28%,ASCL1;ELAPOR2;HES6;WNT3;KIF14;ASCL2
prerank,Renal Absorption (GO:0070293),0.4665591435208658,1.0974763097937736,3.381877e-01,5.688852e-01,1.000000e+00,1/16,0.13%,HBB
prerank,Regulation Of Protein Dephosphorylation (GO:0035304),0.38650181005388057,1.0973107141366716,3.496503e-01,5.687231e-01,1.000000e+00,7/38,17.78%,LILRB2;TGFB1;PPP1R16B;PRKCD;PPP1R15A;SMPD1;CALM3
prerank,Meiosis I (GO:0007127),0.4345486904685358,1.097053726008022,3.473684e-01,5.687428e-01,1.000000e+00,3/19,6.96%,BRDT;TDRD9;MEI1
prerank,Phosphatidylinositol-Mediated Signaling (GO:0048015),0.3575028918001648,1.0967375545570435,3.333333e-01,5.688935e-01,1.000000e+00,17/61,18.67%,FCGR3A;CSF1R;MUC5AC;PIK3R5;PTAFR;PIK3CG;PIK3CD;PLCB2;FGFR1;HTR2A;GAB2;ZFP36L1;PLCD1;PLCG2;PI4KA;PIK3R1;PTEN
prerank,Activation Of Protein Kinase B Activity (GO:0032148),0.42263246305561064,1.096129630335195,3.343152e-01,5.697164e-01,1.000000e+00,10/23,29.13%,NTF3;ADRA2B;NTRK3;FGF1;GAS6;ANG;WNT5A;PINK1;NRG1;CCDC88A
prerank,Positive Regulation Of Wound Healing (GO:0090303),0.38496546137525595,1.0951977249316243,3.514286e-01,5.712691e-01,1.000000e+00,11/37,14.92%,FOXC2;THBS1;DMTN;SERPINE1;HPSE;EMILIN2;CLEC7A;HBEGF;F2R;VTN;XBP1
prerank,Membrane Protein Proteolysis (GO:0033619),0.393298907259915,1.0940741119986495,3.412256e-01,5.733184e-01,1.000000e+00,12/33,25.35%,PRTN3;TGFB1;ADAM19;CTSH;APH1B;MYH9;PSENEN;RHBDD1;ADAM9;SPPL2A;PRKCQ;NCSTN
prerank,Amide Biosynthetic Process (GO:0043604),-0.30475959128454344,-1.0936774532917073,2.738589e-01,6.888995e-01,1.000000e+00,8/50,11.61%,CERS3;PCSK1;ALOX12B;DEGS2;FA2H;SPTSSA;SPTSSB;ASAH2
prerank,Protein Homotetramerization (GO:0051289),0.364458838488519,1.093380093242233,3.377135e-01,5.743154e-01,1.000000e+00,11/50,12.48%,AQP10;GBP5;RYR1;MCOLN1;CLU;UPB1;B2M;MAT1A;PKD2L1;SAMHD1;SOD2
prerank,RNA Splicing (GO:0008380),-0.27235134842972175,-1.093294048941828,2.528090e-01,6.880681e-01,1.000000e+00,36/97,32.94%,MAGOHB;SNRPG;SNRPD1;SNRPF;RP9;MPHOSPH10;CELF3;LSM4;RNF113B;SRPK2;SRPK1;SYNCRIP;RBM8A;ZCRB1;GEMIN2;USP39;TXNL4A;SF3B4;SRSF10;SNRNP25;SNRPA1;PRMT1;SNRNP48;RSRC1;NCBP1;DDX47;SF3B3;FUS;PDCD7;U2AF1;LUC7L3;SNRPB;LSM1;PRPF4;KHSRP;TCERG1
prerank,Activation Of GTPase Activity (GO:0090630),0.33264984097551037,1.0921245421061716,3.258026e-01,5.766477e-01,1.000000e+00,30/101,20.74%,CXCL13;NTF3;ARHGAP25;GMIP;GPR65;RHOG;ARHGAP45;TBC1D10C;AGAP2;CCR7;FOXJ1;SIPA1;CCL21;TBC1D9;NTRK3;SGSM1;RASGRP1;SIPA1L1;TIAM2;TBC1D17;TBC1D14;CORO1C;ARHGAP24;TBC1D22A;TBC1D10A;TBC1D10B;SIPA1L3;ARHGEF15;ARHGAP22;TBC1D1
prerank,Cholesterol Homeostasis (GO:0042632),0.35439915431362795,1.0918958606918239,3.121762e-01,5.766479e-01,1.000000e+00,25/63,24.62%,APOA4;APOA2;LCP1;APOC2;CETP;APOE;GRAMD1B;INSIG1;LIPC;AKR1C1;SOAT1;EHD1;NR1H3;XBP1;ABCG1;DGAT2;NPC2;LDLRAP1;MTTP;ABCA2;FGFR4;LAMTOR1;NPC1;APOB;NR1H2
prerank,Cellular Response To Insulin Stimulus (GO:0032869),0.33424669568199666,1.0918288805908214,3.401689e-01,5.762478e-01,1.000000e+00,33/93,23.83%,PKLR;FOXC2;SLC2A4;INSIG1;PDE3B;KAT2B;GRB2;SH2B2;PPARG;RAB31;FOXO4;IRS4;IRS2;AKT2;ZFP36L1;NAMPT;XBP1;ENPP1;PDK4;INPP5K;SLC27A1;FOXO1;RARRES2;PIK3R1;RAB8A;PDK2;MYO5A;VAMP2;LPIN2;ZDHHC7;SYAP1;HDAC5;PCK2
prerank,Cellular Response To Peptide Hormone Stimulus (GO:0071375),0.3410885494436017,1.091773596089142,3.115152e-01,5.758275e-01,1.000000e+00,31/83,23.83%,PKLR;CYP11B1;NR4A3;CRHBP;SLC2A4;PRKCD;CYP11A1;INSIG1;PDE3B;KAT2B;NR4A1;PPARG;RAB31;IRS2;AKT2;ZFP36L1;XBP1;NR4A2;ENPP1;INPP5K;FOXO1;PIK3R1;RAB8A;MGARP;MYO5A;VAMP2;LPIN2;SYAP1;HDAC5;TSHR;PCK2
prerank,Regulation Of Cellular Biosynthetic Process (GO:0031326),0.3504373495936892,1.0913785073920161,3.104787e-01,5.760982e-01,1.000000e+00,15/66,21.36%,CCL5;TNFRSF1B;CXCL8;FFAR3;MSI1;SIRPA;MITF;PDK4;MTPN;FOXO3;C3;CYFIP1;JAK2;FGFR4;MFSD12
prerank,Telomere Organization (GO:0032200),-0.29010434814932246,-1.0913122481485762,2.757009e-01,6.920207e-01,1.000000e+00,21/62,29.05%,RECQL4;PRKDC;DNA2;TERT;EZH2;RPA3;UCHL5;BLM;RAD50;ZNF827;ATR;MRE11;NFRKB;PTGES3;RAD51D;ZNF365;POT1;PARP1;LTO1;ACTL6A;WRN
prerank,Ventricular Cardiac Muscle Tissue Morphogenesis (GO:0055010),0.39507413114227463,1.0909872631229327,3.357143e-01,5.764590e-01,1.000000e+00,14/32,18.66%,MYL2;MYH7;MYL3;TGFB1;NKX2-5;MYBPC3;TNNC1;ENG;NOG;RBPJ;MYH6;TGFBR1;SMAD7;TPM1
prerank,Monoatomic Anion Transmembrane Transport (GO:0098656),0.36875154219066564,1.0908474617170205,3.544304e-01,5.762627e-01,1.000000e+00,6/46,10.92%,SLC4A1;GABRA5;ANO5;SLC1A3;GABRB2;GABRB3
prerank,Cytoplasmic Translational Initiation (GO:0002183),-0.3466669527070962,-1.0906510491871757,3.217666e-01,6.921260e-01,1.000000e+00,17/29,41.74%,EIF3B;EIF3H;EIF2S2;EIF3E;EIF6;EIF3C;NCBP1;EIF4A2;MCTS1;EIF3J;EIF4G1;EIF3M;EIF5;EIF2S3;DHX29;NCBP2;EIF2B3
prerank,Regulation Of Cell-Matrix Adhesion (GO:0001952),0.3504909232772104,1.0905997767922337,3.298969e-01,5.762696e-01,1.000000e+00,23/64,23.84%,THBS1;CD3E;BST1;FYN;CCR7;TLN1;PTK2B;CSF1;CCL21;CDH13;CD36;THY1;PLEKHA2;DUSP3;VCL;RHOA;CORO1C;CX3CL1;PLAU;MINK1;SKAP1;PIK3CB;LDB1
prerank,rRNA Metabolic Process (GO:0016072),-0.27478323031859203,-1.0890579125277515,2.674419e-01,6.950274e-01,1.000000e+00,53/91,40.07%,MAPT;WDR74;DCAF13;NOP58;NIFK;RPS17;UTP20;RPS7;RPS19;DKC1;NVL;DIS3L;DDX10;SPPL2B;RPL27;EXOSC2;IGF2BP3;ESF1;MRM2;MRTO4;EMG1;EXOSC4;DDX47;RPL5;RPL35A;NOP56;EXOSC7;DDX54;GTF3A;NOLC1;EXOSC6;EXOSC9;RRP7BP;MTREX;EXOSC5;EBNA1BP2;SPIN1;BYSL;RPL7;RPL26;RPS24;RRP36;DIS3;RPS15;WDR36;RPS25;UTP15;RRP9;SBDS;LYAR;RPS6;GTF3C1;RPL11
prerank,Regulation Of Protein Localization To Nucleus (GO:1900180),0.3622275734835428,1.0886032551420486,3.542781e-01,5.802740e-01,1.000000e+00,12/50,19.92%,PYHIN1;LIF;TGFB1;LILRB4;GLUL;LIMK2;SESN2;JAK1;LATS2;TESK1;TYK2;FLCN
prerank,Regulation Of Cellular Localization (GO:0060341),0.3553507179541837,1.0878580260158823,3.512133e-01,5.815279e-01,1.000000e+00,13/63,17.11%,TRIM58;ITGB3;SLC26A4;MMD;RFPL4A;RFPL4AL1;TMEM231;CAMK1;PPM1F;TRIM22;TRIM21;TRIM38;PICALM
prerank,Sensory Perception Of Light Stimulus (GO:0050953),-0.27447596042540434,-1.0878148376460333,2.709360e-01,6.967444e-01,1.000000e+00,10/82,5.66%,SLC4A10;VAX2;ZIC2;ADGRV1;TYR;CLRN1;POU6F2;TRPM1;FSCN2;CHRNB2
prerank,"mRNA Cis Splicing, Via Spliceosome (GO:0045292)",-0.39930154331939705,-1.0877295114035177,3.606557e-01,6.951637e-01,1.000000e+00,12/17,41.88%,PRPF39;DCPS;CWC15;PSIP1;CLNS1A;SNRNP200;HNRNPC;SRSF12;SRSF1;NCBP2;DDX23;WBP4
prerank,Negative Regulation Of Cell Growth (GO:0030308),0.3268450490430746,1.0871810263976451,3.286550e-01,5.824833e-01,1.000000e+00,34/118,22.85%,MYL2;SCGB3A1;CDA;TGFB1;CDKN2D;PTPRJ;SIPA1;ACVRL1;FHL1;WFDC1;HSPA1B;SERTAD3;SOX17;HSPA1A;FBP1;SLIT1;FRZB;TSPYL2;SESN2;BTG1;CDKN1A;ENPP1;INHBA;DCUN1D3;PPP1R9B;BCL6;PPT1;FLCN;DDX3X;DCSTAMP;OSGIN1;SLIT2;CDKN1B;CRLF3
prerank,Alpha-Amino Acid Metabolic Process (GO:1901605),-0.34377363695758173,-1.08694665860532,3.079268e-01,6.954468e-01,1.000000e+00,10/28,22.34%,ASPG;CBS;IYD;NAT8L;SLC25A13;KYAT1;RIMKLA;THAP4;MTHFD1;NOX4
prerank,Rho Protein Signal Transduction (GO:0007266),0.3618113585314394,1.0867892057160102,3.428202e-01,5.828460e-01,1.000000e+00,18/51,18.92%,WAS;ARHGAP6;ARHGDIB;NTN1;RHOG;MYO9B;GNA13;CDH13;COL1A2;RHOU;ARHGEF1;ARHGAP4;PDPN;ARHGEF3;RIPOR1;RHOA;RHOJ;AGTR1
prerank,Ganglioside Metabolic Process (GO:0001573),0.4586548606946203,1.0865974830311957,3.796160e-01,5.827295e-01,1.000000e+00,9/16,24.89%,GM2A;HEXB;ST6GALNAC6;ST8SIA4;NEU1;HEXA;ST6GALNAC4;B3GALT4;ST3GAL5
prerank,fatty-acyl-CoA Biosynthetic Process (GO:0046949),0.4136592030349135,1.0861318878979536,3.573529e-01,5.832488e-01,1.000000e+00,6/24,18.99%,ACSL6;ACSL1;ACSL4;ELOVL7;SLC27A2;PPT1
prerank,Cellular Response To Decreased Oxygen Levels (GO:0036294),0.34961101254100535,1.0860294815355955,3.299233e-01,5.829343e-01,1.000000e+00,20/70,25.42%,ADAM8;HMOX1;PTGIS;TGFB1;PTGS2;SLC8A3;BNIP3L;RGCC;PPARG;ZFP36L1;CPEB4;HIPK2;MGARP;NDNF;SIRT2;AQP3;NOTCH1;PINK1;EPAS1;PGK1
prerank,Protein Targeting To Mitochondrion (GO:0006626),-0.288296838187229,-1.0857851116489792,2.565217e-01,6.970275e-01,1.000000e+00,32/59,41.19%,IMMP1L;GDAP1;TOMM20L;TIMM8B;PMPCB;DNAJC19;HSPD1;TIMM13;TOMM70;GRPEL2;PAM16;MTX2;TOMM40;IMMP2L;TIMM21;TOMM20;ROMO1;HSPA4;TOMM34;MFF;TIMM44;MTCH2;PMPCA;FIS1;TIMM17A;TIMM23;TOMM7;SAMM50;DNAJC15;MIPEP;MTX1;PITRM1
prerank,Negative Regulation Of Protein-Containing Complex Assembly (GO:0031333),0.36153559293388976,1.0852253125252922,3.665339e-01,5.841750e-01,1.000000e+00,18/52,23.57%,MEFV;SOST;JAM3;TMC8;PTGER4;TREM2;CLU;NLRC3;CARD8;SVIP;LDLRAD4;RIOK3;TFIP11;DDX3X;ISL1;CRYAB;GBA1;RAF1
prerank,Regulation Of Cell Differentiation (GO:0045595),0.306760103856416,1.084567240850229,3.096559e-01,5.851018e-01,1.000000e+00,45/183,23.03%,HEMGN;KLHL41;SMOC1;ALOX5;LIF;CCN2;TENT5C;CEBPB;NTF3;SPOCK2;TNF;TGFB1;DLX2;FES;GREM1;PRAME;RUNX3;PTPRR;DPF1;FGFR1;CSF1;SLC6A6;ID2;RPS6KA1;YWHAH;CAMK1;ZFP36L1;PTHLH;RUNX1;APLF;TGFBR1;SMAD7;DPF3;BIN1;AKR1B1;GATA3;CEBPD;GDNF;SMARCB1;ISL1;MCRIP1;PLEKHB2;TNXB;FGFR2;PRKACA
prerank,Actin Filament Bundle Organization (GO:0061572),0.3897932310465519,1.0840436738277461,3.565460e-01,5.857219e-01,1.000000e+00,10/32,12.78%,DMTN;LCP1;AIF1;RFLNB;LIMD2;ESPNL;ADD2;MICAL1;RFLNA;FAM107A
prerank,Negative Regulation Of Proteasomal Ubiquitin-Dependent Protein Catabolic Process (GO:0032435),0.3971457292871675,1.0834089839112653,3.290230e-01,5.866052e-01,1.000000e+00,6/31,17.62%,KLHL40;MAP1A;SDCBP;RYBP;HFE;SVIP
prerank,Cellular Response To Epidermal Growth Factor Stimulus (GO:0071364),0.409631397158546,1.0830172122717039,3.470320e-01,5.869801e-01,1.000000e+00,7/26,17.08%,VIL1;ZFP36;ZFP36L2;STAT5B;ZFP36L1;DUSP3;INPP5K
prerank,Regulation Of Protein Localization (GO:0032880),0.33711370501053545,1.0828475687586794,3.515152e-01,5.868033e-01,1.000000e+00,33/88,27.81%,TRIM58;ITGB3;SLC26A4;GPC3;KCNAB2;MMD;RFPL4A;MAP1A;CTSD;RFPL4AL1;TMEM231;CAMK1;PPM1F;TRIM22;HFE;TRIM21;TRIM38;PICALM;TESK1;ABCA2;EGF;NEDD9;ZDHHC7;TRIM25;PLEKHM2;STX10;FBXW7;TRIM68;RABGAP1L;ATCAY;RAB11B;SUMO4;FKBP1A
prerank,Positive Regulation Of Heart Rate (GO:0010460),-0.40471845941217754,-1.0823042094399309,3.746398e-01,7.053909e-01,1.000000e+00,6/16,21.20%,EDN2;SCN3B;ATP2A2;ADM5;RYR2;ADRA1B
prerank,Vesicle Transport Along Microtubule (GO:0047496),-0.36386031588661155,-1.082284120595626,3.314286e-01,7.035946e-01,1.000000e+00,3/22,8.37%,KIF1A;DYNC1I1;BICDL2
prerank,Steroid Hormone Biosynthetic Process (GO:0120178),0.43745996350464716,1.0810014154561123,3.669725e-01,5.903988e-01,1.000000e+00,5/18,12.09%,CYP11B1;SRD5A2;CYP21A2;CYP11A1;HSD17B11
prerank,Cognition (GO:0050890),0.383896828280239,1.0806664112030302,3.398058e-01,5.905932e-01,1.000000e+00,9/41,12.78%,C5AR1;CHRNA4;SLC8A2;HLA-DRA;TNF;JAKMIP1;CUX2;MGAT3;FAM107A
prerank,Positive Regulation Of Binding (GO:0051099),0.32933522119534225,1.080602761757531,3.416459e-01,5.901924e-01,1.000000e+00,20/91,15.85%,MMP8;PLAUR;PYHIN1;MMP9;B2M;APOE;BMP2;LRP1;ADD2;STK4;PPARG;EPB41;BLK;RARA;VTN;LRRK2;HMGB2;STING1;HFE;TRIM21
prerank,Sterol Homeostasis (GO:0055092),0.35005263540442116,1.0801064308981294,3.303109e-01,5.907930e-01,1.000000e+00,25/64,24.62%,APOA4;APOA2;LCP1;APOC2;CETP;APOE;GRAMD1B;INSIG1;LIPC;AKR1C1;SOAT1;EHD1;NR1H3;XBP1;ABCG1;DGAT2;NPC2;LDLRAP1;MTTP;ABCA2;FGFR4;LAMTOR1;NPC1;APOB;NR1H2
prerank,Negative Regulation Of Endothelial Cell Apoptotic Process (GO:2000352),0.4153590048799352,1.0798170920526218,3.639053e-01,5.908939e-01,1.000000e+00,12/24,25.59%,SERPINE1;IL10;ICAM1;TEK;TNFAIP3;GAS6;NDNF;MAPK7;GATA3;TNIP2;GATA2;RAMP2
prerank,Positive Regulation Of miRNA Transcription (GO:1902895),0.3720868194964793,1.0797790916721113,3.640054e-01,5.904174e-01,1.000000e+00,16/42,24.58%,SPI1;TNF;TGFB1;FOS;EGR1;IL10;PPARG;ETS1;FGF2;FOXO3;JUN;GATA3;MRTFA;APLN;NR3C1;GATA2
prerank,Regulation Of Neuroblast Proliferation (GO:1902692),0.43320352751580826,1.0777363375041265,3.881279e-01,5.945919e-01,1.000000e+00,6/19,18.27%,VCAN;HAPLN1;LRRK2;HAPLN3;BCAN;CX3CL1
prerank,Sodium Ion Transport (GO:0006814),-0.2687182872511235,-1.0764207616666686,3.050000e-01,7.194788e-01,1.000000e+00,21/84,15.28%,SLC6A11;SCN1A;SLC6A3;SLC24A2;SCNN1A;ATP1B1;SLC34A1;SCN5A;WNK4;SCN3B;SLC12A2;SCN3A;KCNK1;CATSPER3;HCN3;SLC6A2;SCN9A;SCNN1G;SLC6A17;SLC5A1;NDUFA9
prerank,Amino Acid Transport (GO:0006865),0.37417288848424257,1.0762991740950087,3.647541e-01,5.972582e-01,1.000000e+00,16/41,23.85%,SLC36A2;SLC6A19;SLC6A15;SLC7A7;SLC6A12;SLC43A2;SLC16A10;SLC6A6;SLC38A5;SLC36A1;SLC7A10;SLC43A1;SLC38A11;SLC1A4;SLC7A4;SLC38A6
prerank,Regulation Of Cellular Component Size (GO:0032535),0.3809232877173246,1.0759709143729748,3.770492e-01,5.974441e-01,1.000000e+00,11/42,18.67%,RIN3;NEB;VAV1;VAV3;RAB3B;BORCS6;PPP1R15A;MTPN;PICALM;MSN;PTEN
prerank,Inorganic Anion Transport (GO:0015698),0.353916726653487,1.075829231216667,3.579088e-01,5.972168e-01,1.000000e+00,21/53,25.69%,SLC4A1;SLC11A1;SLC26A4;ANO5;CLCNKA;NMUR1;BEST1;SLC26A8;ENPP1;CLIC4;CLIC3;CLCNKB;TTYH3;SLC26A11;ENPP3;CLIC1;CLIC2;SLC5A5;ANO6;FXYD3;PACC1
prerank,Regulation Of Intracellular Signal Transduction (GO:1902531),0.2954814699578085,1.0757678695144923,3.071279e-01,5.967959e-01,1.000000e+00,83/291,20.73%,GRAP2;NLRP12;SLA;ARHGAP9;PREX1;TAGAP;CSF1R;AKAP12;FGD3;PTPN22;CMKLR1;DOCK2;DOCK8;IL1B;ARHGAP15;CLEC7A;TNF;ARHGAP26;TGFB1;BST1;TMSB4X;ARHGAP30;GMIP;ARHGAP6;PPP1R16B;TREM2;ARHGAP45;PLK3;NFKBIA;SEZ6L;GPAT3;GBP1;ARHGAP18;PDE2A;VAV1;CLEC6A;MYO9B;GNA13;CARD8;LYN;GRB2;VAV3;ATP6AP2;MOB3B;NTRK1;NTRK3;ARAP1;STK4;RHOU;ARHGEF1;BCL3;SH3BP1;ARHGAP4;FGF1;TRAF1;PAK3;LRRK2;VWF;TIAM2;ARHGEF3;PYCARD;TEK;GRAP;CYLD;PLCG2;RASSF2;RGN;FGD4;HIPK2;PIP5K1C;SPATA13;PTEN;DNMBP;SRGAP3;ARHGEF10L;PJA2;ARHGEF40;ARHGEF15;FLCN;ARHGAP22;NTRK2;TMEM127;RASGRF2
prerank,Regulation Of G2/M Transition Of Mitotic Cell Cycle (GO:0010389),-0.3369782492655103,-1.075637204776818,3.190789e-01,7.199057e-01,1.000000e+00,19/33,28.79%,CENPF;KIF14;CDC7;CDK1;CCNB1;CDC25A;KCNH5;DBF4B;CDK6;PINX1;CDC25C;CDC25B;RCC2;CDK3;RRM1;RAD51B;AVEN;CDK4;CDK2
prerank,Regulation Of Establishment Of Cell Polarity (GO:2000114),0.4451797546132962,1.0750784369719162,3.741935e-01,5.978450e-01,1.000000e+00,3/17,10.43%,RIPOR2;PTK2B;RAP1B
prerank,Regulation Of Neuron Migration (GO:2001222),-0.34826246364797697,-1.0747766677898627,3.299320e-01,7.206494e-01,1.000000e+00,6/29,11.48%,CTNNA2;CAMK2B;NEXMIF;CAMK2A;SEMA3A;NTNG1
prerank,Vasculogenesis (GO:0001570),-0.33491026735288454,-1.074139096848774,3.169014e-01,7.207471e-01,1.000000e+00,5/32,7.20%,NELL1;TBX20;WNT7B;SHH;ITGB8
prerank,Transforming Growth Factor Beta Receptor Signaling Pathway (GO:0007179),0.34318274816202526,1.0740270747743061,3.324675e-01,5.996812e-01,1.000000e+00,26/68,25.86%,ARRB2;NRROS;TGFB1;FOS;LPXN;ZYX;EID2;ACVRL1;ENG;COL1A2;TGFBR2;ZMIZ1;FURIN;LTBP2;TGFBR1;SMAD7;JUN;PXN;USP15;ADAM9;TGFBR3;GDF10;ITGB5;SKI;ITGB1;BAMBI
prerank,Regulation Of Cardiac Muscle Contraction By Calcium Ion Signaling (GO:0010882),0.4237681192195197,1.0738721165950211,3.742236e-01,5.994473e-01,1.000000e+00,10/20,23.03%,GSTM2;CASQ2;ATP1A2;HRC;DMD;CALM3;GSTO1;SLC8A1;CLIC2;PRKACA
prerank,snRNA Processing (GO:0016180),-0.3906640657919804,-1.0737935538584555,3.542234e-01,7.199678e-01,1.000000e+00,8/17,32.63%,INTS7;INTS13;INTS8;INTS2;INTS14;TUT1;INTS10;INTS5
prerank,Regulation Of Axon Extension Involved In Axon Guidance (GO:0048841),-0.3623090363638167,-1.0737572588405428,3.531157e-01,7.182023e-01,1.000000e+00,7/23,18.95%,NELL1;SEMA6C;SEMA3A;SEMA3C;SEMA3B;SEMA6D;SEMA4B
prerank,Protein Maturation (GO:0051604),0.32262828937547566,1.073389713481298,3.416076e-01,6.000085e-01,1.000000e+00,26/114,22.00%,CTSG;KEL;NLRP3;GZMB;SRGN;GZMA;CTSS;CPXM2;TSPAN33;CPZ;CASP1;PCSK6;PCSK2;TLL1;ADAM19;APH1B;CASP4;FURIN;CASP10;TESC;PSENEN;ECE1;MME;PCSK7;CASP8;PCSK4
prerank,Regulation Of Epithelial To Mesenchymal Transition (GO:0010717),0.3317228212038066,1.0725016069346587,3.472750e-01,6.015204e-01,1.000000e+00,27/83,23.34%,SERPINB3;DAB2;IL1B;TGFB1;GREM1;GLIPR2;SDCBP;SNAI1;COL1A1;BMP2;RGCC;IL6;LOXL2;LRG1;TGFBR2;ADIPOR1;PDPN;APLF;TGFBR1;SMAD7;PTEN;LDLRAD4;ZNF703;GATA3;MCRIP1;TNXB;SPRED3
prerank,Long-Chain fatty-acyl-CoA Metabolic Process (GO:0035336),0.42088757988620196,1.0723010188423274,3.736434e-01,6.014475e-01,1.000000e+00,5/22,15.81%,ACSL6;ACSL1;ACSL4;ELOVL7;DGAT2
prerank,Fat Cell Differentiation (GO:0045444),0.3545648093848072,1.0722748454331128,3.497409e-01,6.009393e-01,1.000000e+00,20/61,24.97%,FFAR2;EGR2;NR4A3;MAFB;GDF6;ATF5;METRNL;NR4A1;PPARG;AKT2;NR4A2;CEBPA;FOXO1;TMEM120A;UCP1;PPARGC1A;ZBTB7A;OSBPL11;GATA2;CLIP3
prerank,Glutamine Family Amino Acid Metabolic Process (GO:0009064),-0.35009854172098065,-1.071717916492624,3.322785e-01,7.223635e-01,1.000000e+00,9/29,17.54%,SIRT4;PRODH;GCLC;CAD;SLC38A1;GOT2;ALDH5A1;RIMKLA;NIT2
prerank,Mesenchyme Development (GO:0060485),-0.3947605722280116,-1.071347490285175,3.464789e-01,7.216525e-01,1.000000e+00,5/16,14.72%,BMP4;WNT11;MESP1;SOX4;HMGA2
prerank,Regulation Of Cardiac Conduction (GO:1903779),0.4269335789293127,1.069942473849736,4.036980e-01,6.056791e-01,1.000000e+00,5/21,9.76%,SLC8A2;NKX2-5;SLC8A3;ATP2A1;ATP2A3
prerank,Ureteric Bud Development (GO:0001657),-0.3838499104167776,-1.0695074278129024,3.271028e-01,7.253194e-01,1.000000e+00,4/17,5.19%,BMP4;WNT11;LHX1;NPNT
prerank,Regulation Of Kinase Activity (GO:0043549),0.3324854107666206,1.0692761422254888,3.562500e-01,6.066315e-01,1.000000e+00,31/79,23.88%,FGR;CSRP3;SLAMF8;CSF1R;HLA-DRB1;TTN;CD4;CD74;TREM2;FLT3;FGFR1;NTRK1;NTRK3;FLT1;NLRC5;IRS2;TSPYL2;DDR2;TEK;VAC14;ROR2;NTRK2;CDKN1C;FGFR4;PDGFRA;CDKN1B;FGFR2;AXL;ANKRD54;LDB1;LDB2
prerank,Blood Vessel Endothelial Cell Migration (GO:0043534),-0.36405145587193444,-1.0692038814790576,3.468835e-01,7.243573e-01,1.000000e+00,5/21,9.03%,NELL1;EMP2;EFNB2;ID1;EPHB4
prerank,Negative Regulation Of Metabolic Process (GO:0009892),0.35791490710949647,1.06907125610379,3.581081e-01,6.065690e-01,1.000000e+00,14/50,17.44%,ACTN3;FOXC2;APOC2;TLR4;IL1B;APOC1;IL18R1;TLE3;RBPJ;NR1H3;TFE3;PLCL2;IL15;PCTP
prerank,Carboxylic Acid Biosynthetic Process (GO:0046394),0.43724871772803336,1.0687433597026075,3.773585e-01,6.067485e-01,1.000000e+00,6/17,20.01%,NLRC4;CASP1;UGDH;PYCARD;RGN;NAIP
prerank,Transport Across Blood-Brain Barrier (GO:0150104),0.3316938388403167,1.067250736172057,3.612167e-01,6.094624e-01,1.000000e+00,18/80,14.12%,SLC2A3;SLCO2B1;SLC28A2;SLC8A2;ABCB1;SLC1A3;ABCG2;SLC2A4;ATP1B2;ATP2A3;LEPR;SLC24A3;SLC6A6;LRP1;CD36;SLC6A13;ATP1A2;SLC38A5
prerank,Regulation Of Smooth Muscle Contraction (GO:0006940),-0.37931392591694324,-1.0671829747363875,3.507692e-01,7.283769e-01,1.000000e+00,6/20,10.78%,CHRNA3;NMU;KCNB2;CHRM2;CHRM3;CAV1
prerank,Positive Regulation Of Signaling Receptor Activity (GO:2000273),0.37011238684871717,1.0671040165382024,3.686441e-01,6.092488e-01,1.000000e+00,9/36,11.12%,NCF1;IFNG;CCL2;GREM1;CCR2;IL10;ADRA2B;HBEGF;EREG
prerank,Regulation Of Phosphorylation (GO:0042325),0.3290372632273382,1.0669151514112671,3.673724e-01,6.091204e-01,1.000000e+00,30/81,23.88%,CCL5;ROPN1L;THBS1;SLAMF8;NCKAP1L;CDKN2D;SDCBP;FN1;EREG;LYN;NLRC5;SOCS1;SESN2;ILK;CDKN1A;INHBA;FZD7;CORO1C;TESK1;ANG;FLCN;CDKN1C;DHX34;SIRT2;EGF;KCTD20;CDKN1B;FNIP2;LDB1;LDB2
prerank,Focal Adhesion Assembly (GO:0048041),0.4188285514021447,1.0663509613909241,3.858859e-01,6.098845e-01,1.000000e+00,2/21,1.73%,ACTN2;ACTN3
prerank,Regulation Of Transmembrane Receptor Protein Serine/Threonine Kinase Signaling Pathway (GO:0090092),0.38774903343125205,1.066047013598403,3.648069e-01,6.100148e-01,1.000000e+00,11/30,19.55%,FSTL5;TGFB1;SFRP4;PCSK6;EID2;ENG;DKK3;LATS2;FSTL1;SMAD7;ZNF703
prerank,Proteolysis Involved In Protein Catabolic Process (GO:0051603),0.3388904548504638,1.065490885820556,3.634085e-01,6.106896e-01,1.000000e+00,15/74,16.61%,GZMB;CTSW;GZMA;CTSS;CTSB;CTSZ;LGMN;CTSL;CTSK;CTSC;CTSH;NGLY1;TRIM21;UBB;TNFAIP3
prerank,Detection Of Mechanical Stimulus (GO:0050982),0.42943713390430654,1.0645181070816128,3.984375e-01,6.123444e-01,1.000000e+00,4/18,10.39%,CSRP3;TCAP;TTN;PKD2L1
prerank,Inorganic Anion Transmembrane Transport (GO:0098661),0.3523811091870937,1.0636335385446363,3.625337e-01,6.138371e-01,1.000000e+00,7/55,10.92%,SLC4A1;GABRA5;ANO5;SLC1A3;SLC37A2;GABRB2;GABRB3
prerank,Cartilage Development (GO:0051216),-0.2984927118875641,-1.0624826349804137,3.521127e-01,7.406055e-01,1.000000e+00,12/46,14.79%,WNT7A;BMP4;SCX;ITGB8;SNORC;COL11A2;SOX9;HYAL1;HOXA11;OSR2;HMGA2;GPLD1
prerank,Mesoderm Formation (GO:0001707),0.4270154358648214,1.0623718410089704,3.932039e-01,6.161692e-01,1.000000e+00,4/18,9.38%,ITGB3;EOMES;KDM6B;SNAI1
prerank,Positive Regulation Of Cellular Component Biogenesis (GO:0044089),0.3305033325960058,1.0611025253431674,3.674476e-01,6.186117e-01,1.000000e+00,22/88,19.95%,PLEK;TAL1;IFNG;VIL1;CLEC7A;TNF;TGFB1;TRABD2B;CLU;SDCBP;RGCC;SYK;MMP3;BMF;SYNPO;CX3CL1;SYNPO2L;WARS1;BCL2L11;BRK1;FLOT1;SYNPO2
prerank,Transition Metal Ion Transport (GO:0000041),-0.3200648745970983,-1.0603186943626572,3.786408e-01,7.454501e-01,1.000000e+00,5/32,7.17%,SLC39A2;HEPHL1;MELTF;SLC30A8;SLC39A5
prerank,Vesicle Fusion (GO:0006906),0.33787846021377455,1.0602967031606083,3.576642e-01,6.198994e-01,1.000000e+00,32/76,30.27%,SNCA;RUBCNL;RAB20;PIP4K2A;RAB8B;STX4;SYT11;TOM1;STX7;IRAG2;PLA2G5;RAB8A;VAMP7;ARL8B;STX12;VAMP2;VAMP3;VAMP1;STX8;STX10;CHMP4A;CHMP1B;PIKFYVE;VTI1A;CHMP5;RAB7A;RAB13;RAB39A;UVRAG;CLN3;VPS11;YIPF5
prerank,Negative Regulation Of Double-Strand Break Repair (GO:2000780),-0.33050596169426705,-1.0595604993049268,3.367698e-01,7.458236e-01,1.000000e+00,19/32,43.55%,RADX;PARPBP;POLQ;RMI2;HMGA2;FANCB;HSF1;KMT5A;UBQLN4;TRAPPC13;AUNIP;SHLD1;OTUB2;OTUB1;NUDT16L1;RNF169;ERCC6;SHLD2;MAGEF1
prerank,In Utero Embryonic Development (GO:0001701),0.3946927370563355,1.0595238780407514,4.011461e-01,6.211370e-01,1.000000e+00,11/27,22.90%,PTPRR;BMP2;FOXF1;TFEB;MYH6;MBNL1;TGFBR1;FLCN;ZNF568;PKD2;FGFR2
prerank,Regulation Of T Cell Differentiation (GO:0045580),0.36209834655877376,1.058333599234387,3.907104e-01,6.233632e-01,1.000000e+00,11/41,14.92%,CRTAM;CD2;TBX21;ZAP70;CCR2;ZNF683;ACTB;ZMIZ1;RHOH;PRDM1;XBP1
prerank,Regulation Of Dopamine Secretion (GO:0014059),-0.40109456837839325,-1.057926953746397,3.491620e-01,7.489845e-01,1.000000e+00,6/15,12.33%,SYT7;SYT1;CHRNB2;SYT8;SYT2;SYT5
prerank,Positive Regulation Of Oxidoreductase Activity (GO:0051353),0.4109227458652506,1.0577655489559015,3.838081e-01,6.240893e-01,1.000000e+00,3/22,7.67%,NOD2;TNF;PPM1M
prerank,Regulation Of Metaphase/Anaphase Transition Of Cell Cycle (GO:1902099),-0.32627775966379424,-1.0577513043896276,3.823529e-01,7.476318e-01,1.000000e+00,16/31,35.71%,PLK1;UBE2C;BRD7;CDC6;MAP3K20;CENPE;SMARCA4;SMARCD2;BCL7A;ARID2;HECW2;ACTL6A;SMARCD1;SMARCE1;RIOK2;CDC23
prerank,Positive Regulation Of DNA Repair (GO:0045739),-0.2651578951139362,-1.057133306505837,3.191489e-01,7.475621e-01,1.000000e+00,30/85,32.64%,FOXM1;EGFR;DEPDC1B;BRD7;TIMELESS;DDX11;BRCA1;UBE2V2;UCHL5;TRIM28;SMARCA4;USP1;RPS3;SPIRE2;SMARCD2;EYA4;SPIDR;BCL7A;ARID2;NFRKB;NPAS2;RNF8;PCNA;PARP1;ACTL6A;UBE2N;SMARCD1;INO80C;EYA1;SMARCE1
prerank,Organonitrogen Compound Biosynthetic Process (GO:1901566),0.31293817135024565,1.0564060186591666,3.686690e-01,6.266164e-01,1.000000e+00,25/117,18.06%,ALAS2;GSTM1;GSTA1;APOA2;PCYT1B;HACD4;APOE;GAL3ST4;BCAT1;ALDH3B1;FMO3;ELOVL7;LPCAT2;PLA2G4C;CERS4;FURIN;ST3GAL2;GCNT1;INHBA;SLC44A4;PLPP3;DMD;SLC27A1;CPS1;TNIP1
prerank,Peptidyl-Threonine Modification (GO:0018210),-0.2760280027099564,-1.05590630132574,3.515982e-01,7.492388e-01,1.000000e+00,11/66,10.83%,GALNT13;SBK1;CHEK1;CDC42BPG;CDK1;PRKDC;LMTK2;GALNT3;CAD;CDC42BPA;PRKD1
prerank,Positive Regulation Of Fibroblast Proliferation (GO:0048146),0.3958140687776533,1.0557564016494823,3.816568e-01,6.275533e-01,1.000000e+00,12/25,28.98%,WNT2;CD74;FN1;EREG;DDR2;CDKN1A;GAS6;PDGFRA;WNT5A;AQP1;SPHK1;PDGFC
prerank,Glucose Homeostasis (GO:0042593),0.3324992083995766,1.0557491174370697,3.622829e-01,6.270018e-01,1.000000e+00,36/77,29.36%,FFAR2;HK3;ALOX5;CYP11B1;SLC2A4;LEPR;IL6;PPARG;HK2;ADIPOR1;GCKR;CEBPA;PDK4;INPP5K;FOXO1;SPACDR;RFX6;PIK3R1;CMKLR2;CYB5R4;PDK2;FGFR4;SLC8B1;PPARGC1A;CRTC2;WFS1;CRY2;FOXA3;PYGL;USF1;MBD5;NGFR;APLP2;STAT3;LRRC8D;HK1
prerank,Positive Regulation Of Proteolysis Involved In Protein Catabolic Process (GO:1903052),0.3886255508499592,1.0555596605349893,3.925501e-01,6.268590e-01,1.000000e+00,11/29,24.73%,PYHIN1;LAPTM5;TREM2;CLU;NUPR1;CTSC;ECSCR;PTEN;CCDC22;GBA1;FBXW7
prerank,NIK/NF-kappaB Signaling (GO:0038061),0.38454356880434504,1.054702177875072,3.928571e-01,6.283513e-01,1.000000e+00,16/32,34.01%,NFKBIA;RELB;NFKB2;TLR6;CHI3L1;TAB2;TNFSF15;BIRC3;TNFRSF10B;NFKB1;TAB3;AMFR;REL;RELA;CREBBP;MAP3K14
prerank,Negative Regulation Of Chemotaxis (GO:0050922),0.38629039486949235,1.054090887196028,4.178674e-01,6.291386e-01,1.000000e+00,4/31,9.13%,ELANE;THBS1;SEMA6B;SEMA4D
prerank,Keratan Sulfate Biosynthetic Process (GO:0018146),0.4438521001944373,1.053982441981272,4.135220e-01,6.288215e-01,1.000000e+00,10/15,26.66%,B3GNT7;ST3GAL1;CHST2;ST3GAL2;ST3GAL6;CHST1;CHST6;CHST5;ST3GAL3;B4GAT1
prerank,Neutral Amino Acid Transport (GO:0015804),0.38228777225724103,1.0536736025546303,4.107649e-01,6.289310e-01,1.000000e+00,12/31,23.85%,SLC36A2;SLC6A15;SLC7A7;SLC43A2;SLC6A6;SLC38A5;SLC36A1;SLC7A10;SLC43A1;SLC1A4;SLC6A9;SLC38A6
prerank,Fatty Acid Transport (GO:0015908),0.3933451319344647,1.053540187219027,4.040404e-01,6.286602e-01,1.000000e+00,8/28,12.91%,CRABP1;FABP4;RBP7;APOE;FABP6;ACSL1;CD36;PPARG
prerank,Epithelium Development (GO:0060429),-0.24638453378427128,-1.0511616847403737,3.448276e-01,7.622477e-01,1.000000e+00,25/138,10.48%,KRT14;AKR1C2;RHCG;KRT16;UPK2;KRT32;SPINK5;KRT33A;LHX1;WNT3;KRT6A;WNT7B;KRT3;PROX1;KRT33B;ANXA4;SHH;KRT34;KRT17;TIMELESS;GRHL2;CDK1;KRT9;KRT35;EHF
prerank,Regulation Of Carbohydrate Metabolic Process (GO:0006109),0.44449349028965585,1.0511279140170735,4.029364e-01,6.336150e-01,1.000000e+00,10/15,36.09%,ADIPOR1;BCKDK;PDK4;PDK2;PDK1;RORC;SCARB2;PDK3;MLYCD;SIRT1
prerank,mRNA Processing (GO:0006397),-0.23165697385011308,-1.0511002802125153,3.085106e-01,7.605026e-01,1.000000e+00,95/208,42.41%,LSM5;BUD31;MAGOHB;SNRPG;SNRPD1;SNRPF;GCFC2;SNRPE;SF3B6;LSM4;RPRD1A;CPSF6;PABPC1;TBRG4;PPIL1;SNRNP27;GEMIN6;SYNCRIP;CWC27;RBM8A;GEMIN2;USP39;CPSF3;RBM19;PNN;TXNL4A;SF3B4;SRSF10;PRPF19;SNRPA1;LSM7;HTATSF1;RSRC1;NCBP1;PPIH;DHX35;PRPF31;SF3B3;RBM41;HNRNPR;HNRNPA3;TRA2A;PRPF40B;HNRNPA1;CENATAC;MBLAC1;H2AB1;U2AF1;RPRD1B;HSPA8;CWC15;SNRPB;PRPF4;NUDT21;U2AF2;MTREX;GEMIN5;CPSF7;TCERG1;GEMIN7;METTL3;RPRD2;DDX39A;SNRPB2;PRPF40A;RBMX2;SRSF9;CMTR2;SNRNP200;ZCCHC8;DDX46;RNPS1;HNRNPC;SART3;PRPF3;RAMAC;SNRPA;ALYREF;LSM3;SRSF12;RNGTT;SNRNP35;PHF5A;DBR1;SRSF1;PAPOLA;NCBP2;BUD13;EIF4A3;SF3A2;DDX23;WBP4;H2AB3;SNRPD2;CDC5L
prerank,Embryonic Organ Morphogenesis (GO:0048562),-0.30826038999727257,-1.0506747878361697,3.420074e-01,7.599989e-01,1.000000e+00,15/43,22.67%,HOXC9;HOXC4;TBX20;HOXA9;MESP1;HOXB3;ALDH1A3;SIX1;OSR2;SOX11;RYR2;FBN2;HES1;HOXD9;POLR2D
prerank,Protein Complex Oligomerization (GO:0051259),0.3202690389512064,1.050627384008106,3.886199e-01,6.342202e-01,1.000000e+00,25/94,20.93%,SNCA;NLRP3;PRF1;HLA-DRB1;NINJ1;NLRC4;COMP;UPB1;NLRP1;MS4A1;CARD11;EHD1;UGDH;LRRC8C;CALHM1;NLRP6;JMJD6;STING1;PYCARD;TRIM72;EHD4;G3BP2;TMEM120A;EHD3;PKD2
prerank,Visual System Development (GO:0150063),0.365922777737944,1.0495584377926221,4.109195e-01,6.360834e-01,1.000000e+00,12/37,23.90%,ITGAM;C1QA;SMOC1;ADAMTS18;CHRDL1;SCO2;HIPK2;C3;SIPA1L3;MEIS1;PBX4;HIPK1
prerank,Negative Regulation Of Cell-Substrate Adhesion (GO:0010812),0.3680841424960828,1.0487084067017,4.092179e-01,6.374523e-01,1.000000e+00,11/38,18.27%,THBS1;DMTN;PTPRO;SPOCK1;GBP1;FBLN1;CORO2B;FZD7;RHOA;CORO1C;CX3CL1
prerank,Regulation Of Osteoblast Differentiation (GO:0045667),0.3259871389454121,1.04831370982584,3.877039e-01,6.377457e-01,1.000000e+00,17/83,15.01%,HEMGN;SMOC1;DNAI3;LTF;TNN;BMP6;GREM1;SEMA4D;IL6R;IL6;NOG;TNFAIP6;IFITM1;PPARG;TMEM119;TWIST2;DDR2
prerank,Regulation Of Sodium Ion Transport (GO:0002028),0.37344638298463545,1.0464211241992767,4.070922e-01,6.415794e-01,1.000000e+00,6/33,15.31%,BPIFA1;P2RX7;NKX2-5;PER1;YWHAH;SCN1B
prerank,Sphingolipid Biosynthetic Process (GO:0030148),-0.27446056621884846,-1.0458240207714447,3.212435e-01,7.731569e-01,1.000000e+00,13/73,11.61%,CERS3;ALOX12B;FUT6;DEGS2;ELOVL6;ALDH3B2;FA2H;SPTSSA;HACD3;ELOVL4;PRKD1;SPTSSB;ASAH2
prerank,Negative Regulation Of Fat Cell Differentiation (GO:0045599),0.38141755607279154,1.0452988486409462,4.081921e-01,6.436860e-01,1.000000e+00,12/31,25.18%,TNF;TGFB1;ZFP36L2;BMP2;IL6;ENPP1;FOXO1;FLCN;SIRT2;WNT5A;BBS12;GPS2
prerank,Regulation Of Neuron Apoptotic Process (GO:0043523),0.31662226852725217,1.0443261631553802,3.728395e-01,6.453330e-01,1.000000e+00,31/101,21.66%,FCGR2B;CCL3;NTF3;CCL2;TNF;TREM2;CLU;AGAP2;GRN;APOE;EGR1;LGMN;PTK2B;NUPR1;NTRK1;SOD2;F2R;PRNP;CPEB4;UBB;MEF2C;FOXO3;NDNF;IL6ST;PPT1;NAIP;NTRK2;AKT1S1;GDNF;PRKCG;ISL1
prerank,Chordate Embryonic Development (GO:0043009),0.3471691264095313,1.0435692604466458,4.052980e-01,6.464619e-01,1.000000e+00,23/56,23.97%,TGFB1;SULF2;NKX2-5;PTPRR;COL1A1;BMP2;FGFR1;FOXF1;NOG;SULF1;XYLT1;MYH6;MBNL1;TGFBR1;FUZ;FLCN;ZNF568;GATA3;PKD2;ALDH1A2;ISL1;FGFR2;WNT5A
prerank,Calcium-Dependent Cell-Cell Adhesion Via Plasma Membrane Cell Adhesion Molecules (GO:0016339),0.37657171998008226,1.0435249518225724,4.045584e-01,6.459882e-01,1.000000e+00,11/34,22.10%,CDHR3;SELL;SELP;CDH13;CDH6;CDH12;CDH15;CDH23;CDH11;DCHS1;CDH17
prerank,Establishment Of Endothelial Barrier (GO:0061028),0.3874132015949569,1.0432396395884245,4.071942e-01,6.460710e-01,1.000000e+00,16/28,27.87%,PPP1R16B;RAPGEF1;PDE2A;RAP1B;PECAM1;ICAM1;MYADM;RAP1A;MSN;SOX18;ROBO4;RAP2B;EZR;RAB1B;RAPGEF2;RAPGEF6
prerank,Response To Insulin (GO:0032868),0.3317829198291184,1.0430441943053332,3.955224e-01,6.459160e-01,1.000000e+00,24/72,23.83%,PKLR;LEP;SLC2A4;INSIG1;PDE3B;KAT2B;PPARG;RAB31;IRS2;AKT2;ZFP36L1;XBP1;ENPP1;INPP5K;SLC27A1;FOXO1;PIK3R1;RAB8A;MYO5A;VAMP2;LPIN2;SYAP1;HDAC5;PCK2
prerank,Cellular Lipid Catabolic Process (GO:0044242),0.4002413842502649,1.0423424275676172,3.884555e-01,6.469531e-01,1.000000e+00,10/22,21.10%,APOA2;PLA2G15;ENPP2;PLBD1;CYP1B1;PLD2;PLBD2;PPARD;SIRT2;LPIN2
prerank,Regulation Of Monoatomic Ion Transmembrane Transporter Activity (GO:0032412),0.3403493485688241,1.0422328800194887,4.181092e-01,6.466204e-01,1.000000e+00,20/58,21.28%,SHISA9;FXYD5;CRHBP;FXYD6;HCN4;PTK2B;OPRM1;SCN2B;FHL1;DAPK1;YWHAH;SCN1B;DLG4;PPIF;FXYD2;MEF2C;SHISA6;HCN1;MINK1;SHANK1
prerank,Gland Development (GO:0048732),-0.2769912523364467,-1.0417518290818317,3.857868e-01,7.838965e-01,1.000000e+00,23/69,25.33%,NKX2-1;WNT11;COBL;PCSK9;PROX1;MET;SHH;EPHB3;CAV1;IGSF3;SOX9;SIX1;LSR;UGT1A7;NOTCH4;ANXA1;HES1;STRA6;SALL1;SOD1;ARHGAP35;GCM2;HESX1
prerank,Regulation Of Telomere Maintenance Via Telomerase (GO:0032210),-0.2920481143342847,-1.040769864520591,3.716475e-01,7.850641e-01,1.000000e+00,24/51,34.49%,NEK2;CCT6A;PIF1;CCT4;CCT3;CCT7;FBXO4;NAT10;CCT2;PKIB;CCT8;PINX1;MAPKAPK5;ATR;POT1;SMG5;AURKB;HNRNPA1;MAPK15;MAP3K4;CCT5;TNKS;TERF1;PARN
prerank,Positive Regulation Of Protein Localization To Cell Periphery (GO:1904377),0.3515977985955048,1.0403480046942313,4.227642e-01,6.502995e-01,1.000000e+00,12/51,17.62%,STAC2;IFNG;TNF;RHOG;TREM2;LRP1;STX4;EPB41;STAC;EPB41L2;RAMP3;PIK3R1
prerank,Carboxylic Acid Catabolic Process (GO:0046395),0.4290910123565157,1.04013210629381,4.335878e-01,6.501861e-01,1.000000e+00,10/17,29.79%,IL4I1;RENBP;NPL;BCKDK;NAGK;ETFB;GNPDA1;AMDHD2;TST;MPST
prerank,Phosphate-Containing Compound Metabolic Process (GO:0006796),0.29778569568740965,1.0391605565576276,4.094923e-01,6.518649e-01,1.000000e+00,50/170,22.30%,PLA2G2D;HK3;PTPRC;LCP1;TPTE;TGFB1;PFKFB3;PIK3CG;PIK3CD;DUSP5;INPP5D;ALPL;TPTE2;PLA2G15;PLCB2;HNMT;LIMK2;FBP1;HK2;MINPP1;GFPT2;PLPPR3;PLB1;PLA2G4C;LRRK2;DUSP3;PLPPR2;PLCD1;ENPP1;BCKDK;IPMK;PLPP3;INPP4A;INPP5K;CLN8;PI4KA;PLA2G5;DUSP18;TNK2;AGPAT1;CERK;MAPK3;PLPPR4;ENPP3;PRKCG;DUSP10;LHPP;PDXP;PAK1;SYNJ1
prerank,Positive Regulation Of Protein Tyrosine Kinase Activity (GO:0061098),0.36013550373411096,1.039116837390914,4.123563e-01,6.513880e-01,1.000000e+00,10/37,16.87%,NCF1;CSF1R;FCGR1A;CASS4;ACE;HBEGF;EREG;PRNP;DLG4;GAS6
prerank,Nuclear Membrane Reassembly (GO:0031468),-0.34446997497361215,-1.038824212173841,3.981763e-01,7.891982e-01,1.000000e+00,5/23,18.60%,CHMP4C;RCC1;UBXN2A;CHMP3;REEP3
prerank,Monoatomic Cation Transport (GO:0006812),-0.3062756367879018,-1.0385580801279142,4.089347e-01,7.880970e-01,1.000000e+00,11/40,13.96%,LRP2;PIEZO2;ATP1B1;TRPM1;SLC29A4;TMEM63C;ANO1;CNGB3;CNGA1;GRIN1;NDFIP2
prerank,Iron Ion Transport (GO:0006826),0.38857743459450844,1.0380168245883663,4.164223e-01,6.532535e-01,1.000000e+00,6/24,12.72%,SLC11A1;LTF;MCOLN1;SLC40A1;TFR2;FTH1
prerank,Vascular Transport (GO:0010232),0.3237372382479144,1.0378260982713,3.984576e-01,6.531378e-01,1.000000e+00,17/78,14.12%,SLC2A3;SLCO2B1;SLC28A2;SLC8A2;ABCB1;SLC1A3;ABCG2;SLC2A4;ATP1B2;ATP2A3;LEPR;SLC24A3;SLC6A6;LRP1;SLC6A13;ATP1A2;SLC38A5
prerank,Regulation Of RIG-I Signaling Pathway (GO:0039535),0.4276963012009336,1.0375916200660897,4.137405e-01,6.530999e-01,1.000000e+00,5/18,23.80%,OASL;RNF125;SEC14L1;USP15;BIRC3
prerank,DNA Synthesis Involved In DNA Repair (GO:0000731),-0.3341946576600204,-1.0374247226141868,3.536977e-01,7.897331e-01,1.000000e+00,11/26,29.88%,RFC3;PCLAF;POLE;HROB;POLA1;POLD1;SPRTN;RRM1;PCNA;WRN;POLDIP2
prerank,Regulation Of Cation Channel Activity (GO:2001257),0.34308471631872295,1.0367347146604213,4.184492e-01,6.544448e-01,1.000000e+00,15/50,20.03%,CTSS;FGF14;MMP9;JSRP1;CABP5;JPH3;HCN4;KCNE1;KCNS1;HRC;STAC;DMD;HCN1;VAMP2;NETO1
prerank,Regulation Of Insulin Secretion Involved In Cellular Response To Glucose Stimulus (GO:0061178),-0.34664850928575297,-1.0363594107458827,4.029851e-01,7.910920e-01,1.000000e+00,7/24,16.13%,FOXA2;ANO1;CFTR;ADCY8;LRP5;GPLD1;EFNA5
prerank,Lipid Biosynthetic Process (GO:0008610),-0.2819653705973165,-1.0354988973146688,3.809524e-01,7.918659e-01,1.000000e+00,22/65,22.21%,HSD3B2;PRKAA2;HSD3B1;FASN;CYP51A1;ACSM6;ACSM4;LPCAT1;ELOVL4;ACACA;DHRS11;FDFT1;GUCY2C;ACSM3;MVK;SRD5A1;PIP5K1A;NDUFAB1;AGPAT5;IDI2;MLXIPL;HMGCR
prerank,Negative Regulation Of Protein Catabolic Process (GO:0042177),-0.2921008230765734,-1.0354453427054255,3.878327e-01,7.900720e-01,1.000000e+00,5/52,5.58%,SERPINB12;NELL1;EGFR;MAD2L1;CYP51A1
prerank,Cell-Cell Adhesion Via Plasma-Membrane Adhesion Molecules (GO:0098742),0.2956206013256804,1.0350859622363058,4.063564e-01,6.575512e-01,1.000000e+00,31/157,13.83%,CEACAM8;CD209;PTPRT;CDHR3;SELL;JAML;ITGAM;ITGB2;MYPN;SELP;CRTAM;ITGAL;VCAM1;CD6;CD84;CLDN10;SCARF1;SELE;IGSF21;MYOT;PECAM1;CDH13;CD177;CADM3;SLITRK1;CLDN11;CDH6;ICAM1;EMB;TGFBR2;CDH12
prerank,Positive Regulation Of Substrate Adhesion-Dependent Cell Spreading (GO:1900026),0.37299922264525603,1.034399859594524,4.327323e-01,6.585327e-01,1.000000e+00,11/34,16.43%,OLFM4;DMTN;CASS4;LIMS1;TRIOBP;FLNA;DOCK5;MYADM;ILK;CRKL;LIMS2
prerank,Activation Of Adenylate Cyclase Activity (GO:0007190),0.43005879107999956,1.0342049868345689,4.203822e-01,6.583811e-01,1.000000e+00,4/16,11.72%,TMIGD3;ADORA3;ADRB3;GIPR
prerank,Positive Regulation Of Glucose Import (GO:0046326),0.40589590794940467,1.034189555257001,3.975721e-01,6.578414e-01,1.000000e+00,5/21,17.62%,ITLN1;IRS2;AKT2;CREBL2;PIK3R1
prerank,Neuron Maturation (GO:0042551),0.42459971713227807,1.0340745728614347,4.276923e-01,6.575114e-01,1.000000e+00,7/17,22.23%,C1QA;RND1;SCARF1;CX3CL1;C3;CLN5;B4GALT5
prerank,Activation Of Cysteine-Type Endopeptidase Activity (GO:0097202),0.43728994047319625,1.03367117682595,4.433164e-01,6.578658e-01,1.000000e+00,9/16,28.44%,NLRC4;LGMN;CYFIP2;GRIN2A;TBC1D10A;CASP8;BAK1;CASP9;CIDEB
prerank,Regulation Of Spindle Assembly (GO:0090169),-0.3271499437292037,-1.0331688416095048,4.181818e-01,7.952623e-01,1.000000e+00,8/28,22.93%,CHMP4C;PLK1;GPSM2;SPAG5;CHMP3;STIL;SASS6;CEP97
prerank,Oligodendrocyte Differentiation (GO:0048709),-0.3665921070287156,-1.0328387959873662,3.978202e-01,7.943420e-01,1.000000e+00,5/18,11.35%,MYRF;SHH;TPPP;SOX13;SOX9
prerank,Regulation Of Primary Metabolic Process (GO:0080090),0.36407609406845987,1.0327082660395044,4.171512e-01,6.595177e-01,1.000000e+00,14/39,21.03%,RUBCNL;TREM2;APOE;SERPINA3;ID2;PPARG;PSAP;IRS2;ADIPOR1;TM6SF2;LACTB;PLCG2;PPARD;FGFR4
prerank,Negative Regulation Of Osteoblast Differentiation (GO:0045668),0.38104961661904,1.0325487936543667,4.210526e-01,6.593023e-01,1.000000e+00,13/30,24.96%,TNN;GREM1;SEMA4D;NOG;TNFAIP6;PPARG;TWIST2;CRIM1;RORB;GDF10;NOTCH1;SUFU;SKI
prerank,Embryonic Skeletal System Development (GO:0048706),-0.3179623647684982,-1.0322883296235628,3.745704e-01,7.941589e-01,1.000000e+00,4/33,3.46%,HOXC9;HOXC4;WNT11;HOXA9
prerank,Regulation Of Protein Export From Nucleus (GO:0046825),0.3961394816227595,1.0315810455529475,4.123223e-01,6.609550e-01,1.000000e+00,7/22,24.42%,IL1B;FRAT1;CAMK1;GAS6;FRAT2;EMD;SP100
prerank,Positive Regulation Of miRNA Metabolic Process (GO:2000630),0.34858840497867044,1.031287447720458,4.053691e-01,6.610767e-01,1.000000e+00,23/47,29.78%,SPI1;TNF;TGFB1;FOS;EGR1;IL10;PPARG;ETS1;FGF2;FOXO3;JUN;GATA3;MRTFA;APLN;ZC3H12A;NR3C1;GATA2;NFKB1;ZSWIM8;NGFR;STAT3;FOXA1;SRF
prerank,Acylglycerol Biosynthetic Process (GO:0046463),0.42469648868637166,1.0311435437576608,4.192547e-01,6.608005e-01,1.000000e+00,7/17,21.10%,MOGAT2;PLA2G15;GPAT3;DGAT2;PNPLA2;ANG;LPIN2
prerank,Positive Regulation Of Neuroblast Proliferation (GO:0002052),0.4366291959196169,1.0310759813434163,4.342314e-01,6.603891e-01,1.000000e+00,6/15,23.04%,VCAN;HAPLN1;HAPLN3;BCAN;CX3CL1;DRD2
prerank,Sensory Perception Of Taste (GO:0050909),-0.3832995526448988,-1.0310035393817638,4.148936e-01,7.963969e-01,1.000000e+00,7/15,22.63%,SCNN1A;GNAT3;TAS1R1;ITPR3;SCNN1G;TAS1R3;SCNN1B
prerank,poly(A)+ mRNA Export From Nucleus (GO:0016973),0.40474089389424434,1.030478011001507,4.263566e-01,6.611840e-01,1.000000e+00,5/20,21.83%,NXF3;HHEX;NXF2;NXF1;NXF5
prerank,Protein Autophosphorylation (GO:0046777),0.29634818595337054,1.030247569115086,4.018161e-01,6.611329e-01,1.000000e+00,46/160,22.29%,FGR;CSF1R;HCK;STK10;PIM2;FES;LCK;AATK;TXK;MAP4K1;MYLK2;FLT3;BMX;FYN;PIM1;RIPK3;PTK2B;FGFR1;STK17B;MKNK1;LYN;NTRK1;DAPK1;STK4;FLT1;MAP3K3;EPHB1;LRRK2;ERN1;DDR2;MAP3K10;TEK;OXSR1;FAM20C;MAPK3;NTRK2;GRK5;MAPKAPK2;MAPKAPK3;JAK2;FGFR4;MINK1;PDGFRA;PAK1;MAP3K11;GRK7
prerank,Protein Autoubiquitination (GO:0051865),-0.2720632849775144,-1.0291794202710984,4.019139e-01,8.003173e-01,1.000000e+00,10/69,13.68%,SH3RF2;ASB4;DEPDC1B;UHRF1;RNF157;UBE2T;RAD51;BRCA1;UBE3D;RNF183
prerank,Synaptic Vesicle Recycling (GO:0036465),-0.2930172087299309,-1.0290869445136315,3.804348e-01,7.986987e-01,1.000000e+00,9/43,12.33%,WNT7A;SYT7;AP3B2;SYT1;STX1A;NLGN1;SYT8;SYT2;SYT5
prerank,Synaptic Vesicle Endocytosis (GO:0048488),0.36397017099719803,1.0284447038802693,4.367177e-01,6.646026e-01,1.000000e+00,15/37,22.99%,SNCA;DNM3;NLGN4X;SNCG;DNAJC6;FCHO2;PACSIN1;PICALM;PIP5K1C;OPHN1;NLGN3;VAMP2;GAK;SYNJ1;DNM2
prerank,Regulation Of Integrin-Mediated Signaling Pathway (GO:2001044),0.4190949351727798,1.0283388877952908,4.387292e-01,6.642590e-01,1.000000e+00,6/19,16.43%,TIMP1;DMTN;LIMS1;FLNA;CD177;LIMS2
prerank,Cardiac Epithelial To Mesenchymal Transition (GO:0060317),0.4145937896816478,1.0282059145049818,4.303216e-01,6.639741e-01,1.000000e+00,9/18,25.90%,SNAI1;BMP2;ENG;RBPJ;TGFBR1;TBX3;TGFBR3;NOTCH1;PDCD4
prerank,Negative Regulation Of Release Of Cytochrome C From Mitochondria (GO:0090201),0.43668920368701164,1.028008519743646,4.150641e-01,6.638354e-01,1.000000e+00,6/15,27.83%,CLU;GPX1;PPIF;BAK1;HGF;BCL2L1
prerank,Regulation Of Cardiac Muscle Hypertrophy (GO:0010611),0.40612967968301195,1.0278143073449066,4.301413e-01,6.636838e-01,1.000000e+00,8/21,24.34%,NR4A3;LMCD1;MTPN;RGS2;IL6ST;P2RX4;MLIP;NOTCH1
prerank,Aorta Morphogenesis (GO:0035909),0.41583632895835465,1.0274648985516408,4.214744e-01,6.639492e-01,1.000000e+00,6/17,15.59%,ADAMTS9;LRP1;ENG;RBPJ;TGFBR2;EFEMP2
prerank,Proton Transmembrane Transport (GO:1902600),0.34484399394849535,1.0270838245527134,4.280053e-01,6.642959e-01,1.000000e+00,17/46,21.16%,SLC36A2;TCIRG1;HVCN1;ATP6AP2;ATP6V1B2;RNASEK;ATP1A2;SLC36A1;FXYD2;ATP6AP1;ATP6V1F;ATP6V0D1;ATP6V0C;SLC46A1;UCP2;UCP1;TMEM175
prerank,Circulatory System Development (GO:0072359),0.301709913221391,1.026641851484395,4.202733e-01,6.647262e-01,1.000000e+00,44/126,25.59%,MYL2;FOXC2;LDB3;TGFB1;KDM6B;ADAP2;BMP2;FN1;ACVRL1;FOXF1;KAT2B;NTRK3;ID2;APLNR;SOX17;TGFBR2;FBN1;CDKN1A;TEK;MEF2C;PDLIM7;BORCS8-MEF2B;KDM6A;HEG1;TGFBR1;OXSR1;PTEN;PDLIM3;SOX18;ECE1;PKD2;CASP8;ZFPM1;ISL1;GLI2;TAB2;TCF21;CDKN1B;PDLIM4;NOTCH1;FBXW7;CITED2;PDLIM1;RAMP2
prerank,Regulation Of Monoatomic Ion Transport (GO:0043269),0.39504585201705383,1.026464091865717,4.234770e-01,6.645818e-01,1.000000e+00,9/24,14.19%,KCNJ10;KCNJ16;KCNJ18;CLDN10;KCNJ5;KCNJ1;SCN10A;STC1;CALHM1
prerank,Regulation Of Mitotic Cell Cycle (GO:0007346),-0.2436017842852874,-1.026041078615408,3.676471e-01,8.063574e-01,1.000000e+00,28/122,16.12%,CDCA2;NEK2;PKMYT1;CAV2;MAD2L1;PLK1;FBXO43;BRD7;MKI67;RPRM;RCC1;CKS1B;CDC20;CCNB1;SCRIB;GMNN;BORA;PTPN3;CKS2;SOX9;ASAH2;ASNS;INTS13;MCIDAS;ZNF268;BTG3;OBSL1;TTLL12
prerank,Positive Regulation Of Signaling (GO:0023056),-0.30484137190835636,-1.0257089894473317,4.066667e-01,8.055283e-01,1.000000e+00,6/35,9.26%,RIMS2;NMU;NMB;SYT1;LGI1;SCRIB
prerank,Negative Regulation Of ERK1 And ERK2 Cascade (GO:0070373),0.3480556404753891,1.025527125650444,4.490358e-01,6.660890e-01,1.000000e+00,18/45,23.66%,TIMP3;PTPRC;TLR4;PTPRR;GBP1;SIRPA;FBLN1;LYN;RGS14;DUSP3;TNIP1;PTEN;PSCA;FLCN;DUSP10;SPRED3;EMILIN1;DUSP4
prerank,Regulation Of Glucose Transmembrane Transport (GO:0010827),0.4315912919271423,1.0249127542454217,4.439179e-01,6.669646e-01,1.000000e+00,7/16,21.76%,PRKCB;IL1B;NR4A3;PRKAG2;INPP5K;C3;RTN2
prerank,Regulation Of Cellular Response To Growth Factor Stimulus (GO:0090287),-0.35646041512756965,-1.0245600186932637,4.245014e-01,8.072763e-01,1.000000e+00,2/18,0.99%,NELL1;FSTL4
prerank,Negative Regulation Of Epithelial Cell Proliferation (GO:0050680),0.32810091337328073,1.0232042569589195,4.266667e-01,6.703149e-01,1.000000e+00,23/64,25.27%,THBS1;ALOX5;TGFB1;RUNX3;SPARC;B2M;NLRC3;APOE;RGCC;NUPR1;EREG;SULF1;KLF9;CDKN1C;GATA3;DUSP10;TGFBR3;VASH1;FGFR2;NFIB;FBXW7;TINF2;STAT1
prerank,Regulation Of Transcription Regulatory Region DNA Binding (GO:2000677),0.38598016175372074,1.0226754432565384,4.374057e-01,6.709338e-01,1.000000e+00,2/25,6.09%,GATA1;TGFB1
prerank,Amino Acid Transmembrane Transport (GO:0003333),0.3526457796925059,1.0213360606188011,4.241573e-01,6.734635e-01,1.000000e+00,13/38,21.36%,SLC36A2;SLC7A7;SLC47A1;SLC6A6;SLC22A4;SLC6A13;SFXN3;SLC38A5;SLC36A1;SLC7A10;SLC16A2;SLC38A11;MFSD12
prerank,Positive Regulation Of Calcineurin-Mediated Signaling (GO:0106058),0.4208009736814726,1.0212261789292525,4.638365e-01,6.725890e-01,1.000000e+00,2/16,9.52%,TNF;LMCD1
prerank,Positive Regulation Of calcineurin-NFAT Signaling Cascade (GO:0070886),0.4208009736814726,1.0212261789292525,4.638365e-01,6.725890e-01,1.000000e+00,2/16,9.52%,TNF;LMCD1
prerank,Negative Regulation Of Protein Modification Process (GO:0031400),0.3203010754561717,1.0211885332920505,4.348925e-01,6.720964e-01,1.000000e+00,23/75,18.67%,TGFB1;PPP1R16B;SIRPA;FBLN1;BEX4;NIBAN1;LYN;PRR5L;NTRK3;FKBP8;MYADM;FOXP3;PPP1R15A;PRNP;LRRK2;CRKL;CDKN1A;CRTAP;PLPP3;DMD;INPP5K;CORO1C;PTEN
prerank,Positive Regulation Of Cell Development (GO:0010720),0.3661644564202667,1.021068433042231,4.245014e-01,6.717929e-01,1.000000e+00,12/33,20.53%,LMOD3;IFNG;NKX6-1;CLEC7A;MYF6;SERPINF1;OPRM1;RGS14;NUMB;RFX3;MME;NAP1L1
prerank,Protein Destabilization (GO:0031648),0.36140274851768617,1.0205034889285365,4.365994e-01,6.724915e-01,1.000000e+00,7/35,16.52%,SNCA;PYHIN1;SOX17;PRNP;CTSH;TRIM21;DAZAP2
prerank,Protein Processing (GO:0016485),0.30586715249668833,1.020165215929039,4.501188e-01,6.726727e-01,1.000000e+00,30/112,22.00%,CTSG;KEL;SRGN;CTSS;THBD;CD5L;VSIR;CPXM2;CPZ;CASP1;LGMN;MASP1;CTSL;PCSK6;PCSK2;TLL1;ADAM19;CTSH;APH1B;CASP4;FURIN;HJV;PSENEN;MEP1A;ECE1;MME;PCSK7;GGT1;CLN5;PCSK4
prerank,Response To Axon Injury (GO:0048678),0.41767001432044554,1.020141680781142,4.461778e-01,6.721539e-01,1.000000e+00,6/18,20.47%,P2RY12;TYROBP;TREM2;RTN4RL1;PLCG2;P2RX4
prerank,Amino Acid Import Across Plasma Membrane (GO:0089718),0.3833110056085161,1.0200657603124768,4.600871e-01,6.717486e-01,1.000000e+00,8/25,15.16%,SLC1A3;TSPO2;SLC47A1;SLC6A6;SLC22A4;SLC6A13;SLC38A5;SLC36A1
prerank,Determination Of Heart Left/Right Asymmetry (GO:0061371),0.363598534395305,1.0200292106238922,4.558205e-01,6.712461e-01,1.000000e+00,12/36,20.93%,DNAAF1;NKX2-5;IHH;ENG;MMP23A;APLNR;SOX17;TGFBR2;MEF2C;CCDC39;SOX18;PKD2
prerank,Regulation Of Viral Transcription (GO:0046782),0.4216618810988905,1.0197274838623436,4.516616e-01,6.713569e-01,1.000000e+00,3/17,15.85%,ZFP36;IFITM3;TRIM21
prerank,Membrane Lipid Biosynthetic Process (GO:0046467),-0.2750435900280481,-1.0194453674761221,3.898305e-01,8.215253e-01,1.000000e+00,10/56,11.14%,CERS3;DEGS2;ELOVL6;ALDH3B2;FA2H;SPTSSA;HACD3;ELOVL4;PRKD1;SPTSSB
prerank,Peptide Metabolic Process (GO:0006518),0.336866341726889,1.0186565690844003,4.366013e-01,6.732271e-01,1.000000e+00,16/54,23.46%,ANPEP;CPXM2;TPP1;NAT8B;CPZ;ACE;CPQ;MGAT3;FURIN;DMD;NAALADL1;MME;GGT1;CLN5;TRHDE;ERAP2
prerank,Carboxylic Acid Transport (GO:0046942),0.33769935055047345,1.0181791122352757,4.234828e-01,6.736993e-01,1.000000e+00,20/51,21.05%,SLC36A2;SLC6A19;SLC6A15;SLC16A6;SLC6A12;SLC43A2;SLC16A10;SLC6A6;SLC16A14;SLC6A13;PSAP;SLC38A5;PDPN;SLC36A1;SLC16A3;SLC17A5;SLC7A10;SLC16A2;SLC43A1;SLC1A7
prerank,Regulation Of Fatty Acid Oxidation (GO:0046320),-0.3746494294939224,-1.018070494927366,4.273743e-01,8.237833e-01,1.000000e+00,4/16,11.35%,SIRT4;ACADL;KLHL25;SOX9
prerank,Amyloid Precursor Protein Metabolic Process (GO:0042982),0.4237628281044383,1.0180602988447425,4.340491e-01,6.734138e-01,1.000000e+00,8/17,25.35%,TMCC2;APOE;ADAM19;APH1B;LDLRAP1;PSENEN;ACHE;NCSTN
prerank,Endocrine System Development (GO:0035270),-0.3453087005006569,-1.0178538070864032,4.475309e-01,8.226286e-01,1.000000e+00,2/22,2.07%,NKX2-1;WNT11
prerank,Regulation Of Cell-Cell Adhesion Mediated By Cadherin (GO:2000047),-0.37330313682243954,-1.0161846108538763,4.190751e-01,8.259966e-01,1.000000e+00,3/17,6.79%,FOXA2;EPCAM;NEXMIF
prerank,Cell-Cell Junction Assembly (GO:0007043),-0.271711924471774,-1.0160202023920433,4.048780e-01,8.245778e-01,1.000000e+00,11/65,9.17%,GJB2;GJB6;DSG1;PKP1;PKP3;CLDN12;CTNND2;PATJ;CDH1;GJC1;CDH8
prerank,Heart Trabecula Morphogenesis (GO:0061384),0.4128601427679868,1.0160106064567795,4.652241e-01,6.774376e-01,1.000000e+00,10/17,27.81%,S1PR1;ENG;NOG;RBPJ;TEK;TGFBR1;TGFBR3;NOTCH1;NRG1;FKBP1A
prerank,Positive Regulation Of Filopodium Assembly (GO:0051491),-0.32838046876315763,-1.0159560015822857,4.483776e-01,8.228255e-01,1.000000e+00,8/26,18.56%,NELL1;MYO3B;RALA;NLGN1;DPYSL3;WASL;FNBP1L;FSCN1
prerank,Regulation Of Apoptotic Signaling Pathway (GO:2001233),0.3544561478584221,1.0150983964035523,4.490862e-01,6.789339e-01,1.000000e+00,13/43,18.27%,CTSS;TNF;CTSL;CTSK;TMBIM1;TRAF1;CTSH;GRINA;NR4A2;PYCARD;CYLD;TGFBR1;CX3CL1
prerank,Negative Regulation Of Apoptotic Signaling Pathway (GO:2001234),0.31852031068071757,1.0149919691309852,4.378049e-01,6.785944e-01,1.000000e+00,18/78,20.49%,THBS1;PLAUR;MMP9;TNF;CLU;HERPUD1;GPX1;MPV17L;TMBIM1;HSPA1A;GRINA;PPIF;NR4A2;TGFBR1;CX3CL1;CFLAR;AKR1B1;DDX3X
prerank,Regulation Of Protein-Containing Complex Assembly (GO:0043254),0.3032098861560521,1.0148481487601624,4.258600e-01,6.783292e-01,1.000000e+00,37/112,27.78%,SELP;HCK;SOST;TAL1;IFNG;CLEC7A;TNF;TGFB1;TMC8;TRABD2B;CLU;APOE;CD36;SYK;MMP3;BMF;NAPA;SVIP;WARS1;BCL2L11;RIOK3;BRK1;TFIP11;DDX3X;ISL1;CRYAB;FNIP2;GBA1;RAF1;PINK1;CDC42;RB1;RHOC;BAK1;CDC42EP2;SORL1;NRG1
prerank,Negative Regulation Of Extrinsic Apoptotic Signaling Pathway Via Death Domain Receptors (GO:1902042),0.39316643971251086,1.014643498736624,4.486405e-01,6.782196e-01,1.000000e+00,10/22,23.25%,HMOX1;SERPINE1;GPX1;TMBIM1;ICAM1;TNFAIP3;PEA15;CFLAR;DDX3X;NOS3
prerank,Establishment Of Protein Localization To Membrane (GO:0090150),-0.2733014008358586,-1.0138820442650687,4.315353e-01,8.274846e-01,1.000000e+00,15/64,19.75%,FRMPD1;GOLGA7B;ZDHHC15;EGFR;ZDHHC11B;ZDHHC11;RAB3IP;REEP1;ZDHHC9;ZDHHC23;NACA2;AQP11;VPS37D;RTP4;NECTIN3
prerank,Regulation Of miRNA-mediated Gene Silencing (GO:0060964),0.42773957303902527,1.01225770284525,4.657980e-01,6.830821e-01,1.000000e+00,3/15,18.64%,ZFP36;PPARG;POU5F1
prerank,Arp2/3 Complex-Mediated Actin Nucleation (GO:0034314),0.4133544799052666,1.0121377587630573,4.641221e-01,6.827741e-01,1.000000e+00,6/17,23.19%,IQGAP2;WIPF3;ARPC5;ARPC4;ARPC2;ARPC3
prerank,Modified Amino Acid Transport (GO:0072337),0.3774355310567932,1.011315832780959,4.485190e-01,6.840680e-01,1.000000e+00,8/27,19.14%,FOLR2;SLC7A7;FOLR3;SLC47A1;SLC6A13;PDPN;SLC46A1;SLC6A8
prerank,Response To Purine-Containing Compound (GO:0014074),0.3929726821777384,1.0107706292010226,4.631268e-01,6.847567e-01,1.000000e+00,7/23,15.78%,TLR7;P2RX7;RYR1;P2RY1;CLU;ADORA2A;ENPP1
prerank,Negative Regulation Of Catabolic Process (GO:0009895),-0.26929887228130456,-1.010304253713678,4.601770e-01,8.368303e-01,1.000000e+00,5/68,5.58%,SERPINB12;NELL1;EGFR;MAD2L1;CYP51A1
prerank,Chromosome Condensation (GO:0030261),-0.31490106634293175,-1.0102584925135005,4.238806e-01,8.350381e-01,1.000000e+00,9/30,13.11%,PLK1;TOP2A;SMC4;CDCA5;NCAPH;GPER1;NCAPD2;NCAPD3;NUSAP1
prerank,Response To Light Stimulus (GO:0009416),0.333936134423403,1.0098404839695685,4.614379e-01,6.862882e-01,1.000000e+00,5/53,6.97%,ELANE;SLC24A4;GNAT1;TNFSF13B;CDKN2D
prerank,Non-Membrane-Bounded Organelle Assembly (GO:0140694),0.2956436509597103,1.0085609508640847,4.606345e-01,6.886186e-01,1.000000e+00,53/134,30.80%,LMOD2;MYOZ1;KLHL41;LMOD3;BIN2;GOLGA6C;GOLGA8G;MYL9;PATL2;GOLGA6A;TMOD1;GOLGA6B;MAPRE2;PLA2G4C;ASB2;VCX;DAZAP2;MYH6;TMOD4;GOLGA8DP;TMOD2;G3BP2;GOLGA8K;LMOD1;DDX3X;GOLGA8S;CDS2;TUBGCP2;FLII;EIF4ENIF1;CIRBP;NPC1;GOLGA8M;GOLGA8T;NEK7;CSNK1D;SFI1;NEK6;GOLGA8CP;ZFYVE1;GOLGA8H;CENPT;GOLGA8O;NCOR1;GOLGA8J;GOLGA8N;PGM5;CENPC;LIMD1;RNF213;GOLGA8Q;E2F4;HAUS3
prerank,Response To UV-B (GO:0010224),-0.38286145711133757,-1.0080094958197563,4.308943e-01,8.403779e-01,1.000000e+00,4/15,11.49%,IVL;MSH2;MAP3K20;HYAL1
prerank,Insulin Receptor Signaling Pathway (GO:0008286),0.3398914093591745,1.0073717661363268,4.576503e-01,6.907231e-01,1.000000e+00,13/45,19.24%,FOXC2;GRB2;SH2B2;FOXO4;IRS4;IRS2;AKT2;NAMPT;PDK4;FOXO1;RARRES2;PIK3R1;PDK2
prerank,Regulation Of Monoatomic Cation Transmembrane Transport (GO:1904062),0.3596540276259941,1.0065922833093863,4.493581e-01,6.918947e-01,1.000000e+00,8/36,18.63%,BPIFA1;KCNAB2;HCN4;KCNE1;GRIN2A;HRC;GRIN2D;HCN1
prerank,Regulation Of Signal Transduction By P53 Class Mediator (GO:1901796),-0.2844497518327067,-1.0061202146818398,4.243542e-01,8.442672e-01,1.000000e+00,17/47,31.55%,CHEK1;BOP1;SOX4;RRS1;URB2;SMYD2;NOP2;AURKA;RPF2;MAPKAPK5;KMT5A;RPL5;AURKB;RPS20;PAK1IP1;USP2;RPL17
prerank,Cardiac Conduction System Development (GO:0003161),-0.33690457525618395,-1.0048261312098967,4.565217e-01,8.465628e-01,1.000000e+00,3/23,5.75%,GJB6;SHOX2;SCN5A
prerank,Regulation Of Fatty Acid Biosynthetic Process (GO:0042304),0.38435036587896,1.0047983287099436,4.598540e-01,6.953582e-01,1.000000e+00,7/24,17.34%,APOA4;APOC2;APOC1;KAT2B;NR1H3;PDK4;MID1IP1
prerank,Cell Surface Receptor Signaling Pathway Involved In Heart Development (GO:0061311),0.4147473990961045,1.004790731278588,4.389857e-01,6.947862e-01,1.000000e+00,5/16,13.16%,TGFB1;SNAI1;BMP2;NOG;RBPJ
prerank,Adenylate Cyclase-Inhibiting G Protein-Coupled Receptor Signaling Pathway (GO:0007193),0.3422873754296646,1.0045454152146507,4.801587e-01,6.947680e-01,1.000000e+00,13/45,15.03%,MARCO;P2RY12;FPR2;AKAP12;FFAR3;GNAI2;PDE2A;OPRM1;FLNA;ADCY7;PSAP;MTNR1A;OPRL1
prerank,Positive Regulation Of Viral Genome Replication (GO:0045070),0.3695925877457163,1.004397659285193,4.498567e-01,6.945505e-01,1.000000e+00,2/29,2.50%,CCL5;CD28
prerank,Positive Regulation Of Cell Cycle G2/M Phase Transition (GO:1902751),-0.3436212796536276,-1.0039827437975595,4.235294e-01,8.474080e-01,1.000000e+00,12/23,28.54%,CDC7;CDK1;CCNB1;NPM1;CDC25A;DBF4B;CDC25C;CDC25B;RCC2;RRM1;RAD51B;CDK4
prerank,Positive Regulation Of Osteoblast Differentiation (GO:0045669),-0.2861872499274403,-1.0034217767163531,4.404762e-01,8.472503e-01,1.000000e+00,9/44,11.60%,NELL1;BMP4;NPNT;WNT7B;CCNA2;BMPR1B;PRKD1;CTNNBIP1;LRP5
prerank,Endoplasmic Reticulum To Golgi Vesicle-Mediated Transport (GO:0006888),-0.2416049129195258,-1.003248501091375,4.397590e-01,8.458203e-01,1.000000e+00,28/114,26.38%,GOLT1A;CTAGE8;CTAGE4;CTAGE15;LMAN1L;CTAGE9;CTAGE6;PGAP1;YKT6;ERGIC2;TMED3;ATL2;HYOU1;PDCD6;CNIH4;SEC22A;LMAN2L;IER3IP1;PREB;TMED2;BET1;TRAPPC6A;BCAP29;SPAST;VAPB;KDELR2;TRAPPC9;ZW10
prerank,Negative Regulation Of Cellular Biosynthetic Process (GO:0031327),0.29874127778932225,1.0020181804365282,4.661922e-01,6.993863e-01,1.000000e+00,17/124,12.80%,PRG3;ANKRD1;GZMB;PLEK;PTGIS;IGFBP5;GFI1;BTG2;APOC1;PATL2;FYN;SIRPA;SNAI1;ACVRL1;GLA;DAPK1;MPV17L
prerank,Chaperone-Mediated Protein Complex Assembly (GO:0051131),-0.3487062673771548,-1.0019041379177862,4.395280e-01,8.482122e-01,1.000000e+00,6/19,17.39%,HOPX;PSMG3;BBS10;PSMG1;HSPD1;CCT2
prerank,"RNA Splicing, Via Transesterification Reactions With Bulged Adenosine As Nucleophile (GO:0000377)",-0.22837658172483627,-1.0016430775090226,5.045045e-01,8.471799e-01,1.000000e+00,77/174,42.41%,LSM5;BUD31;MAGOHB;SNRPG;SNRPD1;SNRPF;GCFC2;SNRPE;SF3B6;LSM4;PABPC1;PPIL1;SNRNP27;GEMIN6;SYNCRIP;CWC27;RBM8A;USP39;RBM19;PNN;TXNL4A;SF3B4;SRSF10;PRPF19;SNRPA1;LSM7;HTATSF1;RSRC1;NCBP1;PPIH;DHX35;PRPF31;SF3B3;RBM41;HNRNPR;HNRNPA3;TRA2A;PRPF40B;HNRNPA1;CENATAC;U2AF1;HSPA8;CWC15;SNRPB;PRPF4;U2AF2;MTREX;GEMIN5;GEMIN7;METTL3;DDX39A;SNRPB2;PRPF40A;RBMX2;SRSF9;SNRNP200;ZCCHC8;DDX46;RNPS1;HNRNPC;SART3;PRPF3;SNRPA;LSM3;SRSF12;SNRNP35;PHF5A;DBR1;SRSF1;NCBP2;BUD13;EIF4A3;SF3A2;DDX23;WBP4;SNRPD2;CDC5L
prerank,Positive Regulation Of Ossification (GO:0045778),-0.2939757676871646,-1.0014659725988069,4.444444e-01,8.458728e-01,1.000000e+00,14/40,21.03%,NELL1;ADGRV1;BMP4;CCNA2;FZD9;BMPR1B;ISG15;SLC20A2;OSR2;TFAP2A;BMPR1A;SOX11;FBN2;KL
prerank,Intracellular Lipid Transport (GO:0032365),0.40649844949291675,1.0014240277034456,4.555556e-01,7.001228e-01,1.000000e+00,9/18,30.55%,ABCD2;GRAMD1B;GRAMD1A;NPC2;SLC25A20;CERT1;CPT1A;ABCD4;SGPP1
prerank,Negative Regulation Of mRNA Processing (GO:0050686),-0.3724897916686942,-1.001384449092511,4.309859e-01,8.441648e-01,1.000000e+00,12/15,51.19%,RBM20;SRSF10;U2AF2;SRSF9;RNPS1;SRSF12;C1QBP;PCBP4;SRSF6;SRSF7;RBMX;SFSWAP
prerank,Fibroblast Growth Factor Receptor Signaling Pathway (GO:0008543),0.3736558389906231,1.0005555341907357,4.631268e-01,7.014441e-01,1.000000e+00,10/28,22.90%,FGF5;FGF9;FGFR1;NOG;FGF1;FGF2;FGF10;FGFR4;SHOC2;FGFR2
prerank,Apoptotic Nuclear Changes (GO:0030262),-0.38144877872809957,-1.0004053180000023,4.488778e-01,8.454844e-01,1.000000e+00,4/15,11.04%,CECR2;ACVR1C;TOP2A;GPER1
prerank,Regulation Of Canonical Wnt Signaling Pathway (GO:0060828),0.2846800988049749,1.0000516410923073,4.994438e-01,7.020037e-01,1.000000e+00,46/192,20.69%,CCL14;GPC3;SOST;DAB2;PTPRO;TGFB1;NKX2-5;IGFBP6;RSPO1;CSNK1A1L;GREM1;ZEB2;TMEM170B;SFRP4;APOE;HHEX;COL1A1;BMP2;FRAT1;TMEM88;TLE4;ATP6AP2;NOG;DKK3;STK4;TLE3;SOX17;FRZB;ILK;LRRK2;LATS2;GLI1;HECW1;CYLD;FZD7;TMEM131L;SHISA6;FGF10;FUZ;ZNF703;OTUD5;BICC1;LGR6;GNAQ;DDX3X;ZNRF3
prerank,Purine-Containing Compound Biosynthetic Process (GO:0072522),-0.36319169034151827,-1.0000181407068143,4.494681e-01,8.447250e-01,1.000000e+00,8/16,27.47%,PAICS;PPAT;GART;SHMT2;MTHFD1;GMPS;ADSL;PFAS
prerank,Positive Regulation Of Actin Filament Bundle Assembly (GO:0032233),0.33763366538554757,0.9993856836211752,4.674635e-01,7.029402e-01,1.000000e+00,22/49,22.22%,PLEK;CCN2;VIL1;GPR65;RGCC;EVL;SORBS3;PPM1F;SYNPO;RHOA;TGFBR1;CX3CL1;SYNPO2L;TPM1;ARHGEF10L;PXN;TESK1;ARHGEF15;SYNPO2;FHOD1;PAK1;PFN1
prerank,Regulation Of Establishment Or Maintenance Of Cell Polarity (GO:0032878),0.4095495305650462,0.9989824937919181,4.667722e-01,7.032929e-01,1.000000e+00,4/18,16.00%,RIPOR2;PTK2B;RAP1B;TEK
prerank,Regulation Of Cell Size (GO:0008361),0.39488040275098846,0.9987995284593316,4.619970e-01,7.031324e-01,1.000000e+00,7/23,18.67%,PLEK;VAV1;VAV3;MTPN;RHOA;MSN;PTEN
prerank,Presynaptic Endocytosis (GO:0140238),0.3695170098889406,0.9985205654619524,4.868035e-01,7.031679e-01,1.000000e+00,12/30,22.99%,SNCA;DNM3;NLGN4X;SNCG;FCHO2;PACSIN1;PIP5K1C;OPHN1;NLGN3;VAMP2;SYNJ1;DNM2
prerank,Platelet-Derived Growth Factor Receptor Signaling Pathway (GO:0048008),-0.3810061373355118,-0.9970677581057021,4.663342e-01,8.520875e-01,1.000000e+00,1/15,0.11%,NELL1
prerank,RNA Biosynthetic Process (GO:0032774),-0.3183553681159207,-0.9968119785623344,4.263804e-01,8.509590e-01,1.000000e+00,8/28,21.78%,NKX2-1;NAT14;POLA2;POLA1;TAF6;PRIM1;PRIM2;MTERF1
prerank,Regulation Of DNA Replication (GO:0006275),-0.25775090804315137,-0.9963336452087848,4.438503e-01,8.505540e-01,1.000000e+00,25/72,32.60%,DSCC1;EGFR;ESCO2;CCNA2;GMNN;CHRAC1;CDC6;DNA2;ORC5;UCHL5;MCIDAS;BLM;ATAD5;POLE3;ATR;NFRKB;FAF1;CDT1;PCNA;GTPBP4;RBBP6;RAD17;ORC3;INO80C;ING5
prerank,Regulation Of Heart Rate By Cardiac Conduction (GO:0086091),-0.2942208930478222,-0.9963041678561559,4.691781e-01,8.487248e-01,1.000000e+00,12/37,13.62%,DSP;SCN5A;DSG2;ANK2;SCN3B;HCN3;CAV1;CACNA1D;KCNH2;JUP;KCND3;DSC2
prerank,Cellular Response To Calcium Ion (GO:0071277),-0.2738197008078147,-0.9958907817503561,4.428571e-01,8.482083e-01,1.000000e+00,20/63,15.89%,SYT7;ADCY1;ADGRV1;CPNE7;SYT1;PRKAA2;SCN5A;NLGN1;SYT8;AKR1C3;ADCY8;KCNH1;ECT2;SYT2;RYR3;SYT5;ITPKA;CPNE6;GPLD1;CAPN3
prerank,Negative Regulation Of Striated Muscle Cell Differentiation (GO:0051154),0.40983660566345126,0.9955908533311169,4.704992e-01,7.091402e-01,1.000000e+00,10/17,25.72%,NKX2-5;BMP2;SOX6;TMEM119;XBP1;BHLHA15;FZD7;BHLHE41;HDAC5;HDAC4
prerank,Cell-Cell Adhesion Mediated By Cadherin (GO:0044331),0.3842440857622444,0.9951544868115437,4.771723e-01,7.095072e-01,1.000000e+00,9/22,24.33%,CDHR3;CDH13;CDH6;CDH12;CDH15;CDH11;DCHS1;CDH17;CDH3
prerank,Sodium Ion Transmembrane Transport (GO:0035725),0.3091120395047521,0.9947780207376048,4.893082e-01,7.097926e-01,1.000000e+00,26/78,19.98%,SLC24A4;SLC6A19;ATP12A;SLC6A15;SLC8A2;SLC6A12;SLC8A3;ATP1B2;HCN4;SLC24A3;PKD2L1;SLC6A6;SCN2B;SLC6A13;SLC9A9;ATP1A2;SCN10A;NALCN;SCN1B;FXYD2;HCN1;SLC8A1;SLC6A8;ATP1B3;SLC4A8;SLC6A4
prerank,Sodium Ion Import Across Plasma Membrane (GO:0098719),-0.34349648700252966,-0.9946492271905016,4.613181e-01,8.501363e-01,1.000000e+00,6/21,15.02%,SCNN1A;SLC12A2;SLC9A2;SLC9A4;SCNN1G;SLC5A1
prerank,Hepaticobiliary System Development (GO:0061008),-0.33471552858903936,-0.9945352779843457,4.847561e-01,8.486513e-01,1.000000e+00,4/23,6.98%,COBL;PCSK9;PROX1;MET
prerank,Negative Regulation Of DNA Binding (GO:0043392),0.3595581840932577,0.9943040495579785,4.585714e-01,7.103035e-01,1.000000e+00,3/29,8.32%,GATA1;GZMA;NFKBIA
prerank,Cardiac Muscle Cell Action Potential Involved In Contraction (GO:0086002),-0.3286375639607006,-0.9940145606922043,4.371257e-01,8.485136e-01,1.000000e+00,7/26,12.30%,SCN1A;SCN5A;SCN3B;GJC1;NEDD4L;CACNA1D;KCNH2
prerank,Regulation Of Neurogenesis (GO:0050767),-0.269398252623771,-0.9924984434032544,4.345992e-01,8.514986e-01,1.000000e+00,6/62,4.28%,LRP2;WNT7A;ASCL1;HES6;WNT3;ASCL2
prerank,Phosphatidylinositol Biosynthetic Process (GO:0006661),0.3040099637007443,0.9920481167309229,4.879518e-01,7.146781e-01,1.000000e+00,25/97,19.70%,SLA2;PIK3CG;INPP5D;SOCS3;TPTE2;CISH;SOCS1;FGF2;VAC14;MTMR14;MTMR6;INPP4A;INPP5K;SLC27A1;PLCG2;PI4KA;PIK3R1;MTMR3;PIP5K1C;PTEN;TP53INP2;MBOAT7;PI4K2A;PITPNM1;FIG4
prerank,Dephosphorylation (GO:0016311),0.28933046012544256,0.992017496317357,5.000000e-01,7.141467e-01,1.000000e+00,30/139,19.12%,PTPRT;PTPRC;PTPN22;TPTE;PTPN7;PTPRO;DUSP5;ALPL;PPM1M;TPTE2;PTPRR;PTPN6;DAPP1;PTPRJ;PTPRE;PTPN5;FBP1;PLPPR3;PPM1F;DUSP3;PLPPR2;SSH2;PLPP3;MTMR6;INPP5K;TIMM50;DUSP18;MTMR3;PTEN;CTDP1
prerank,Monoatomic Ion Transport (GO:0006811),0.30055371997782393,0.9919748896637691,4.851852e-01,7.136550e-01,1.000000e+00,19/99,15.61%,SLC4A1;P2RX1;SLC36A2;SLC26A4;SLC24A4;CHRNA4;SLC15A3;SLC8A2;SLC1A3;MCOLN1;SLC8A3;HCN4;SLC24A3;PKD2L1;SLC9A9;CALHM1;CNGA3;SLC36A1;CHRNA2
prerank,Regulation Of Smooth Muscle Cell Migration (GO:0014910),0.3905440682515319,0.9917353628636788,4.875776e-01,7.135606e-01,1.000000e+00,5/19,14.18%,CCL5;SERPINE1;IGFBP5;LRP1;VTN
prerank,Cardiac Muscle Cell Contraction (GO:0086003),-0.3479298496755673,-0.9910435114019976,4.560000e-01,8.540096e-01,1.000000e+00,4/17,11.97%,SCN1A;SCN5A;SCN3B;CACNA1D
prerank,Cell-Cell Junction Organization (GO:0045216),-0.2674378126611165,-0.9888312365750426,4.666667e-01,8.592996e-01,1.000000e+00,17/63,10.98%,DSG1;OCLN;PKHD1;PKP1;DSP;PKP3;CTNND2;F2RL1;CXADR;CDH1;DSG2;GJC1;MARVELD2;CDH8;CLDN1;TJP2;MARVELD3
prerank,Oligodendrocyte Development (GO:0014003),-0.37281079404531736,-0.9883921871612948,4.645892e-01,8.588371e-01,1.000000e+00,8/15,35.28%,MYRF;TPPP;PLP1;EIF2B5;EIF2B1;GPM6B;NSUN5;EIF2B2
prerank,miRNA Processing (GO:0035196),-0.31376148491508044,-0.98800944397862,4.711246e-01,8.580377e-01,1.000000e+00,16/30,43.24%,TARBP2;GARS1;PUS10;DGCR8;PRKRA;NCBP1;BCDIN3D;DROSHA;SRRT;SPOUT1;METTL3;ZC3H7B;SMAD3;NCBP2;PUM2;AGO2
prerank,Glycosphingolipid Metabolic Process (GO:0006687),0.37666815441161283,0.9871109687961283,5.036390e-01,7.233689e-01,1.000000e+00,13/27,24.89%,ST8SIA1;GM2A;GLA;ST8SIA5;GALC;SMPD1;ST6GALNAC6;GLB1;CERK;ABCA2;SUMF1;UGCG;ST3GAL5
prerank,rRNA Modification (GO:0000154),-0.3622823104731526,-0.9869932736278053,4.714286e-01,8.592263e-01,1.000000e+00,11/16,38.92%,MRM1;NHP2;NAT10;DKC1;METTL5;MRM2;TSR3;TFB2M;TFB1M;ZCCHC4;TRMT112
prerank,Response To Calcium Ion (GO:0051592),-0.2494171148445774,-0.986712260608566,4.970060e-01,8.581784e-01,1.000000e+00,26/100,14.83%,SYT7;ADCY1;TNNT2;ADGRV1;CPNE7;SYT1;PRKAA2;FGB;SCN5A;NLGN1;SYT8;AKR1C3;ADCY8;KCNH1;ECT2;SYT2;SLC25A13;CAV1;ITPR3;KCNMB4;RYR3;SYT5;ITPKA;CPNE6;GPLD1;KCNMB3
prerank,Positive Regulation Of Excitatory Postsynaptic Potential (GO:2000463),-0.34242309937636933,-0.9863191082181296,4.450549e-01,8.574275e-01,1.000000e+00,5/22,12.89%,RIMS2;WNT7A;NLGN1;NRXN1;GRIN1
prerank,"Positive Regulation Of Synaptic Transmission, Glutamatergic (GO:0051968)",0.39716877876879264,0.9860536978912564,4.896661e-01,7.251728e-01,1.000000e+00,7/18,19.19%,CCL2;CCR2;PTK2B;TSHZ3;GRIN2A;GRIN2D;NLGN3
prerank,Regulation Of Telomere Maintenance (GO:0032204),-0.2945488151937701,-0.9859195649281759,4.928058e-01,8.567805e-01,1.000000e+00,22/38,44.50%,PIF1;EID3;NSMCE2;RAD50;MYC;MRE11;SMC6;POT1;SMG5;GNL3;NSMCE4A;SMC5;TERF1;SLF1;SMG1;ERCC4;YLPM1;DHX36;RTEL1;NBN;HDAC8;XRCC5
prerank,Peptidyl-Threonine Phosphorylation (GO:0018107),-0.26553872608608187,-0.985705405210027,4.936170e-01,8.556079e-01,1.000000e+00,10/58,10.83%,SBK1;CHEK1;CAMK2A;CDC42BPG;CDK1;PRKDC;LMTK2;CAD;CDC42BPA;PRKD1
prerank,Transepithelial Transport (GO:0070633),-0.35671483898703943,-0.9853154526976959,4.822485e-01,8.549408e-01,1.000000e+00,4/16,7.70%,RHCG;ABCC2;CXADR;SLC12A2
prerank,Regulation Of Protein Serine/Threonine Kinase Activity (GO:0071900),0.2933696773258878,0.9851642807279746,5.071770e-01,7.265939e-01,1.000000e+00,37/107,26.20%,SNCA;CSF1R;IFNG;LTF;SH2D1A;SLC8A2;CDKN2D;SLC8A3;CCND3;SERTAD1;CCND2;ACTB;THY1;CAMK1;HERC5;CDKN1A;PYCARD;RHOA;SLC27A1;CALM3;DIRAS3;CCNG2;CCNI;SLC8A1;TESK1;DDX3X;SYAP1;CDKN1B;TRIB1;CDC37;CCNH;CDK5R2;CNPPD1;MAP2K2;RB1;TAB1;CCNI2
prerank,Protein Phosphorylation (GO:0006468),0.26410229964768683,0.9845416588096948,5.360406e-01,7.273961e-01,1.000000e+00,147/490,26.15%,CTSG;FGR;HCST;PRKCB;GMFG;CSF2RB;CSF2RA;CCL11;CSF1R;HCK;BTK;STK10;ZAP70;TLR2;TLR4;TLR7;CCL2;TGFB1;PIM2;FES;LCK;PIK3CD;JAK3;MAST3;CSNK1A1L;IRAK3;GDF6;TXK;MAP4K1;RUNX3;ABI3;MYLK2;FLT3;BMX;FYN;PRKG2;PTPN6;PIM1;BMP2;RIPK3;PTK2B;PRKCD;PNCK;STRADB;FGFR1;TLR9;ACVRL1;EPHA5;STK17B;MKNK1;LIMK2;LYN;NTRK1;DAPK1;GRK6;STK4;RPS6KA1;SYK;MAST4;FLT1;PEAK3;TGFBR2;MAP3K3;ERN2;EPHB1;MAPK1;BLK;RARA;AKT2;PRKAG2;CAMK1;ILK;PAK3;JAK1;LRRK2;ERN1;DDR2;LATS2;EPHB6;MAP3K10;BCKDK;EFEMP1;TEK;CLK1;NEK10;PDK4;SNRK;TAF10;GAS6;FAM20A;HIPK2;TGFBR1;SMAD7;SIK3;OXSR1;GRK3;PDK2;GRK2;PRKACB;TESK2;FAM20C;MAPK3;AKT3;USP15;NTRK2;GRK5;MAPKAPK2;MAPKAPK3;JAK2;FGFR4;MINK1;PRKCG;PDGFRA;CDK16;MAP3K1;TGFBR3;PAK1;MAP3K11;GRK7;FNIP2;TRIB1;PRKCH;FGFR2;PRKACA;PXK;IKBKE;MEX3B;HIPK1;PRKCQ;STK38;NEK7;STK32B;PDK1;MAP3K5;TTBK2;CSNK1D;CLK3;PINK1;NEK6;STK33;TLK1;CDK9;MARK4;TTBK1;ERG;PIM3;TSSK3
prerank,Phosphorylation (GO:0016310),0.26482423558522405,0.9839740021359276,5.381485e-01,7.281215e-01,1.000000e+00,123/422,26.15%,CTSG;FGR;HCST;HK3;PRKCB;GMFG;CSF2RB;CSF2RA;CCL11;HCK;BTK;STK10;ZAP70;CCL2;TGFB1;PIM2;LCK;PIK3CG;PIK3CD;JAK3;IRAK3;TXK;MAP4K1;RUNX3;BMX;FYN;PRKG2;PIM1;BMP2;PTK2B;PRKCD;STRADB;FGFR1;ACVRL1;EPHA5;STK17B;MKNK1;LIMK2;LYN;NTRK1;DAPK1;GRK6;STK4;RPS6KA1;SYK;HK2;PEAK3;TGFBR2;ERN2;EPHB1;MAPK1;RARA;PRKAG2;CAMK1;ILK;PAK3;JAK1;LRRK2;ERN1;LATS2;EPHB6;BCKDK;NEK10;PDK4;SNRK;TAF10;GAS6;PI4KA;FAM20A;HIPK2;TGFBR1;DGKG;TNK2;SIK3;OXSR1;GRK3;PDK2;GRK2;PRKACB;CERK;TESK2;FAM20C;MAPK3;AKT3;GRK5;MAPKAPK2;JAK2;MINK1;PRKCG;CDK16;MAP3K1;PAK1;GNPTG;MAP3K11;GRK7;FNIP2;TRIB1;PRKCH;PIK3CB;PRKACA;PXK;IKBKE;MEX3B;HIPK1;PRKCQ;STK38;NEK7;PDK1;MAP3K5;CSNK1D;CLK3;PINK1;NEK6;PGK1;TLK1;CDK9;MARK4;DGKZ;TTBK1;ERG;PIM3;GNPTAB;TSSK3
prerank,Sensory Perception Of Smell (GO:0007608),0.36574640434182415,0.9836772883405623,5.028011e-01,7.282161e-01,1.000000e+00,4/29,8.66%,OR2W3;OR2B11;SLC24A4;OR2T2
prerank,Macromolecule Modification (GO:0043412),0.3091788806729483,0.9835438820136546,5.061576e-01,7.279430e-01,1.000000e+00,28/80,27.14%,PADI4;LOX;MAN2B1;RIPK3;ST3GAL1;LOXL2;AKT2;MANBA;MSRA;PLOD2;ST6GAL1;ST3GAL2;ST3GAL6;FBXO2;UBE2L6;ST8SIA4;QPCT;ADPRH;UBE2L3;USP6;UBA7;STK38;NAGPA;UBA52;PARP4;UBE2D3;ARAF;ST6GAL2
prerank,Regulation Of Multicellular Organismal Development (GO:2000026),0.3228028432641443,0.9834713021945851,5.199468e-01,7.275048e-01,1.000000e+00,3/57,5.03%,GFI1B;HPSE;TNN
prerank,Regulation Of Cellular Response To Heat (GO:1900034),-0.3613529680959692,-0.9830167097010893,4.717949e-01,8.600592e-01,1.000000e+00,6/15,28.71%,MAPT;DNAJC2;ATR;HSF1;CHORDC1;GSK3B
prerank,Response To BMP (GO:0071772),-0.353010623362259,-0.9826315276399633,4.747774e-01,8.593805e-01,1.000000e+00,7/19,17.57%,DLX5;BMP4;BMPR1B;SOX9;SFRP1;ADAMTS12;BMPR1A
prerank,Regulation Of Protein Targeting To Mitochondrion (GO:1903214),0.35036751557750684,0.9824476617258374,4.890411e-01,7.292345e-01,1.000000e+00,11/36,30.05%,RAC2;RHOU;LRRK2;HSPA1L;UBE2L3;FBXW7;PINK1;LEPROT;UBE2D3;USP36;VPS11
prerank,Lipid Transport (GO:0006869),0.29734477046696955,0.9812266632523121,5.159386e-01,7.314401e-01,1.000000e+00,32/99,21.65%,APOA4;CRABP1;ABCA4;PLTP;SLCO2B1;FABP4;MFSD2B;CETP;RBP7;APOE;FABP6;ACSL1;GLTPD2;GM2A;PITPNC1;CD36;AKR1C1;ABCA6;NPC2;SLC27A1;CLN8;PCTP;MTTP;PITPNM1;ABCC4;APOL2;PITPNA;PPARD;PLPPR4;ABCA2;SLC51A;PITPNB
prerank,Regulation Of Dendritic Spine Development (GO:0060998),-0.33283513935483355,-0.9809969404850234,4.566474e-01,8.627258e-01,1.000000e+00,3/20,7.44%,CAMK2B;KIF1A;NLGN1
prerank,Membrane Repolarization (GO:0086009),0.41240146668430866,0.9800810511801901,4.881517e-01,7.334784e-01,1.000000e+00,8/15,19.54%,SLC24A4;ATP1B2;KCNE1;ATP1A2;KCNJ2;KCNQ1;KCNE4;ATP1B3
prerank,Visual Perception (GO:0007601),-0.2508846272374319,-0.979873768554331,4.950495e-01,8.645877e-01,1.000000e+00,9/81,5.66%,SLC4A10;VAX2;ZIC2;ADGRV1;TYR;POU6F2;TRPM1;FSCN2;CHRNB2
prerank,Positive Regulation Of Double-Strand Break Repair (GO:2000781),-0.2554084053258323,-0.9785353498647223,4.896907e-01,8.668907e-01,1.000000e+00,26/80,30.30%,FOXM1;RAD51AP1;BRD7;TIMELESS;DDX11;PRKDC;UBE2V2;YEATS4;SMARCA4;FANCB;TRRAP;SPIRE2;SMARCD2;SPIDR;BCL7A;ARID2;KDM4D;KMT5C;VPS72;PARP1;FUS;ACTL6A;UBE2N;MRGBP;TRAPPC13;SMARCD1
prerank,Regulation Of Axonogenesis (GO:0050770),0.3408660458950946,0.9774561757343253,5.095109e-01,7.387657e-01,1.000000e+00,16/42,23.70%,MAP6;PLXNC1;PLXND1;SLITRK1;THY1;SIPA1L1;PAK3;TIAM2;KIF13B;PTEN;NTRK2;PAK1;SLIT2;EFNB3;LRRC4C;GDI1
prerank,Substantia Nigra Development (GO:0021762),0.33739788858354525,0.9774174705243773,5.067204e-01,7.382539e-01,1.000000e+00,20/41,31.88%,FGF9;BASP1;MAOB;CASP5;YWHAH;PADI2;RHOA;CALM3;SIRT2;SYNGR3;SYPL2;CDC42;TTBK1;CHKB;COX6B1;GLUD1;G6PD;H2BC12L;CALM1;S100A1
prerank,Monoatomic Anion Transport (GO:0006820),0.3215911920873293,0.9771077919955808,5.013263e-01,7.383404e-01,1.000000e+00,13/52,18.76%,SLC4A1;SLC26A4;ANO5;CLCNKA;NMUR1;BEST1;SLC26A8;LRRC8C;CLIC4;CLIC3;CLCNKB;SLC17A5;TTYH3
prerank,Regulation Of Telomerase Activity (GO:0051972),-0.2787596364292443,-0.9765654535070976,4.901186e-01,8.711596e-01,1.000000e+00,22/45,34.49%,NEK2;GRHL2;PIF1;NABP2;CCT4;CCT2;PKIB;DKC1;NVL;PINX1;MYC;MAPKAPK5;PTGES3;POT1;MEN1;AURKB;MAPK15;MAP3K4;HSP90AB1;TNKS;TERF1;PARN
prerank,Associative Learning (GO:0008306),0.4079708752878958,0.9763781481436486,4.936909e-01,7.394450e-01,1.000000e+00,11/16,30.15%,MAP1A;LGMN;RGS14;NETO1;SHANK1;DRD2;FOXB1;DRD1;SLC6A1;CLN3;ADCY3
prerank,Regulation Of Amyloid Fibril Formation (GO:1905906),-0.35200978271944733,-0.9763377973452265,4.796512e-01,8.700291e-01,1.000000e+00,3/15,12.72%,IAPP;PFDN4;LDLR
prerank,Spermatid Development (GO:0007286),0.3441231519323206,0.9762734873565236,4.978784e-01,7.390602e-01,1.000000e+00,13/39,22.46%,RSPH1;ZMYND15;NME5;RFX2;JAM2;CFAP73;SOX30;SPACDR;TTC21A;FNDC3A;RIMBP3C;RIMBP3B;RIMBP3
prerank,Regulation Of Endoplasmic Reticulum Stress-Induced Intrinsic Apoptotic Signaling Pathway (GO:1902235),0.37208639761707174,0.9760690196886304,5.007452e-01,7.389323e-01,1.000000e+00,6/24,19.01%,FCGR2B;HERPUD1;HSPA1A;LRRK2;XBP1;BCL2L11
prerank,Establishment Or Maintenance Of Epithelial Cell Apical/Basal Polarity (GO:0045197),-0.28608150961881484,-0.975779274199512,4.779116e-01,8.699087e-01,1.000000e+00,19/39,31.14%,DLG2;PATJ;CRB3;SCRIB;LLGL2;DLG3;PARD6B;PRKCZ;MTCL1;DLG1;MYO9A;PALS1;CAMSAP3;PRKCI;CRB2;PARD6A;PARD3;MARK2;PARD6G
prerank,Response To Unfolded Protein (GO:0006986),0.3280440004752592,0.975623791120142,4.779006e-01,7.392982e-01,1.000000e+00,11/44,22.04%,HSPA6;PACRG;HSPB7;HSPB3;HERPUD1;HSPA1A;ERN1;DNAJB5;RHBDD1;HSPA1L;TOR1B
prerank,Regulation Of Protein Modification By Small Protein Conjugation Or Removal (GO:1903320),0.3593165086367716,0.9756175277383597,5.107914e-01,7.387084e-01,1.000000e+00,8/29,25.29%,EGR1;HSPA1B;HSPA1A;ZMIZ1;DCUN1D3;TGFBR1;PINK1;EPAS1
prerank,Cellular Response To Heat (GO:0034605),0.34267763238328014,0.9752497322108736,4.895688e-01,7.389230e-01,1.000000e+00,6/36,13.86%,HMOX1;THBS1;HSPA6;HSPA1B;HSPA1A;FGF1
prerank,Positive Regulation Of Nuclear Division (GO:0051785),0.3776975952135686,0.9748857029876816,4.839695e-01,7.391614e-01,1.000000e+00,5/23,12.37%,CD28;IL1B;RGCC;EREG;DMRT1
prerank,Positive Regulation Of Collagen Biosynthetic Process (GO:0032967),0.41107886618790357,0.9742018876609051,4.960754e-01,7.401155e-01,1.000000e+00,6/15,16.70%,TGFB1;VIM;RGCC;F2R;LARP6;RUNX1
prerank,Regulation Of Ras Protein Signal Transduction (GO:0046578),0.30754183033616433,0.9737923391887091,4.968394e-01,7.403595e-01,1.000000e+00,24/73,24.91%,RASGRP4;RASAL3;DENND3;ARHGDIB;STARD8;MYO9B;NTRK1;RASGRP1;FBP1;GABARAP;SH3BP1;FGF10;DENND4B;OPHN1;GIT2;FLCN;ARHGDIA;RASGEF1A;ARHGEF2;SHOC2;DENND1A;RAF1;NOTCH1;DENND4A
prerank,GPI Anchor Biosynthetic Process (GO:0006506),-0.31124048140850596,-0.9734825450355064,4.844291e-01,8.751613e-01,1.000000e+00,19/30,47.58%,PGAP1;PIGW;PIGM;PGF;PIGP;PIGZ;PGAP2;PIGN;GPAA1;PGAP3;PIGV;DPM1;PIGC;PIGL;SLC30A5;PIGA;PIGB;PIGG;MPPE1
prerank,Plasma Membrane Repair (GO:0001778),-0.33493680336816,-0.9720923870073096,4.754601e-01,8.777300e-01,1.000000e+00,2/21,2.64%,SYT7;CHMP4C
prerank,Negative Regulation Of Neuron Apoptotic Process (GO:0043524),0.30341406829811174,0.9719988227471872,5.107459e-01,7.437966e-01,1.000000e+00,26/71,25.75%,NTF3;CCL2;CLU;AGAP2;GRN;APOE;LGMN;PTK2B;NTRK1;SOD2;F2R;CPEB4;MEF2C;CX3CL1;NDNF;IL6ST;PPT1;NAIP;NTRK2;GDNF;PRKCG;ISL1;PPARGC1A;FOXB1;PINK1;WFS1
prerank,Positive Regulation Of Smoothened Signaling Pathway (GO:0045880),-0.3416174431254322,-0.971444415171914,5.127479e-01,8.779540e-01,1.000000e+00,7/20,18.79%,DCDC2;TEDC2;SHH;SFRP1;UCHL5;CIBAR1;ULK3
prerank,Positive Regulation Of Protein Binding (GO:0032092),0.3168687139260973,0.97056082822609,5.212766e-01,7.464402e-01,1.000000e+00,16/59,19.45%,MMP9;B2M;APOE;BMP2;LRP1;ADD2;STK4;EPB41;BLK;VTN;LRRK2;STING1;HFE;TRIM21;HIPK2;FLOT1
prerank,Regulation Of G1/S Transition Of Mitotic Cell Cycle (GO:2000045),0.2943485526468418,0.9701399196959454,5.204819e-01,7.467605e-01,1.000000e+00,30/102,24.54%,GFI1B;CCL2;AIF1;CDKN2D;PTPN6;RGCC;DPF1;ADAMTS1;FHL1;ID2;FAM107A;CCND2;GPNMB;CDKN1A;INHBA;DCUN1D3;STOX1;SLFN11;DPF3;PTEN;FGF10;DDX3X;PKD2;SMARCB1;CDKN1B;CRLF3;PLK5;CCNH;LSM10;SMARCA2
prerank,Negative Regulation Of Cell Cycle (GO:0045786),0.30264620143969184,0.9689426774091432,5.280899e-01,7.488434e-01,1.000000e+00,20/76,17.03%,BRINP1;DUSP1;TGFB1;BTG2;BTG4;RUNX3;LILRB1;HHEX;BMP2;IL10;NUPR1;SIPA1;NR4A1;GAS1;TSPYL2;LATS2;BTG1;CDKN1A;CEBPA;HECA
prerank,Protein Exit From Endoplasmic Reticulum (GO:0032527),0.37337621653630043,0.9686429735767222,5.176471e-01,7.489203e-01,1.000000e+00,8/24,32.18%,MAP1LC3C;HERPUD1;SEL1L;TECPR2;OS9;SYVN1;VCP;RANGRF
prerank,Cell-Cell Signaling By Wnt (GO:0198738),-0.3253375053560089,-0.9684089512616626,5.102639e-01,8.855513e-01,1.000000e+00,5/23,12.60%,RAC3;WNT7B;LRP6;CELSR2;CD24
prerank,Cell Morphogenesis Involved In Differentiation (GO:0000904),-0.33329379358355843,-0.9682324183011046,4.870968e-01,8.842077e-01,1.000000e+00,7/24,11.56%,PKHD1;RAB25;CLDN3;POF1B;PROX1;GRHL2;EPHA2
prerank,Cellular Response To Salt (GO:1902075),0.293878039470587,0.9681604010375975,5.410628e-01,7.494245e-01,1.000000e+00,27/101,17.19%,P2RY12;ALOX5AP;DMTN;RASGRP2;CYP11B1;P2RX7;RYR1;P2RY1;MCOLN1;CRHBP;CLU;FYN;ALOX15;EGR1;LGMN;CPNE5;ADCY7;DPEP1;SYT11;GUCA1A;SMPD1;DLG4;PPIF;CLIC4;MEF2C;PPP1R9B;PLCG2
prerank,Lipid Droplet Organization (GO:0034389),-0.3092121339416297,-0.9679025568465642,5.192878e-01,8.833553e-01,1.000000e+00,5/28,7.29%,PRKAA2;SQLE;LDAF1;PNPLA3;SMIM22
prerank,mRNA Destabilization (GO:0061157),0.32867504370171446,0.9677180207465859,5.069832e-01,7.498384e-01,1.000000e+00,8/42,23.24%,ZFP36;RBM24;ZC3H12D;ZFP36L2;ZFP36L1;TUT7;AGO4;ZC3H12A
prerank,Peripheral Nervous System Development (GO:0007422),0.3867715818450642,0.967455681139172,4.877301e-01,7.498026e-01,1.000000e+00,4/19,8.36%,GSTM3;EGR2;GFRA3;PMP22
prerank,Negative Regulation Of Fibroblast Proliferation (GO:0048147),0.39326586314941064,0.966582983245161,5.201939e-01,7.512029e-01,1.000000e+00,6/17,25.96%,CD300A;NLRC3;FTH1;EMD;SKI;MED9
prerank,Heart Looping (GO:0001947),0.3461161501135867,0.96544878081988,5.112045e-01,7.531592e-01,1.000000e+00,11/34,20.93%,DNAAF1;NKX2-5;IHH;ENG;APLNR;SOX17;TGFBR2;MEF2C;CCDC39;SOX18;PKD2
prerank,Import Into Cell (GO:0098657),0.3372087247389042,0.9647123869119477,5.069061e-01,7.541696e-01,1.000000e+00,15/36,21.05%,IL10RA;SLC1A3;TREM2;SLC47A1;SLC6A6;SLC22A4;SLC6A13;SLC38A5;LRRC8C;SLC36A1;SLC27A1;SLC46A1;SLC16A2;PLPPR4;SLC1A7
prerank,Positive Regulation Of Striated Muscle Cell Differentiation (GO:0051155),0.37763748400537167,0.9639099201029342,5.015674e-01,7.553672e-01,1.000000e+00,4/22,7.12%,LMOD3;TGFB1;RBM24;MYF6
prerank,Regulation Of DNA Repair (GO:0006282),-0.233261971247097,-0.9637277524953507,5.244755e-01,8.946041e-01,1.000000e+00,42/127,32.64%,EGFR;RADX;DEPDC1B;BRD7;BRCA1;UBE2V2;TAF2;YEATS4;UCHL5;TAF6;KAT2A;TRIM28;SMARCA4;USP1;TRRAP;RPS3;SMARCD2;EYA4;BCL7A;ATR;DEK;ARID2;UBR5;NFRKB;VPS72;PPP4R3B;NPAS2;ENY2;RNF8;PCNA;PARP1;RAD52;SF3B3;ACTL6A;UBE2N;MRGBP;TAF7;SMARCD1;PARG;INO80C;EYA1;SMARCE1
prerank,Long-Term Synaptic Potentiation (GO:0060291),0.37882139052984715,0.9635147529698598,5.099237e-01,7.555948e-01,1.000000e+00,9/20,19.70%,SLC8A2;SLC8A3;PTK2B;TSHZ3;STX4;RGS14;GRIN2A;GRIN2D;VAMP2
prerank,Regulation Of Cyclin-Dependent Protein Serine/Threonine Kinase Activity (GO:0000079),-0.24214569130740626,-0.9634735274627904,5.492228e-01,8.934786e-01,1.000000e+00,29/79,27.57%,CCNB2;PKMYT1;EGFR;PLK1;CCNE2;PROX1;CCNA2;CCNP;CCNB1;CDKN3;CDC6;SPDYA;CCNF;MNAT1;CDKN2B;CDC25A;BLM;CCNE1;INCA1;MYOCD;IPO5;CDC25C;CCNA1;PSRC1;CCNJL;BCCIP;MEN1;CCNB3;GTPBP4
prerank,Fatty Acid Derivative Biosynthetic Process (GO:1901570),-0.3042103899376627,-0.9629709873865966,4.969697e-01,8.930734e-01,1.000000e+00,8/27,16.53%,GGTLC1;GGT3P;HMGCS2;GGTLC3;GGT2P;ACACA;AWAT1;SLC27A5
prerank,Positive Regulation Of Protein Autophosphorylation (GO:0031954),0.37810261966999437,0.9618504681422235,5.203125e-01,7.586955e-01,1.000000e+00,12/20,32.69%,GREM1;PDGFD;GPNMB;NEK10;RASSF2;CALM3;DDX3X;PDGFC;VEGFA;CALM1;RAP2C;RAP2A
prerank,Nitric Oxide Metabolic Process (GO:0046209),0.4043803904013234,0.9614046647680613,5.032895e-01,7.590725e-01,1.000000e+00,8/16,26.48%,CYP1B1;CYB5R3;NOS2;CPS1;DDAH2;GCH1;NOS3;GCHFR
prerank,Protein-Containing Complex Disassembly (GO:0032984),0.31724038941130916,0.9608228224148733,5.375494e-01,7.597872e-01,1.000000e+00,17/60,29.99%,MAP1LC3C;RUBCNL;MAP1LC3B;FRAT1;NAPA;FRAT2;VAMP7;SNAP29;LIX1L;LAMP2;CHMP4A;CHMP1B;CHMP5;EPG5;UVRAG;PIK3C3;CLN3
prerank,Positive Regulation Of Microtubule Polymerization Or Depolymerization (GO:0031112),-0.3191204105151126,-0.9606530057169947,5.207101e-01,8.983447e-01,1.000000e+00,3/24,6.98%,OCLN;MAPT;MET
prerank,Phosphatidylinositol Metabolic Process (GO:0046488),0.3119598550575922,0.9606524173789948,5.245684e-01,7.595655e-01,1.000000e+00,24/63,19.70%,PLEK;CSF1R;INPP5D;TPTE2;PIP4P2;BMX;PLCB2;FGF2;PLCD1;VAC14;MTMR14;MTMR6;INPP4A;INPP5K;SLC27A1;PLCG2;PI4KA;MTMR3;PIP5K1C;PTEN;MBOAT7;PI4K2A;PITPNM1;FIG4
prerank,Amino Acid Catabolic Process (GO:0009063),0.3426594560632066,0.9605807754248133,5.277008e-01,7.591265e-01,1.000000e+00,9/37,18.19%,IL4I1;HAL;UROC1;HDC;KMO;HNMT;IDO1;BCKDK;DDO
prerank,Semaphorin-Plexin Signaling Pathway (GO:0071526),-0.29596076452891495,-0.9597918280243825,5.259259e-01,8.991804e-01,1.000000e+00,16/34,29.39%,NELL1;MET;SEMA6C;PLXNB3;SEMA3A;SEMA3C;SEMA3B;SEMA6D;SEMA4B;FARP2;NELL2;SEMA3F;SEMA4C;PLXNB1;SEMA4F;SEMA4G
prerank,Signal Transduction In Response To DNA Damage (GO:0042770),-0.26027297303048275,-0.9592999969576257,5.521739e-01,8.988290e-01,1.000000e+00,16/56,24.47%,CHEK1;E2F7;DONSON;MYO6;MAP3K20;MRPL36;INTS7;MAPK12;PAXIP1;CLOCK;E2F1;USP28;ATR;PRPF19;TIPRL;CLSPN
prerank,Positive Regulation Of Protein Localization To Plasma Membrane (GO:1903078),0.32128006196083597,0.9589784908348988,5.319426e-01,7.621227e-01,1.000000e+00,10/51,17.62%,STAC2;IFNG;TNF;RHOG;TREM2;LRP1;STX4;STAC;RAMP3;PIK3R1
prerank,"Nuclear-Transcribed mRNA Catabolic Process, Deadenylation-Dependent Decay (GO:0000288)",0.33769849010476105,0.9579191862481385,5.432961e-01,7.638463e-01,1.000000e+00,9/37,20.80%,ZFP36;PATL2;CNOT6L;PNLDC1;NLRP6;SAMD4B;SAMD4A;TUT7;DCP2
prerank,Regulation Of Epithelial Cell Proliferation (GO:0050678),0.29552878636590824,0.9578628254975812,5.404732e-01,7.633661e-01,1.000000e+00,17/87,11.69%,C5AR1;FGF9;NOD2;BMP6;TGFB1;LEP;ZFP36;NR4A3;RUNX3;B2M;NLRC3;GRN;LIMS1;NUPR1;EREG;NR4A1;GPX1
prerank,Apoptotic Mitochondrial Changes (GO:0008637),-0.2921847979616181,-0.957647578802899,5.084175e-01,9.022136e-01,1.000000e+00,7/34,8.55%,ERBB4;SFN;BIK;GGCT;CAMK2A;FZD9;BOK
prerank,Regulation Of Potassium Ion Transport (GO:0043266),0.36458259754977695,0.95722138152321,5.479042e-01,7.641637e-01,1.000000e+00,10/26,24.52%,KCNAB2;CASQ2;PTK2B;KCNA5;FHL1;KCNE1;DRD2;CD63;KCNAB3;DRD1
prerank,Negative Regulation Of Phosphorylation (GO:0042326),0.30087807206331646,0.9563468015631391,5.568040e-01,7.654638e-01,1.000000e+00,25/71,23.24%,TGFB1;CDKN2D;SIRPA;FBLN1;NIBAN1;LYN;PRR5L;NTRK3;FKBP8;MYADM;PRNP;IRS2;LRRK2;CRKL;CDKN1A;INHBA;PLPP3;INPP5K;CORO1C;PTEN;TESK1;CDKN1C;SLIT2;CDKN1B;ZC3H12A
prerank,Lipid Translocation (GO:0034204),0.3699364839331979,0.9560085275535193,5.127820e-01,7.655811e-01,1.000000e+00,3/22,5.34%,ABCA4;ATP8B4;ABCB1
prerank,Regulation Of Stress-Activated MAPK Cascade (GO:0032872),0.31573555501766964,0.9547274035706169,5.202703e-01,7.678292e-01,1.000000e+00,10/49,13.98%,NOD2;SCIMP;IGFBP6;GREM1;LGALS9;PER1;ARL6IP5;RASGRP1;EPHB1;MAPK1
prerank,Negative Regulation Of Cell-Cell Adhesion (GO:0022408),0.333788536649318,0.9541558924169719,5.318246e-01,7.685038e-01,1.000000e+00,14/37,21.46%,B4GALNT2;AKNA;BMP6;TGFB1;FXYD5;BMP2;IL10;RGCC;MYADM;PPM1F;IL1RN;ZNF703;MAPK7;PODXL
prerank,Negative Regulation Of Protein Dephosphorylation (GO:0035308),-0.3367341765400391,-0.9540060499213133,5.258621e-01,9.115890e-01,1.000000e+00,8/19,23.55%,PPP4R4;PPP1R1B;FKBP1B;MASTL;BOD1;ENSA;STYXL1;TIPRL
prerank,ERK1 And ERK2 Cascade (GO:0070371),0.37069968741474596,0.9534075130732541,5.385735e-01,7.695164e-01,1.000000e+00,9/23,21.20%,DUSP5;PTGER4;ZFP36L2;LGALS9;MAPK1;CTSH;ZFP36L1;FGF10;EGF
prerank,Negative Regulation Of Small GTPase Mediated Signal Transduction (GO:0051058),0.3738792945020944,0.9523735121258979,5.432099e-01,7.711414e-01,1.000000e+00,4/20,13.59%,RASAL3;ARHGAP25;FBP1;SH3BP1
prerank,Protein Glycosylation (GO:0006486),-0.22785188350582675,-0.9523620675401498,6.029412e-01,9.148912e-01,1.000000e+00,24/134,17.06%,GCNT3;FUT3;B3GNT3;GALNT14;GALNT13;FUT5;FUT6;LARGE2;ST8SIA2;GALNT12;POMK;MLEC;GALNT3;SERP2;B3GALNT2;B3GALT2;TMEM165;ST3GAL4;ALG1L2;ALG10B;FKTN;MGAT5B;PDCD6;AQP11
prerank,Positive Regulation Of Glycolytic Process (GO:0045821),0.39545851590593106,0.95164242185447,5.499208e-01,7.721768e-01,1.000000e+00,2/17,5.87%,IFNG;P2RX7
prerank,Regulation Of Protein Polymerization (GO:0032271),-0.2941864080610603,-0.9513481510146276,5.284281e-01,9.160109e-01,1.000000e+00,6/31,10.47%,ARHGAP40;MAPT;ARHGAP28;PFN2;TPPP;MAP2
prerank,Regulation Of Wnt Signaling Pathway (GO:0030111),0.28840756011569685,0.950728035518099,5.652174e-01,7.735912e-01,1.000000e+00,27/100,23.14%,GPC3;SOST;TLR2;SULF2;RSPO1;TRABD2B;SFRP4;HHEX;BMP2;LRP1;ATP6AP2;SULF1;FRZB;LRRK2;TNFAIP3;SOX30;FZD7;ATP6V0C;CRBN;ZNF703;LGR6;GNAQ;FAM53B;WLS;FGFR2;EMD;HIC1
prerank,Phosphatidylinositol Dephosphorylation (GO:0046856),0.4045594228834157,0.9501494085145724,5.492730e-01,7.742654e-01,1.000000e+00,8/16,27.44%,PIP4P2;MTMR6;INPP5K;MTMR3;PTEN;SYNJ1;INPP5J;MTM1
prerank,Microtubule Polymerization (GO:0046785),-0.29820334481708016,-0.9497059908223392,5.147541e-01,9.191931e-01,1.000000e+00,9/32,23.18%,MAPT;TPX2;TPPP;CKAP5;TUBGCP5;TUBGCP4;SLAIN1;FGF13;TUBGCP3
prerank,Positive Regulation Of Amide Metabolic Process (GO:0034250),0.2925442697054792,0.949001186817199,5.800493e-01,7.761837e-01,1.000000e+00,16/82,18.73%,CD28;THBS1;IFNG;TNF;CLU;VIM;PRKCD;IL6;NIBAN1;IFNGR1;BCL3;ABCG1;LARP6;PICALM;SAMD4A;GSAP
prerank,Potassium Ion Import Across Plasma Membrane (GO:1990573),0.33717830825191863,0.9488915927939067,5.389049e-01,7.757896e-01,1.000000e+00,13/37,20.32%,KCNJ10;ATP12A;KCNJ16;KCNJ18;ATP1B2;HCN4;KCNJ5;KCNJ1;ATP1A2;FXYD2;KCNJ2;ATP1B3;SLC12A6
prerank,Myelination (GO:0042552),-0.2724964334906545,-0.9483783999622709,5.691700e-01,9.215536e-01,1.000000e+00,12/46,18.52%,MAL2;MYRF;MAL;ADGRG6;MALL;TPPP;KLK6;NFASC;BCAS1;PLP1;MPZ;CMTM8
prerank,Golgi To Vacuole Transport (GO:0006896),0.3953950733947399,0.9475485611188099,5.501520e-01,7.781260e-01,1.000000e+00,9/16,35.05%,LAPTM5;GAK;EHD3;LAMP1;VTI1A;CLN3;RBSN;AP1G1;SORT1
prerank,Negative Regulation Of Cytoskeleton Organization (GO:0051494),-0.3003642416722692,-0.9467642043127057,5.060241e-01,9.245937e-01,1.000000e+00,7/27,15.44%,KANK4;HIP1R;FKBP4;PFN2;PLEKHH2;SSH3;TWF1
prerank,Positive Regulation Of Hormone Secretion (GO:0046887),-0.3415144962146714,-0.9464484620405018,5.472779e-01,9.236390e-01,1.000000e+00,3/17,4.17%,PLA2G3;NMB;FGB
prerank,Cyclic-Nucleotide-Mediated Signaling (GO:0019935),-0.2841026997061049,-0.9453605160587009,5.463918e-01,9.252136e-01,1.000000e+00,12/37,21.48%,GAL;ADGRG6;GUCY1A2;PRSS8;ADCYAP1;SOX9;AKAP6;ADCY2;HTR2C;GUCY1B2;AHR;HTR2B
prerank,Intrinsic Apoptotic Signaling Pathway In Response To DNA Damage (GO:0008630),0.31981247846011185,0.945279750532652,5.506849e-01,7.825043e-01,1.000000e+00,19/48,28.44%,TNFRSF1B;BCL2A1;MCL1;DDIT4;BCL3;PYCARD;CDIP1;TP73;HIPK2;BCL2L11;FNIP2;HIC1;IKBKE;HIPK1;BAK1;RPS27L;CASP9;BCL2L1;CIDEB
prerank,Skeletal System Morphogenesis (GO:0048705),-0.2732506378806073,-0.9450861230671606,5.551471e-01,9.241654e-01,1.000000e+00,14/43,22.05%,HOXC9;HHIP;HOXC4;HOXA9;ATG9B;HOXB3;LRP5;SIX1;OSR2;TFAP2A;SOX11;FBN2;FGFR3;HOXD9
prerank,Chondrocyte Differentiation (GO:0002062),-0.30068260547129433,-0.9444100863107163,5.946746e-01,9.243973e-01,1.000000e+00,8/28,14.79%,WNT7A;BMP4;SCX;BMPR1B;SOX9;OSR2;HMGA2;GPLD1
prerank,Epigenetic Regulation Of Gene Expression (GO:0040029),-0.23805357531854976,-0.9442894252479326,5.392670e-01,9.228507e-01,1.000000e+00,22/79,26.37%,CTCFL;SDR16C5;CHEK1;BRD7;TFAP2C;HDAC9;ZDBF2;EZH2;MACROH2A2;SMYD5;SMARCA4;DPY30;SUV39H2;TDG;VPS72;WDR5;TRIM37;MTA1;NOC2L;RNF8;GLMN;MEN1
prerank,Cytosolic Transport (GO:0016482),0.28219024263420306,0.9440434745533847,5.976744e-01,7.846254e-01,1.000000e+00,62/123,35.55%,LAPTM5;RCSD1;PIP4K2A;TBC1D10C;DENND5A;CORO7;WIPF3;RAB6B;TBC1D17;SNX2;RILP;RAB43;TBC1D10A;TBC1D10B;VAMP3;EPS15;GGA1;GAK;EHD3;WASHC2C;CLN5;STX8;PXK;WDR81;SPAG9;LAMP1;RAB29;VPS53;STX10;PIKFYVE;RAB6D;RIC1;VTI1A;AP2A1;FHIP1B;WDR91;SNX6;RAB7A;BET1L;WASHC2A;ANKFY1;SLC66A2;PIK3C3;CLN3;BAIAP3;EVI5;SYS1;RBSN;GCC2;TBC1D5;RAB9A;STX5;ATG14;WASH2P;BECN1;AP1G1;STX6;WASHC1;SORT1;SNX1;WASH3P;RGP1
prerank,Phospholipid Translocation (GO:0045332),0.3467834484622347,0.9438126904633328,5.328571e-01,7.845276e-01,1.000000e+00,4/28,5.87%,ABCA4;ATP8B4;ABCB1;P2RX7
prerank,Regulation Of Protein-Containing Complex Disassembly (GO:0043244),0.3794556321985977,0.9433801922252043,5.441640e-01,7.848556e-01,1.000000e+00,2/18,6.90%,TNF;IRAK3
prerank,Chloride Transport (GO:0006821),0.3004295651851334,0.9430184957889662,5.723684e-01,7.850231e-01,1.000000e+00,25/68,26.25%,SLC4A1;GABRA5;ANO5;SLC1A3;GABRB2;CLCNKA;GABRB3;NMUR1;BEST1;SLC26A8;CLIC4;CLIC3;CLCNKB;TTYH3;OSTM1;SLC4A8;SLC12A6;SLC1A7;CLIC1;CLIC2;APOL1;ANO6;FXYD3;PACC1;CLCN7
prerank,Sodium Ion Homeostasis (GO:0055078),-0.31574917793302204,-0.9424957976184601,5.552486e-01,9.264317e-01,1.000000e+00,6/23,14.12%,SCNN1A;ATP1B1;SLC12A2;CYP4A11;TMPRSS4;SCNN1G
prerank,Cell Communication By Electrical Coupling Involved In Cardiac Conduction (GO:0086064),-0.3476848054849787,-0.9422377585960262,5.188172e-01,9.253577e-01,1.000000e+00,7/16,23.33%,ATP1B1;GJC1;GJC3;FKBP1B;PKP2;RYR2;GJA5
prerank,Embryonic Limb Morphogenesis (GO:0030326),-0.29287499328284095,-0.9420716996345142,5.328467e-01,9.239614e-01,1.000000e+00,9/34,22.13%,WNT7A;SHH;MAP3K20;HOXA11;OSR2;TFAP2A;INTU;WDPCP;SALL1
prerank,Dicarboxylic Acid Transport (GO:0006835),0.3661374338856491,0.9414657424504418,5.567010e-01,7.878772e-01,1.000000e+00,8/23,21.05%,FOLR2;SLC1A3;FOLR3;SLC26A8;PDPN;SLC46A1;UCP2;SLC1A7
prerank,Late Endosome To Lysosome Transport (GO:1902774),-0.35591046395520665,-0.9412274231675908,5.343284e-01,9.245286e-01,1.000000e+00,2/15,16.15%,CHMP4C;CHMP3
prerank,Central Nervous System Development (GO:0007417),-0.20608440417452056,-0.9410811073603664,7.341772e-01,9.231510e-01,1.000000e+00,50/253,16.28%,NKX2-1;ZIC4;VAX2;ZIC2;CNTN1;SPINK5;ZIC1;UGT8;ZIC5;POU6F2;EPHA7;MYRF;MELTF;SCTR;MAL;NPTX1;PCDH18;SHC3;IL1RAPL2;SH3GL3;SCIN;CADM2;PROX1;POMK;SHH;MNX1;PAX6;GRHL2;NCKAP1;TPPP;KLK6;SMARCA1;SOX4;SOX9;RPS6KA6;VCX3B;MACROH2A2;GRIN1;NFASC;NRCAM;VCX2;CHD7;SLC6A17;TMX2;LSR;ADGRL3;MFSD2A;AMIGO2;ADAM22;PBX3
prerank,Negative Regulation Of Receptor Signaling Pathway Via JAK-STAT (GO:0046426),0.3943454578827279,0.9410362486164168,5.547112e-01,7.881921e-01,1.000000e+00,4/16,14.08%,SOCS3;SOCS1;BCL3;SH2B3
prerank,Cardiac Conduction (GO:0061337),-0.2711266756387411,-0.9401318774889529,5.827338e-01,9.241886e-01,1.000000e+00,12/42,13.62%,DSP;SCN5A;DSG2;ANK2;SCN3B;HCN3;CAV1;CACNA1D;KCNH2;JUP;KCND3;DSC2
prerank,Positive Regulation Of Morphogenesis Of An Epithelium (GO:1905332),0.3652150907364962,0.9398950611495167,5.511450e-01,7.900625e-01,1.000000e+00,8/22,21.20%,ITGAX;LIF;PIK3CD;NOG;FGF2;MMRN2;GDNF;EGF
prerank,Regulation Of Cyclin-Dependent Protein Kinase Activity (GO:1904029),-0.2565076274500019,-0.9397819262823737,5.652174e-01,9.234156e-01,1.000000e+00,14/53,16.24%,CCNB2;PKMYT1;CCNE2;CCNA2;CCNP;CCNB1;CDKN3;CDC6;CCNF;MNAT1;CDKN2B;CDC25A;BLM;CCNE1
prerank,Regulation Of Dendrite Morphogenesis (GO:0048814),-0.2972508173421375,-0.9397138190983815,5.622896e-01,9.217612e-01,1.000000e+00,10/31,22.86%,CHRNA3;DPYSL5;CHRNB2;IL1RAPL1;NEDD4L;OBSL1;LZTS1;FBXW8;CAPRIN2;PTPRD
prerank,Positive Regulation Of G2/M Transition Of Mitotic Cell Cycle (GO:0010971),-0.330844896936722,-0.9396382109895288,5.369318e-01,9.201493e-01,1.000000e+00,11/20,28.54%,CDC7;CDK1;CCNB1;CDC25A;DBF4B;CDC25C;CDC25B;RCC2;RRM1;RAD51B;CDK4
prerank,Intracellular Sodium Ion Homeostasis (GO:0006883),-0.34539745155191515,-0.9386977541836932,5.512465e-01,9.211555e-01,1.000000e+00,5/17,14.12%,SCNN1A;ATP1B1;SLC12A2;TMPRSS4;SCNN1G
prerank,rRNA Transcription (GO:0009303),-0.3370343820048838,-0.9381524260994487,5.311653e-01,9.210040e-01,1.000000e+00,10/17,34.47%,NIFK;GTF3C4;GTF3C5;GTF3C3;TAF1B;GTF3A;GTF3C2;TCOF1;SPIN1;GTF3C6
prerank,Histone H2A Acetylation (GO:0043968),-0.3326202887693763,-0.9381352679447439,5.272727e-01,9.192183e-01,1.000000e+00,16/20,51.20%,YEATS4;NAA40;TRRAP;VPS72;ACTL6A;MRGBP;BRD8;MORF4L2;MBTD1;MEAF6;EP400;EPC2;MORF4L1;ING3;DMAP1;RUVBL2
prerank,Regulation Of Rho Protein Signal Transduction (GO:0035023),0.300835341013839,0.9370384151448138,5.676692e-01,7.957380e-01,1.000000e+00,22/69,21.58%,RIPOR2;P2RY10;GPR174;GPR65;ARHGDIB;P2RY8;APOE;STARD8;MYO9B;ARRB1;F2RL2;F2R;ARHGEF3;HEG1;SYNPO2L;OPHN1;GPR55;FLCN;LPAR6;ARHGDIA;RASIP1;ARHGEF2
prerank,Anaphase-Promoting Complex-Dependent Catabolic Process (GO:0031145),0.36599485465409287,0.9356403797552746,5.510204e-01,7.982125e-01,1.000000e+00,2/21,5.73%,ECRG4;CDC20B
prerank,"Wound Healing, Spreading Of Cells (GO:0044319)",0.35489115196681276,0.9353746189794079,5.741279e-01,7.981533e-01,1.000000e+00,12/25,21.69%,LCP1;ITGA5;FLNA;MMP12;CARMIL2;LRG1;PDPN;COL5A1;RHOA;ARHGAP24;MRTFA;CD151
prerank,Mammary Gland Development (GO:0030879),-0.3276224628889826,-0.9351724626782554,5.428571e-01,9.264619e-01,1.000000e+00,4/18,10.78%,ERBB4;WNT3;WNT7B;CAV1
prerank,T Cell Homeostasis (GO:0043029),0.39898715445439725,0.9345053621247169,5.616883e-01,7.993907e-01,1.000000e+00,6/15,16.40%,JAK3;NCKAP1L;RIPK3;FOXP3;TNFSF14;LGALS2
prerank,Regulation Of Substrate Adhesion-Dependent Cell Spreading (GO:1900024),0.311462872697307,0.9338684613578654,5.719895e-01,8.001475e-01,1.000000e+00,18/50,21.84%,OLFM4;DMTN;CASS4;GBP1;LIMS1;TRIOBP;FBLN1;FLNA;DOCK5;MYADM;PDPN;ILK;CRKL;LIMS2;CORO1C;TESK1;NEDD9;WASHC2C
prerank,Positive Regulation Of Synaptic Transmission (GO:0050806),-0.24871517271717947,-0.9338231697802042,6.164384e-01,9.286944e-01,1.000000e+00,13/68,13.52%,RIMS2;NMU;SLC24A2;SHANK2;SYT1;FOXM1;NLGN1;LGI1;ADCY8;NRXN1;GPER1;GRIN1;CRHR2
prerank,Regulation Of Epidermal Cell Differentiation (GO:0045604),-0.34540039603835615,-0.9335517984946857,5.698630e-01,9.277055e-01,1.000000e+00,3/16,3.68%,BMP4;SFN;SULT2B1
prerank,Negative Regulation Of Type I Interferon-Mediated Signaling Pathway (GO:0060339),-0.35014041659975076,-0.9330176903578487,5.657143e-01,9.274873e-01,1.000000e+00,6/15,21.31%,DCST1;ISG15;USP18;TTLL12;OAS3;CNOT7
prerank,Regulation Of DNA-templated Transcription Elongation (GO:0032784),-0.2663890067773445,-0.9328020987814737,5.942029e-01,9.263769e-01,1.000000e+00,18/44,35.88%,INTS7;ELL3;WDR43;INTS13;HMGN1;INTS8;SUPT16H;INTS1;TSFM;INTS2;HTATSF1;INTS14;PARP1;ELOA2;INTS10;INTS5;CCNT2;ZNF326
prerank,Carboxylic Acid Metabolic Process (GO:0019752),0.34454904979038725,0.9327361606380166,5.618632e-01,8.020311e-01,1.000000e+00,8/29,18.04%,SLC2A3;PTGIS;TBXAS1;ST3GAL1;SLC23A2;CYP4F3;ST6GAL1;GSTO1
prerank,Blood Vessel Morphogenesis (GO:0048514),-0.26251140704355946,-0.9320669593110372,5.853659e-01,9.267080e-01,1.000000e+00,10/51,11.60%,NELL1;TBX20;CCBE1;PROX1;SHH;ITGB8;EFNB2;ID1;CAV1;LRP5
prerank,Platelet Dense Granule Organization (GO:0060155),0.3620843533168922,0.9320505746823091,5.586924e-01,8.029010e-01,1.000000e+00,13/22,35.96%,AP1S2;F2R;AP1B1;HPS1;AP1M1;DTNBP1;HPS5;BLOC1S1;F2RL3;BLOC1S2;AP1G1;AP3B1;AP3S2
prerank,Negative Regulation Of Proteasomal Protein Catabolic Process (GO:1901799),0.32510890468861087,0.9311037542507252,5.598886e-01,8.043416e-01,1.000000e+00,8/38,21.34%,KLHL40;MAP1A;SDCBP;RYBP;HFE;GABARAPL2;OPHN1;PRKCG
prerank,Cell Junction Assembly (GO:0034329),-0.23718505810316093,-0.9309992501858187,6.315789e-01,9.279823e-01,1.000000e+00,27/90,20.84%,ADGRF1;DSG1;PKP1;SHANK2;PKP3;CTNND2;CDH1;NLGN1;ITGA6;GJC1;GRHL2;CDH8;NRXN1;POU4F1;NRCAM;TJP1;PARD6B;PCDHB11;SLITRK6;ADGRL3;PCDHGB4;PCDHB14;PKP2;FSCN1;PKP4;FLRT3;CTNND1
prerank,Negative Regulation Of RNA Splicing (GO:0033119),-0.32439036553134193,-0.9307726566394124,5.692771e-01,9.268006e-01,1.000000e+00,19/19,67.60%,RBM20;SRSF10;U2AF2;SRSF9;RNPS1;SRSF12;PTBP2;PCBP4;SRSF6;RPS13;SRSF7;RBMX;SFSWAP;RPS26;PTBP3;PTBP1;SRSF4;TMBIM6;SAP18
prerank,TOR Signaling (GO:0031929),0.35073935436339937,0.9294962990527861,5.772006e-01,8.072134e-01,1.000000e+00,10/29,29.13%,CARD11;PRR5L;FLCN;GATA3;LAMTOR1;SYAP1;PINK1;NPRL3;PRR5;CCDC88A
prerank,Glycerophospholipid Metabolic Process (GO:0006650),0.3004899698028081,0.9291654388887075,5.948052e-01,8.073052e-01,1.000000e+00,14/59,15.77%,PLA2G2D;APOA4;PLEK;CSF1R;PLA1A;CETP;PLA2G15;PLCB2;PNPLA6;PLA2G7;PLA2G4C;PGPEP1;PLCD1;GPCPD1
prerank,Cell Junction Organization (GO:0034330),0.30225088514053033,0.9285024216335118,5.937090e-01,8.081192e-01,1.000000e+00,17/59,19.19%,SNCA;C1QA;SLC8A2;TGFB1;RAB8B;SLC8A3;NLGN4X;SNCG;LIMS1;MYOT;SH3BP1;PAK3;PPFIA2;LIMS2;RHOA;OPHN1;NLGN3
prerank,Phospholipid Biosynthetic Process (GO:0008654),-0.3016685322037885,-0.9284013687575434,5.670732e-01,9.320475e-01,1.000000e+00,11/26,35.31%,LPCAT1;FDPS;PIP5K1A;AGPAT5;IDI2;SRD5A3;FITM2;FADS1;DOLPP1;OSBP;PCYT2
prerank,Positive Regulation Of Adenylate Cyclase Activity (GO:0045762),0.36055470082538527,0.9270688349574102,5.629742e-01,8.106725e-01,1.000000e+00,5/22,15.90%,TMIGD3;ADORA3;ADRB3;GIPR;ORAI1
prerank,Positive Regulation Of Protein Targeting To Mitochondrion (GO:1903955),0.34156388606985866,0.9258388597657617,5.462428e-01,8.127358e-01,1.000000e+00,10/29,30.05%,RAC2;RHOU;HSPA1L;UBE2L3;FBXW7;PINK1;LEPROT;UBE2D3;USP36;VPS11
prerank,Positive Regulation Of CREB Transcription Factor Activity (GO:0032793),-0.3437507930228925,-0.9243377893630429,5.826772e-01,9.423640e-01,1.000000e+00,3/16,10.83%,SYT14P1;ADCY8;PRKD1
prerank,Protein Stabilization (GO:0050821),0.2631392492429853,0.9239704688814946,6.607735e-01,8.161780e-01,1.000000e+00,51/194,25.31%,AHSP;APOA2;PYHIN1;TYROBP;PIM2;CLU;ATP1B2;GRN;PRKCD;TMEM88;GLMP;FLNA;STK4;MFSD1;HSPA1B;SOX17;HSPA1A;TSPAN1;CREBL2;CRTAP;BAG1;PLPP3;SEL1L;TESC;RASSF2;PIK3R1;H1-5;SMAD7;HIP1;PTEN;FLOT1;STX12;ATP1B3;HOXB-AS3;GNAQ;ZSWIM7;LAMP2;CRYAB;PFN1;PPARGC1A;CDC37;WDR81;CCNH;LAMP1;PIH1D2;P3H1;TNIP2;FLOT2;FBXW7;PINK1;AAK1
prerank,Memory (GO:0007613),0.29923573394723085,0.9233989063165021,5.769746e-01,8.168025e-01,1.000000e+00,17/55,21.28%,SLC8A2;NTF3;MAP1A;TREM2;SLC8A3;SLC2A4;APOE;LGMN;CUX2;SYT11;PRNP;RGS14;ATXN1;PJA2;NETO1;LRCH4;SHANK1
prerank,Glycolytic Process (GO:0006096),0.35137498211931284,0.922985220470574,5.809659e-01,8.170907e-01,1.000000e+00,2/27,2.35%,PKLR;HK3
prerank,Positive Regulation Of Dendrite Morphogenesis (GO:0050775),-0.3491136427338484,-0.9227926906781317,5.647059e-01,9.452194e-01,1.000000e+00,10/17,36.33%,IL1RAPL1;OBSL1;FBXW8;CAPRIN2;PTPRD;CAPRIN1;RELN;DBN1;CUL7;SS18L1
prerank,Positive Regulation Of Cell-Matrix Adhesion (GO:0001954),0.32233427782995955,0.9226757083786218,5.651558e-01,8.171581e-01,1.000000e+00,14/42,16.00%,CD3E;CCR7;PTPRJ;LIMS1;PTK2B;CSF1;CCL21;CDH13;CD36;THY1;PPM1F;PLEKHA2;EFEMP2;TEK
prerank,Negative Regulation Of Neurogenesis (GO:0050768),0.34677718242623,0.9220179780641222,5.862573e-01,8.179711e-01,1.000000e+00,7/27,13.71%,CCL11;IL1B;TNF;B2M;IL6;THY1;YWHAH
prerank,Nucleosome Assembly (GO:0006334),0.30741652938758135,0.9219213733753093,5.897436e-01,8.175347e-01,1.000000e+00,12/52,20.90%,PADI4;H4C9;H2BC14;HMGB2;H2BC3;H2BC13;H3-3A;H2BC9;H2BC11;H2BC21;NAP1L1;NAP1L3
prerank,Carbohydrate Catabolic Process (GO:0016052),0.3334827415423267,0.9215348732747091,5.925414e-01,8.177425e-01,1.000000e+00,9/36,20.50%,PKLR;HK3;NAGA;HK2;CTBS;MANBA;NEU1;UCP2;ENO3
prerank,Regulation Of Nitric-Oxide Synthase Activity (GO:0050999),0.3439300376854715,0.9215219475882851,5.797950e-01,8.171403e-01,1.000000e+00,9/25,22.78%,IL1B;TNF;LEP;APOE;GLA;FCER2;DDAH2;GCH1;PIK3CB
prerank,Regulation Of Mitochondrial Outer Membrane Permeabilization Involved In Apoptotic Signaling Pathway (GO:1901028),-0.33699811694896864,-0.9202120875024449,5.612536e-01,9.511067e-01,1.000000e+00,3/17,8.55%,HIP1R;FZD9;BOK
prerank,Negative Regulation Of Protein Metabolic Process (GO:0051248),0.2673071103561696,0.9195180563001732,6.050808e-01,8.208554e-01,1.000000e+00,16/137,8.86%,ITGB3;PRG3;SERPINE2;SERPINB3;GZMB;LILRB2;IGFBP5;CD84;IRAK3;BTG2;PATL2;TREM2;CLU;CST3;AGAP2;APOE
prerank,Cell Migration Involved In Sprouting Angiogenesis (GO:0002042),-0.3348657057021047,-0.9194713869840124,5.480519e-01,9.516002e-01,1.000000e+00,3/16,9.03%,NELL1;EFNB2;EPHB4
prerank,Positive Regulation Of Small Molecule Metabolic Process (GO:0062013),0.3367319186915474,0.918202609999487,5.752212e-01,8.230142e-01,1.000000e+00,6/31,14.22%,IFNG;P2RX7;APOE;ADM;IRS2;AKT2
prerank,Negative Regulation Of Transferase Activity (GO:0051348),-0.2687767372997554,-0.9180944846928857,5.858586e-01,9.538317e-01,1.000000e+00,5/36,8.64%,MAPT;BUB1B;MAD2L1;PIF1;CDC20
prerank,Protein Transport (GO:0015031),0.2534149358849577,0.9168498952132089,7.162304e-01,8.252984e-01,1.000000e+00,103/305,28.89%,PRF1;PRKCB;CD3G;IL10RA;LAPTM5;CD74;STX11;MCOLN1;RAB20;ARRDC5;CLU;RAB8B;CTSA;APOE;TXNIP;RAB32;LRP1;RAB3C;RUFY1;STX4;TANGO2;CD36;TFR2;EHD1;ARL6IP5;RAB6B;PPARG;RAB31;RAB3B;ARL11;TOM1;YWHAH;STXBP2;SNX18;ARRDC4;ARRDC2;ABCG1;RAB24;STX7;UNC93B1;LTBP2;RAMP3;NAPA;SEL1L;STX2;CMTM6;COPZ2;SNX9;TIMM50;RILP;RAB8A;RAB43;MYH9;MTTP;PPT1;LRP1B;RAB5C;ARL4C;STX12;VAMP2;GGA1;CTAGE1;ARHGEF2;GGA2;LAMP2;WLS;DNM2;STX8;RABL2B;CALCRL;GSDMD;RABL2A;RAB29;RPGR;APOB;STX10;CHMP1B;RAB6D;VAMP5;RAB3A;TLK1;RAMP2;RIC1;AP2A1;OPTN;ARFGAP3;ARF1;TVP23B;RAB11B;SYNRG;SNX6;ARF4;RAB1B;RAB7A;ABCD1;SVBP;SNX8;TMEM167A;STXBP3;GRPEL1;NGFR;RAB13;IFT27
prerank,Regulation Of Receptor Recycling (GO:0001919),0.3921211082388739,0.9166297708018282,5.927100e-01,8.251767e-01,1.000000e+00,8/16,26.42%,SNCA;TRAT1;RAMP3;ECE1;VAMP3;LAMTOR1;RAB29;OPTN
prerank,Ventricular Septum Development (GO:0003281),0.3301769987130646,0.9163127857501794,5.938804e-01,8.252462e-01,1.000000e+00,14/35,24.84%,NKX2-5;PDE2A;NOG;APLNR;TGFBR2;SLIT1;TGFBR1;SMAD7;GATA3;ZFPM1;TGFBR3;SLIT2;NOTCH1;CITED2
prerank,Regulation Of mRNA Processing (GO:0050684),-0.27744957038693585,-0.9163006091955439,5.724138e-01,9.572959e-01,1.000000e+00,10/34,25.25%,SRPK3;MAGOHB;RBM20;SRPK2;SRPK1;TIA1;RBM8A;SRSF10;PTCD2;NCBP1
prerank,Regulation Of Catecholamine Secretion (GO:0050433),-0.3184716564694319,-0.9159163371342721,5.679758e-01,9.565292e-01,1.000000e+00,7/20,12.33%,SYT7;SYT1;CHRNB2;STX1A;SYT8;SYT2;SYT5
prerank,Positive Regulation Of Telomerase Activity (GO:0051973),-0.27870648713088164,-0.9153767357187326,5.904437e-01,9.563234e-01,1.000000e+00,17/33,34.49%,NEK2;GRHL2;CCT4;CCT2;PKIB;DKC1;NVL;MYC;MAPKAPK5;PTGES3;POT1;AURKB;MAPK15;MAP3K4;HSP90AB1;TNKS;PARN
prerank,Male Gonad Development (GO:0008584),-0.2709392068871367,-0.9151218651367529,6.064516e-01,9.551938e-01,1.000000e+00,8/36,11.35%,LRP2;BIK;TFAP2C;KIT;AKR1C3;KITLG;MSH2;SOX9
prerank,Branched-Chain Amino Acid Catabolic Process (GO:0009083),-0.3445364951700327,-0.914904307139123,5.764706e-01,9.540063e-01,1.000000e+00,9/17,33.19%,MCCC1;IVD;MCCC2;BCKDHB;DLD;HIBADH;ACAT1;ECHS1;HIBCH
prerank,Cytoplasmic Microtubule Organization (GO:0031122),0.3074686272738525,0.9148051539778069,6.189840e-01,8.278787e-01,1.000000e+00,19/48,29.13%,CCDC13;TRDN;CCDC88B;UBASH3A;PLK3;FYN;LIMK2;RHOA;TUBGCP2;TBCB;KATNAL1;CLIP3;CLIP2;EZR;RAB11A;FSD1;TRPV4;SLAIN2;CCDC88A
prerank,Regulation Of Protein Modification Process (GO:0031399),0.3101074367008765,0.91423615455729,6.095890e-01,8.284190e-01,1.000000e+00,11/45,22.55%,ROPN1L;PPP1R16B;FN1;LYN;SOCS1;SESN2;ATG7;CORO1C;FLCN;ACER2;FNIP2
prerank,Positive Regulation Of Bone Mineralization (GO:0030501),-0.2724174417891672,-0.9131306063581479,6.195652e-01,9.572956e-01,1.000000e+00,11/37,17.57%,NELL1;ADGRV1;BMP4;CCNA2;FZD9;BMPR1B;ISG15;SLC20A2;OSR2;TFAP2A;BMPR1A
prerank,Carbohydrate Derivative Biosynthetic Process (GO:1901137),0.3382370601190399,0.9117667145990066,5.899705e-01,8.330670e-01,1.000000e+00,9/28,22.23%,GBGT1;GAL3ST4;DDR2;ST3GAL2;GCNT1;ST3GAL6;TNIP1;SCCPDH;B4GALT5
prerank,Protein Localization To Membrane (GO:0072657),0.2605294109541543,0.9115443162838607,6.629464e-01,8.328973e-01,1.000000e+00,45/184,20.87%,ANK1;ACTN2;ITGB2;ITGAL;PRAM1;TNF;ITGB7;P2RY1;ITGA4;TSPAN33;RAB8B;EPB41L3;FYB1;RAB32;TMEM88;LIN7A;RAB3C;FLNA;EHD1;CD81;RAB6B;RAB3B;THY1;FCHO2;SYNE3;LRPAP1;PACSIN1;RFTN1;RAMP3;RAP1A;GAS6;INPP5K;PLEKHF1;TESC;NUP54;RAB8A;EHD4;ABHD17A;MYO5A;FLOT1;ATP1B3;PIGR;TNFRSF1A;GAK;EHD3
prerank,Negative Regulation Of Insulin Secretion (GO:0046676),-0.32603417815665653,-0.9114107962134339,5.742297e-01,9.602773e-01,1.000000e+00,3/17,11.78%,SIRT4;KCNJ11;SFRP1
prerank,Limb Development (GO:0060173),0.3445859524655027,0.9110744277779734,6.035242e-01,8.332021e-01,1.000000e+00,5/26,11.90%,SMOC1;GREM1;COMP;KAT2B;NOG
prerank,"G Protein-Coupled Receptor Signaling Pathway, Coupled To Cyclic Nucleotide Second Messenger (GO:0007187)",-0.2766650686137905,-0.9105758029520181,6.440678e-01,9.608985e-01,1.000000e+00,14/35,21.48%,HTR1A;HTR1D;CHRM2;CHRM3;CHRM4;VIPR1;HTR1B;LHCGR;NPY1R;HTR2C;HRH3;ANXA1;MC1R;HTR2B
prerank,Regulation Of Epithelial Cell Differentiation (GO:0030856),0.3672283398672764,0.9104126601344753,5.856698e-01,8.339589e-01,1.000000e+00,6/18,20.91%,IFNG;CEBPB;MAFF;DSPP;OXSR1;GATA3
prerank,Negative Regulation Of Tumor Necrosis Factor-Mediated Signaling Pathway (GO:0010804),0.3665568845411341,0.9096132736230914,5.817610e-01,8.350011e-01,1.000000e+00,9/17,26.87%,CARD16;CARD8;GAS6;BIRC7;H2BC11;NAIP;GPS2;RFFL;PELI3
prerank,Negative Regulation Of Ubiquitin-Dependent Protein Catabolic Process (GO:2000059),0.32122284943566715,0.909568490015663,6.016713e-01,8.344501e-01,1.000000e+00,6/38,18.04%,KLHL40;MAP1A;SDCBP;RYBP;HFE;HIPK2
prerank,Chromosome Organization (GO:0051276),-0.26732765404319464,-0.9093129012045595,6.082090e-01,9.626800e-01,1.000000e+00,8/41,10.71%,NUF2;TOP2A;CENPH;CENPV;MSH2;CDCA8;CENPW;MSH6
prerank,"Retrograde Protein Transport, ER To Cytosol (GO:0030970)",0.37426153234030646,0.9092884123139913,5.883257e-01,8.344135e-01,1.000000e+00,7/17,31.21%,HERPUD1;SEL1L;RHBDD1;OS9;SYVN1;VCP;HM13
prerank,Mitotic Cytokinetic Process (GO:1902410),-0.3223227658333922,-0.9090513001502429,5.905045e-01,9.615853e-01,1.000000e+00,2/18,5.07%,CHMP4C;KIF20A
prerank,Positive Regulation Of Transmembrane Receptor Protein Serine/Threonine Kinase Signaling Pathway (GO:0090100),0.27902244535093595,0.909041809696081,6.276463e-01,8.343033e-01,1.000000e+00,23/87,21.00%,THBS1;LEFTY2;BMP6;DAB2;TGFB1;GDF6;ZEB2;SDCBP;BMP2;ACVRL1;ENG;SULF1;PPARG;LRG1;RBPJ;TGFBR2;HFE;INHBA;HIPK2;TGFBR1;FLCN;CDKN1C;JAK2
prerank,Nucleosome Organization (GO:0034728),0.28463838381392365,0.908786652017796,6.265664e-01,8.342435e-01,1.000000e+00,20/72,27.06%,PADI4;NFE2;H4C9;H2BC14;HMGB2;H2BC3;H2BC13;H3-3A;H2BC9;H2BC11;H2BC21;NAP1L1;NAP1L3;SMARCB1;CHD1;H2BC17;H2BC8;CHD2;LIN54;H2BC15
prerank,Xenobiotic Transport (GO:0042908),0.3716169123214414,0.9085903613076113,6.250000e-01,8.340252e-01,1.000000e+00,4/18,11.44%,ABCB1;ABCG2;SLC47A1;SLC22A4
prerank,Response To Organophosphorus (GO:0046683),-0.3300229218511639,-0.908202856417326,5.820896e-01,9.620286e-01,1.000000e+00,4/17,6.15%,VGF;DUOX2;KCNJ11;RFC3
prerank,Muscle Cell Differentiation (GO:0042692),0.3295221599116307,0.9072843227661943,5.913669e-01,8.361767e-01,1.000000e+00,7/32,16.84%,ACTN2;ACTN3;NINJ1;MYF6;SYNE1;MEF2C;DMD
prerank,Regulation Of Wound Healing (GO:0061041),0.31059564880634916,0.9065142314841101,6.163435e-01,8.372240e-01,1.000000e+00,11/43,14.48%,ALOX5;DMTN;VIL1;SERPINE1;MMRN1;GP1BA;CLEC7A;HBEGF;F2R;VTN;FGF2
prerank,Regulation Of Insulin-Like Growth Factor Receptor Signaling Pathway (GO:0043567),0.37843185149681,0.906396632911081,5.795981e-01,8.368586e-01,1.000000e+00,8/15,32.28%,IGFBP5;IGFBP6;CDH3;CILP;ZFAND2B;IGFBP2;IGFBP4;GH1
prerank,Translational Elongation (GO:0006414),-0.2606340581013448,-0.9063638684263963,6.561404e-01,9.655173e-01,1.000000e+00,21/41,39.34%,EEF1A2;MTRFR;GCN1;TSFM;SKIC8;ZNF598;GFM1;KLHDC10;DROSHA;GFM2;MTRES1;RACK1;TUFM;ASCC3;EIF5AL1;EEF1G;SKIC3;LTN1;PELO;EEF2;EEF1B2
prerank,Mitochondrial Calcium Ion Homeostasis (GO:0051560),0.3595864906697359,0.9057193391159459,5.739269e-01,8.376614e-01,1.000000e+00,5/19,23.03%,SLC8A3;ATP2A1;ANXA6;SLC8B1;MCUB
prerank,Negative Regulation Of Axonogenesis (GO:0050771),-0.3113139379142479,-0.9057076457942895,5.889968e-01,9.654949e-01,1.000000e+00,3/21,10.47%,KIAA0319;DCC;MAP2
prerank,Regulation Of BMP Signaling Pathway (GO:0030510),0.2884403189465066,0.9056679735239596,6.134021e-01,8.371440e-01,1.000000e+00,22/66,19.97%,FSTL5;SOST;GREM1;RBPMS2;SFRP4;CHRDL2;PCSK6;ENG;NOG;CHRDL1;TNFAIP6;SULF1;PPARG;RBPJ;FSTL1;SKOR1;GPR155;HIPK2;SMAD7;BMPER;UBE2D1;CRIM1
prerank,Cardiac Muscle Cell Action Potential (GO:0086001),-0.28559108919641957,-0.9052643781564959,6.279762e-01,9.649453e-01,1.000000e+00,7/28,12.95%,SCN1A;ATP1B1;SCN5A;SCN3B;CACNA1D;KCNH2;KCND3
prerank,Positive Regulation Of Transcription Regulatory Region DNA Binding (GO:2000679),0.36481903679485206,0.9051376897420365,6.101695e-01,8.376251e-01,1.000000e+00,2/19,6.09%,IFNG;TGFB1
prerank,JNK Cascade (GO:0007254),0.32877117662003713,0.9037580597711435,5.862069e-01,8.399009e-01,1.000000e+00,11/29,25.18%,MAP4K1;PTGER4;SH2D3C;LRRK2;CRKL;MAP3K10;MINK1;MAP3K11;TRIB1;MAP3K5;GPS2
prerank,Regulation Of mRNA Stability (GO:0043488),0.2878791731329716,0.9028327444156863,6.338028e-01,8.412979e-01,1.000000e+00,15/70,23.15%,SLC11A1;TENT5C;ZFP36;RBM24;VIM;ZFP36L2;PRKCD;RBM38;ZFP36L1;TENT5A;MAPKAPK2;DCP2;GDNF;EIF4ENIF1;CIRBP
prerank,Selective Autophagy (GO:0061912),0.29661387275285545,0.9025577504383279,6.178010e-01,8.412276e-01,1.000000e+00,21/57,33.58%,MAP1LC3C;TGFB1;MAP1LC3B;ATG2A;SNX18;STING1;WDFY3;WDR81;LGALS8;PINK1;RAB7A;CALCOCO2;PIK3C3;RNF213;VHL;KLHL3;ATM;TEX264;ATG14;UFC1;BECN1
prerank,Cardiac Atrium Morphogenesis (GO:0003209),-0.3262422101050003,-0.9024882775236557,6.027027e-01,9.711355e-01,1.000000e+00,4/17,6.62%,TBX20;SHOX2;MESP1;PROX1
prerank,Protein Targeting (GO:0006605),-0.21835573263319938,-0.9023719321098481,7.666667e-01,9.696946e-01,1.000000e+00,26/122,19.98%,GOLGA7B;ZDHHC15;ZDHHC11B;ZDHHC11;NLGN1;RAB3IP;GIPC1;AP1M2;ZDHHC9;GDAP1;PEX1;AP1S3;SEC61G;TIMM8B;AKAP6;ZDHHC23;AP4M1;NACA2;DNAJC19;AQP11;TIMM13;TOMM70;VPS37D;VPS13A;RTP4;TOMM40
prerank,Inositol Phosphate-Mediated Signaling (GO:0048016),0.3668940769632359,0.9022466713763805,6.149068e-01,8.412519e-01,1.000000e+00,3/17,12.31%,NFATC2;NFATC1;NMUR1
prerank,tRNA Metabolic Process (GO:0006399),-0.3206875289109423,-0.9015701645296226,6.005510e-01,9.700422e-01,1.000000e+00,6/19,22.22%,POP1;POP7;DTD2;DARS2;YARS2;SSB
prerank,Embryonic Heart Tube Morphogenesis (GO:0003143),0.3185541251506876,0.9014088841146307,6.199158e-01,8.424008e-01,1.000000e+00,11/38,20.93%,DNAAF1;NKX2-5;IHH;ENG;APLNR;SOX17;TGFBR2;MEF2C;CCDC39;SOX18;PKD2
prerank,Positive Regulation Of Focal Adhesion Assembly (GO:0051894),-0.3323249638035377,-0.9013129635705371,5.945205e-01,9.689501e-01,1.000000e+00,1/18,0.11%,NELL1
prerank,Anterograde Synaptic Vesicle Transport (GO:0048490),-0.3390702510618988,-0.9011151964643133,6.032609e-01,9.658644e-01,1.000000e+00,1/15,1.52%,AP3B2
prerank,Synaptic Vesicle Transport Along Microtubule (GO:0099517),-0.3390702510618988,-0.9011151964643133,6.032609e-01,9.658644e-01,1.000000e+00,1/15,1.52%,AP3B2
prerank,Regulation Of Postsynaptic Membrane Potential (GO:0060078),0.3402679198636095,0.9006086212598065,5.975232e-01,8.434642e-01,1.000000e+00,9/27,19.19%,GABRA5;ARRB2;CHRNA4;INSYN2B;LRRK2;GRIN2A;MEF2C;GRIN2D;NLGN3
prerank,Embryonic Organ Development (GO:0048568),0.2899266999727195,0.9003394269277446,6.296774e-01,8.434256e-01,1.000000e+00,21/70,23.52%,CXCL8;TAL1;TNF;TGFB1;NKX2-5;SOX17;FLT3LG;RBPJ;TGFBR2;SH2B3;TFEB;RARRES2;SOX18;GATA3;PKD2;GDNF;ZFPM1;GLI2;PBX4;FGFR2;RARB
prerank,Regulation Of Leukocyte Chemotaxis (GO:0002688),-0.328303163832507,-0.899996978687798,5.907781e-01,9.672096e-01,1.000000e+00,5/17,12.37%,EDN2;F2RL1;MTUS1;PRSS56;XCL1
prerank,Actin Filament Bundle Assembly (GO:0051017),0.3277176163465516,0.8992067430917615,6.183644e-01,8.451766e-01,1.000000e+00,8/32,12.78%,DMTN;LCP1;AIF1;LIMD2;ESPNL;ADD2;MICAL1;FAM107A
prerank,Regulation Of Stem Cell Proliferation (GO:0072091),-0.333044346476892,-0.8982900560657399,6.039326e-01,9.701729e-01,1.000000e+00,7/16,17.88%,EPCAM;KDM1A;KDF1;TERT;EIF2AK2;HMGA2;SOX11
prerank,Establishment Of Epithelial Cell Polarity (GO:0090162),0.3633740423309551,0.8977870003025868,6.057402e-01,8.475409e-01,1.000000e+00,9/18,27.04%,SIPA1;CYTH1;SH3BP1;RHOA;MSN;OPHN1;SIPA1L3;CDC42;EZR
prerank,Response To Amino Acid (GO:0043200),-0.2934021472075347,-0.8974967779620792,6.422287e-01,9.706920e-01,1.000000e+00,6/27,20.98%,GLRA3;SH3BP4;GRIN1;CPEB1;LARS1;IPO5
prerank,Fatty Acid Metabolic Process (GO:0006631),0.2655705919276465,0.8968454530660752,6.846523e-01,8.488971e-01,1.000000e+00,19/115,14.92%,ACSL6;AOAH;ALOX5;LCP1;PLA2G15;ACSM5;ABCD2;ALOX15;ACSL1;ALOX12;ACSL4;GPX1;LIPC;CD36;NAAA;CYP4F11;ADIPOR1;SLC27A2;XBP1
prerank,Regulation Of Aerobic Respiration (GO:1903715),0.3778139302521002,0.8957336659788688,6.151468e-01,8.505193e-01,1.000000e+00,2/16,8.52%,ACTN3;CBFA2T3
prerank,Negative Regulation Of Axon Extension (GO:0030517),-0.28588640262136295,-0.8956934105358071,6.446541e-01,9.738801e-01,1.000000e+00,17/29,36.08%,KIAA0319;SEMA6C;MAP2;SEMA3A;SEMA3C;SEMA3B;SEMA6D;SEMA4B;SEMA3F;SEMA4C;SEMA4F;SEMA4G;RTN4R;SEMA6A;DIP2B;SEMA3E;SEMA5A
prerank,Regulation Of Osteoblast Proliferation (GO:0033688),0.37275384058866184,0.89562930985411,6.163142e-01,8.501007e-01,1.000000e+00,8/16,17.07%,LTF;HPSE;TNN;GREM1;BMP2;TMEM119;MN1;RHOA
prerank,Cellular Response To Chemical Stress (GO:0062197),0.27833413036800164,0.8952959995841527,6.559006e-01,8.502028e-01,1.000000e+00,39/87,31.11%,SNCA;AIF1;ZFP36L2;GPX1;PRR5L;STX4;ALDH3B1;HSPA1B;SOD2;MGAT3;HSPA1A;SESN2;LRRK2;MSRA;TRIM21;STX2;STOX1;FOXO1;ATG7;FOXO3;DDX3X;PKD2;SIRT2;PPARGC1A;ZC3H12A;FAS;RBX1;PINK1;SERPINB6;SUMO4;TRPV4;LRRC8D;SETX;G6PD;PYCR2;GPX8;CPEB2;ATM;CCS
prerank,Phosphatidylethanolamine Metabolic Process (GO:0046337),-0.29665652994592573,-0.8949415686032159,6.303030e-01,9.741714e-01,1.000000e+00,3/24,3.87%,PLA2G4E;PLA2G3;PLAAT1
prerank,Organic Cation Transport (GO:0015695),0.32635796140002266,0.8947653669895547,6.175595e-01,8.506418e-01,1.000000e+00,8/28,16.35%,SLC22A16;TSPO2;SLC6A12;SLC47A1;SLC29A3;SLC22A4;SEC14L1;SLC44A4
prerank,Regulation Of Protein Localization To Cell Periphery (GO:1904375),0.35985010232627856,0.8944861533852282,6.070336e-01,8.505715e-01,1.000000e+00,11/19,31.45%,GBP1;ACTB;STX7;LDLRAP1;AKR1B1;ZDHHC7;STX8;ZDHHC2;CLN3;SIRT6;MMP14
prerank,Positive Chemotaxis (GO:0050918),-0.32601491443698777,-0.8942346788303743,6.073446e-01,9.742924e-01,1.000000e+00,4/16,9.26%,NELL1;MET;PLXNB3;SCRIB
prerank,Positive Regulation Of Protein Processing (GO:0010954),-0.32272703784172335,-0.8940910811154121,5.982143e-01,9.729120e-01,1.000000e+00,6/18,13.89%,MELTF;HPN;CCBE1;BAG2;F12;ANGPTL8
prerank,Regulation Of Cell-Substrate Junction Assembly (GO:0090109),0.34764547500835863,0.8938796583122345,6.035242e-01,8.512500e-01,1.000000e+00,6/21,18.25%,FYN;TLN1;DUSP3;VCL;RHOA;CORO1C
prerank,"Retrograde Vesicle-Mediated Transport, Golgi To Endoplasmic Reticulum (GO:0006890)",0.30274885943205265,0.8938683949685335,6.444142e-01,8.506379e-01,1.000000e+00,11/48,27.69%,CCL13;RAB6B;PLPP3;COPZ2;RAB43;ERGIC1;PITPNB;RAB6D;TAPBP;ARF4;TMEM115
prerank,Maintenance Of Protein Localization In Organelle (GO:0072595),0.37134864271001833,0.8934562975816186,6.021841e-01,8.508844e-01,1.000000e+00,9/17,39.29%,HK2;PINK1;CHCHD10;HK1;MORC3;TAF8;TOPORS;SKP1;PML
prerank,Cell Cycle G1/S Phase Transition (GO:0044843),-0.2502933928701447,-0.893234917075913,7.054264e-01,9.735200e-01,1.000000e+00,16/50,21.92%,DBF4;CCNE2;CCNA2;CAMK2A;RCC1;CDC7;CDKN3;POLE;SPDYA;CDC25A;CCNE1;CUL4A;E2F1;CDK6;CUL5;MYC
prerank,Positive Regulation Of Cell-Substrate Junction Organization (GO:0150117),0.34554850107034524,0.8930687987050726,6.170543e-01,8.510505e-01,1.000000e+00,9/23,17.62%,IQSEC1;PTPRJ;LIMS1;THY1;MAPRE2;PPM1F;DUSP3;TEK;PIK3R1
prerank,Regulation Of Catabolic Process (GO:0009894),0.3522577184532165,0.8920798882635921,6.174298e-01,8.525574e-01,1.000000e+00,10/21,31.01%,PTK2B;FURIN;RARRES2;ZDHHC7;ITGB1;WDR91;SCARB2;ZDHHC2;SIRT6;NUB1
prerank,Microtubule Nucleation (GO:0007020),-0.3067139812753182,-0.8920797748358477,6.088235e-01,9.749545e-01,1.000000e+00,7/22,27.31%,TPX2;TPPP;TUBGCP5;TUBGCP4;SLAIN1;TUBGCP3;NEDD1
prerank,Positive Regulation Of Cardiac Muscle Tissue Growth (GO:0055023),-0.3343471103276754,-0.8918358675706164,5.809019e-01,9.738426e-01,1.000000e+00,2/15,1.39%,ERBB4;TBX20
prerank,Epiboly Involved In Wound Healing (GO:0090505),0.3796643352366422,0.8916129806462035,6.182965e-01,8.528774e-01,1.000000e+00,7/15,21.69%,LCP1;FLNA;CARMIL2;PDPN;RHOA;MRTFA;CD151
prerank,Diterpenoid Metabolic Process (GO:0016101),-0.2937378134494385,-0.8912010944818545,6.093294e-01,9.738180e-01,1.000000e+00,5/25,10.95%,LRP2;BCO1;AKR1C3;NAPEPLD;AKR1C4
prerank,SMAD Protein Signal Transduction (GO:0060395),0.30442295803359537,0.8910456839119165,6.243169e-01,8.534172e-01,1.000000e+00,11/45,18.56%,LEFTY2;BMP6;TGFB1;FOS;GDF6;BMP2;ZMIZ1;INHBA;HIPK2;SMAD7;JUN
prerank,Positive Regulation Of Cell Projection Organization (GO:0031346),0.26537274929084026,0.890883438123004,6.902761e-01,8.531302e-01,1.000000e+00,29/112,18.61%,TNN;FES;RAPGEF1;ATP1B2;APOE;SCARF1;MAP6;CUX2;PLXNC1;PTK2B;PLXND1;ARSB;LYN;NTRK1;NTRK3;CARMIL2;SLITRK1;ZNF804A;TWF2;CAMK1;TIAM2;DDR2;SERPINI1;SCN1B;DLG4;RAP1A;ROR2;CX3CL1;NDNF
prerank,Fatty Acid Biosynthetic Process (GO:0006633),0.2938906074480351,0.8905298854605809,6.366083e-01,8.532656e-01,1.000000e+00,10/56,14.92%,ALOX5;LCP1;HACD4;ACSM5;GSTM4;ALOX15;SCD5;LIPC;ELOVL7;XBP1
prerank,Sprouting Angiogenesis (GO:0002040),0.2985405350316738,0.8896248793886583,6.391185e-01,8.546031e-01,1.000000e+00,14/51,16.00%,THBS1;EGR3;TGFB1;GREM1;PTK2B;RECK;VEGFC;ENG;NR4A1;CDH13;LOXL2;FGF2;JMJD6;TEK
prerank,Positive Regulation Of Autophagosome Assembly (GO:2000786),0.3657609586469328,0.8894801259093219,6.011905e-01,8.542554e-01,1.000000e+00,4/16,19.60%,PIP4K2A;SNX18;WIPI1;WDR45
prerank,Sensory Perception Of Chemical Stimulus (GO:0007606),0.3658236857944075,0.8888131765280756,6.012085e-01,8.550151e-01,1.000000e+00,8/17,23.79%,C5AR1;SLC24A4;UGT2A1;CD36;OR10A5;BEST2;DRD2;GNAS
prerank,Organic Hydroxy Compound Biosynthetic Process (GO:1901617),0.30336596960279694,0.8882179500016998,6.519258e-01,8.556013e-01,1.000000e+00,8/39,14.58%,CH25H;SRD5A2;FAXDC2;ALOX15;ALOX12;CYP27A1;PRKAG2;SLC27A2
prerank,"Protein Alpha-1,2-Demannosylation (GO:0036508)",0.37253286564267035,0.8880694984888023,6.076555e-01,8.552714e-01,1.000000e+00,8/16,31.93%,MAN1A1;MAN1C1;EDEM2;RNF185;RNF5;EDEM1;SYVN1;MAN1A2
prerank,Negative Regulation Of Mitotic Cell Cycle (GO:0045930),0.32249872144383124,0.8874174092778928,6.328012e-01,8.560046e-01,1.000000e+00,14/31,22.48%,BTG2;BTG4;ZFP36L2;IL10;RGCC;GAS1;ZFP36L1;BTG1;HECA;BCL6;CDKN1C;CHFR;NABP1;CDKN1B
prerank,Regulation Of Cell Cycle G2/M Phase Transition (GO:1902749),-0.31919230314800184,-0.8869553353354325,6.153846e-01,9.834785e-01,1.000000e+00,9/18,28.79%,CENPF;KIF14;NPM1;AURKA;KCNH5;CDK6;CDK3;CDK4;CDK2
prerank,Negative Regulation Of Stress Fiber Assembly (GO:0051497),-0.28469318023120693,-0.8855840114654194,6.625767e-01,9.853834e-01,1.000000e+00,11/24,26.79%,TMEFF2;RHPN1;ARHGAP28;MET;TJP1;STMN1;TACSTD2;CGNL1;RHPN2;MYOC;F11R
prerank,Negative Chemotaxis (GO:0050919),0.3265662739533189,0.8854886150008956,6.183644e-01,8.593153e-01,1.000000e+00,10/29,22.43%,ITGB3;NTN1;SEMA6B;SEMA4D;SLIT1;RHOA;SEMA7A;LGR6;SEMA4A;SLIT2
prerank,Monocarboxylic Acid Metabolic Process (GO:0032787),0.2699176043352287,0.8850760196131905,6.817625e-01,8.595443e-01,1.000000e+00,15/91,14.73%,VNN2;AOAH;LCP1;VNN1;UGT2A2;UGT2A1;MGAT4A;ACSL4;GATM;CD36;AKR1C1;NAAA;CYP4F11;DSE;ABAT
prerank,Regulation Of Macromolecule Metabolic Process (GO:0060255),0.25900948510690375,0.8847906462998099,7.032710e-01,8.595150e-01,1.000000e+00,37/143,23.43%,MEFV;PTPRC;TRIM49D1;SLC8A2;NFKBID;ST18;AIF1;IHH;KDM6B;TXK;TREM2;APOE;SIRPA;IL10;ZNF683;DHH;NKAPL;APLNR;ZFP36L1;PCBP3;PTHLH;STOX1;TP73;KDM6A;MTMR3;POU5F1;SLC8A1;ALPK2;NFKBIZ;CAVIN4;GDNF;AFF1;LAMTOR1;MARF1;NPC1;ZC3H12A;GBA1
prerank,Endosomal Transport (GO:0016197),0.25760777037306765,0.8843493171389207,7.281879e-01,8.598078e-01,1.000000e+00,71/174,32.90%,RCSD1;TBC1D10C;AGAP2;DENND5A;DENND1C;WIPF3;EHD1;RAB6B;TOM1;SNX18;TBC1D17;CMTM6;SNX9;PICALM;SNX2;RILP;RAB43;CCDC93;CORO1C;EHD4;AP5B1;ARL4C;TBC1D10A;TBC1D10B;STX12;VAMP3;EPS15;GGA1;EHD3;REPS2;CCDC22;WASHC2C;CLN5;LAMTOR1;VPS35L;DENND1A;SPAG9;RAB29;VPS53;STX10;CHMP1B;PIKFYVE;RAB6D;MICALL1;RIC1;VTI1A;RAB11B;ITSN1;SNX6;BLOC1S1;RAB11FIP4;RAB7A;BET1L;WASHC2A;RAB13;ANKFY1;SLC66A2;WASHC4;BAIAP3;EVI5;RAB35;DENND10;RBSN;BLOC1S2;VPS39;GCC2;TBC1D5;BLTP1;RAB9A;STX5;WASH2P
prerank,Regulation Of Transforming Growth Factor Beta Production (GO:0071634),0.37210734641964444,0.883436650114636,6.329705e-01,8.609971e-01,1.000000e+00,5/16,11.55%,PTGS2;LILRB1;FN1;LGALS9;LTBP1
prerank,Regulation Of Protein Metabolic Process (GO:0051246),0.26996417874700185,0.8828992645022735,6.966427e-01,8.614513e-01,1.000000e+00,20/90,20.96%,LILRB2;KLF2;PLAUR;TGFB1;ACE;NFKBIA;APOE;MSI1;CSF1;SERPINB4;NR1H3;FURIN;EDNRB;INHBA;MTPN;FOXO3;GSAP;AGTR1;MAPK7;CYFIP1
prerank,Hexose Metabolic Process (GO:0019318),0.3006810273683527,0.882777604234078,6.457219e-01,8.610598e-01,1.000000e+00,12/43,20.25%,HK3;FUCA1;APOD;CHST15;FBP1;HK2;GAA;IRS2;GALM;CHST1;H6PD;PPARD
prerank,Negative Regulation Of Phosphatase Activity (GO:0010923),-0.32685026122057526,-0.8826092515029607,6.226415e-01,9.916092e-01,1.000000e+00,7/16,23.55%,PPP4R4;PPP1R1B;FKBP1B;URI1;MASTL;STYXL1;TIPRL
prerank,Positive Regulation Of Cartilage Development (GO:0061036),-0.33027299552595923,-0.8821991759829645,6.236264e-01,9.908607e-01,1.000000e+00,5/17,12.66%,BMP4;SCX;BMPR1B;SOX9;HOXA11
prerank,Striated Muscle Cell Differentiation (GO:0051146),-0.3100487978948743,-0.8820644639868738,6.373626e-01,9.894363e-01,1.000000e+00,4/18,5.73%,POPDC3;SDC1;MYEF2;MESP1
prerank,Lung Development (GO:0030324),-0.2722462587128155,-0.8814969305651702,6.397306e-01,9.892200e-01,1.000000e+00,7/32,9.71%,NKX2-1;BMP4;WNT11;WNT7B;PROX1;SHH;ITGA3
prerank,L-amino Acid Transport (GO:0015807),0.3400817630285264,0.8813188714377561,6.248132e-01,8.633787e-01,1.000000e+00,5/22,15.16%,SLC36A2;SLC1A3;SLC47A1;SLC38A5;SLC36A1
prerank,Vacuolar Transport (GO:0007034),0.30422203581752655,0.8808709089637393,6.414073e-01,8.636253e-01,1.000000e+00,11/45,25.83%,ATP6V0D2;GRN;LRP1;ARSB;PSAP;HSPA1A;ATP6V0D1;NPC1;VPS53;CHMP1B;VTI1A
prerank,Positive Regulation Of Plasma Membrane Bounded Cell Projection Assembly (GO:0120034),-0.21767358150313232,-0.8797221493837896,7.540984e-01,9.920600e-01,1.000000e+00,21/83,19.79%,NELL1;OCLN;MYO3B;CLRN1;EPS8L2;F2RL1;ANLN;RALA;NLGN1;MSTN;NCKAP1;AVIL;DPYSL3;WASL;AGRN;EPS8L1;FNBP1L;CDC42EP1;FSCN1;EPS8;ENTR1
prerank,Development Of Primary Male Sexual Characteristics (GO:0046546),-0.2593024880446651,-0.8790400868743574,6.568627e-01,9.920795e-01,1.000000e+00,8/36,11.35%,LRP2;BIK;TFAP2C;KIT;AKR1C3;KITLG;MSH2;SOX9
prerank,Positive Regulation Of Macroautophagy (GO:0016239),0.2853133233897979,0.878334328638697,6.792929e-01,8.681066e-01,1.000000e+00,29/60,36.09%,PIP4K2A;BNIP3L;ATG2A;DCN;TOM1;SNX18;SESN2;RUFY4;STING1;WIPI1;IKBKG;WDR45;SMCR8;SUPT5H;PINK1;OPTN;GNAI3;CALCOCO2;RALB;UVRAG;RNF31;FYCO1;HTT;WAC;SESN1;SLC25A4;SPTLC2;SH3GLB1;SIRT1
prerank,BMP Signaling Pathway (GO:0030509),0.28837815896741964,0.8776020879703611,6.671105e-01,8.689769e-01,1.000000e+00,17/55,22.95%,LEFTY2;BMP6;TGFB1;GDF6;BMP2;ACVRL1;ENG;NOG;PPARG;HFE;INHBA;HJV;MAPK3;USP15;TGFBR3;TMEM100;GDF10
prerank,Multivesicular Body Sorting Pathway (GO:0071985),-0.29099102735109816,-0.8765723098672294,6.500000e-01,9.968607e-01,1.000000e+00,4/24,16.15%,CHMP4C;EXPH5;LAPTM4B;CHMP3
prerank,Regulation Of Bicellular Tight Junction Assembly (GO:2000810),0.3616575775761759,0.8763382631662954,6.207407e-01,8.709095e-01,1.000000e+00,4/15,23.03%,TNF;SNAI1;PRKCH;PRKACA
prerank,Positive Regulation Of Neurogenesis (GO:0050769),0.2757875756310712,0.8761838891691951,6.931818e-01,8.705795e-01,1.000000e+00,22/71,23.69%,IFNG;VCAN;HAPLN1;MAP6;CUX2;SERPINF1;PLXNC1;PLXND1;OPRM1;SLITRK1;TIAM2;RGS14;HAPLN3;BCAN;CX3CL1;NUMB;NTRK2;MME;NAP1L1;SLIT2;DRD2;NPTN
prerank,Intrinsic Apoptotic Signaling Pathway By P53 Class Mediator (GO:0072332),-0.2678742037551723,-0.8757810992514216,6.732026e-01,9.971927e-01,1.000000e+00,5/34,13.32%,ZNF385B;PMAIP1;BOK;POU4F1;CASP6
prerank,Nitric Oxide Biosynthetic Process (GO:0006809),0.3716992475952468,0.8752661894024293,6.422764e-01,8.718133e-01,1.000000e+00,7/15,26.48%,CYP1B1;CYB5R3;NOS2;DDAH2;GCH1;NOS3;GCHFR
prerank,Regulation Of Golgi Organization (GO:1903358),0.3683090311934471,0.8750155768885374,6.331269e-01,8.716821e-01,1.000000e+00,10/16,35.49%,MAPK1;MYO5A;MAPK3;EHD3;MAP2K2;MAP2K1;ARMH3;RBSN;STX5;RAB33B
prerank,Negative Regulation Of Notch Signaling Pathway (GO:0045746),-0.29002673783344757,-0.8749891708465473,6.532508e-01,9.975155e-01,1.000000e+00,1/26,0.22%,MAGEA1
prerank,Vascular Endothelial Growth Factor Receptor Signaling Pathway (GO:0048010),-0.27731507257435917,-0.8749848180558452,6.559486e-01,9.957550e-01,1.000000e+00,6/28,16.81%,NELL1;VEGFD;PTK2;PRKD1;PGF;PDCD6
prerank,Negative Regulation Of Actin Filament Polymerization (GO:0030837),-0.29725213273908424,-0.8745212847578463,6.454545e-01,9.951348e-01,1.000000e+00,7/22,15.44%,KANK4;HIP1R;SCIN;PFN2;PFN4;SSH3;TWF1
prerank,Aortic Valve Morphogenesis (GO:0003180),0.30992788427647605,0.8745072895840933,6.728045e-01,8.720880e-01,1.000000e+00,14/35,25.64%,TGFB1;NKX2-5;SNAI1;NFATC1;TGFBR2;SLIT1;RHOA;CDH11;GATA3;SLIT2;NOS3;EMILIN1;NOTCH1;RB1
prerank,mRNA Transcription (GO:0009299),0.30054642999989506,0.8741367454315585,6.489796e-01,8.721917e-01,1.000000e+00,17/43,35.95%,C5AR1;EREG;PPARG;NR1H3;RARA;TAF10;RXRA;NR1H2;HIPK3;NCBP3;CREB1;SUPT6H;TAF8;ATF4;TP53;NCOA2;RXRB
prerank,Response To Glucose (GO:0009749),0.30323054839284475,0.8731355260207777,6.755245e-01,8.735634e-01,1.000000e+00,12/41,23.83%,APOA2;THBS1;LCP1;KLRG1;IRS2;ERN1;XBP1;GAS6;VAMP2;UCP2;PRKACA;PCK2
prerank,Melanosome Transport (GO:0032402),-0.3293909561608215,-0.8724430008363182,6.133721e-01,9.968355e-01,1.000000e+00,2/15,8.86%,MLPH;RAB17
prerank,Pigment Granule Transport (GO:0051904),-0.3293909561608215,-0.8724430008363182,6.133721e-01,9.968355e-01,1.000000e+00,2/15,8.86%,MLPH;RAB17
prerank,Positive Regulation Of Lipid Biosynthetic Process (GO:0046889),0.31636803015622206,0.8722728164454155,6.544944e-01,8.747305e-01,1.000000e+00,8/35,17.34%,APOA4;APOC2;APOE;KAT2B;NR1H3;CREBL2;SLC27A1;MID1IP1
prerank,Protein Sumoylation (GO:0016925),-0.25395484249219,-0.8706918381346238,7.090164e-01,9.997218e-01,1.000000e+00,16/45,32.67%,RNF212;STX1A;RNF212B;HDAC9;TRIM28;EID3;SUMO1;NSMCE2;RANGAP1;SENP5;SMC6;NSMCE4A;PIAS3;SMC5;EYA1;PIAS2
prerank,Positive Regulation Of Peptidyl-Lysine Acetylation (GO:2000758),-0.31839047212002125,-0.8706182741012479,6.602210e-01,9.981435e-01,1.000000e+00,5/17,22.89%,PRKAA2;BRCA1;SOX4;DEK;BAZ1B
prerank,Regulation Of Myoblast Differentiation (GO:0045661),0.28988764119412114,0.8698295130842479,6.523490e-01,8.790027e-01,1.000000e+00,17/51,24.81%,KLHL41;RIPOR2;TGFB1;RBM24;MYF6;EID2B;ZFP36L1;ANKRD2;BTG1;MEF2C;DPF3;TBX3;SMARCB1;NOTCH1;FLOT2;SMARCA2;XKR8
prerank,Double-Strand Break Repair Via Nonhomologous End Joining (GO:0006303),-0.2564925352199663,-0.8692710923557476,7.048611e-01,9.998458e-01,1.000000e+00,14/40,31.05%,POLQ;PRKDC;DCLRE1A;ATP23;POLA1;POLB;NSMCE2;PRPF19;MRE11;RNF8;ERCC8;PSMD14;LIG4;SMC5
prerank,Cellular Response To Topologically Incorrect Protein (GO:0035967),0.33294897538396045,0.8689008361546371,6.563422e-01,8.802080e-01,1.000000e+00,9/22,32.84%,PACRG;HSPA1A;ERN1;RHBDD1;BAK1;OPTN;PTPN1;HDAC6;DNAJB14
prerank,"Regulation Of DNA Damage Response, Signal Transduction By P53 Class Mediator (GO:0043516)",0.320512874884328,0.8685987138031405,6.616541e-01,8.801737e-01,1.000000e+00,3/28,9.38%,ANKRD1;CD74;SNAI1
prerank,mRNA Stabilization (GO:0048255),0.2903189085505082,0.8681943033475852,6.689098e-01,8.803492e-01,1.000000e+00,12/48,23.15%,SLC11A1;TENT5C;ZFP36;RBM24;MYD88;RBM38;TENT5A;MAPKAPK2;GDNF;EIF4ENIF1;DAZ1;CIRBP
prerank,Regulation Of Small GTPase Mediated Signal Transduction (GO:0051056),0.2611101876954247,0.8681362214839672,7.441589e-01,8.798207e-01,1.000000e+00,35/117,20.73%,ARHGAP9;PREX1;TAGAP;FGD3;DOCK2;DOCK8;ARHGAP15;ARHGAP26;ARHGAP30;ARHGAP25;GMIP;ARHGAP6;ARHGAP45;ARHGAP18;VAV1;MYO9B;GNA13;VAV3;ARAP1;RHOU;ARHGEF1;SH3BP1;ARHGAP4;TIAM2;ARHGEF3;FGD4;SPATA13;DNMBP;SRGAP3;ARHGEF10L;ARHGEF40;ARHGEF15;FLCN;ARHGAP22;RASGRF2
prerank,Vesicle Transport Along Actin Filament (GO:0030050),0.3476913282803703,0.8674470064608355,6.567164e-01,8.805963e-01,1.000000e+00,3/18,7.24%,MYO1F;MYO1G;MYO7A
prerank,Regulation Of Release Of Cytochrome C From Mitochondria (GO:0090199),0.30459116505976797,0.8672705795862444,6.625850e-01,8.803159e-01,1.000000e+00,15/39,28.44%,PLAUR;MMP9;CLU;GPX1;BMF;PPIF;PYCARD;BCL2L11;BBC3;PINK1;BAK1;PLSCR3;HGF;BCL2L1;CIDEB
prerank,Positive Regulation Of SMAD Protein Signal Transduction (GO:0060391),0.3585701642884977,0.8669840074300914,6.315789e-01,8.802441e-01,1.000000e+00,6/17,21.00%,BMP6;DAB2;TGFB1;PPARG;TGFBR1;JAK2
prerank,Negative Regulation Of Oxidative Stress-Induced Intrinsic Apoptotic Signaling Pathway (GO:1902176),0.35796525673476576,0.8669656667367255,6.500000e-01,8.796437e-01,1.000000e+00,4/16,25.25%,NME5;SOD2;MAPK7;PINK1
prerank,Regulation Of Long-Term Synaptic Potentiation (GO:1900271),0.3229892582636558,0.8669480517376494,6.402878e-01,8.790338e-01,1.000000e+00,5/27,12.78%,LILRB2;TYROBP;APOE;LGMN;FAM107A
prerank,Response To Organonitrogen Compound (GO:0010243),-0.25427342915668555,-0.8662880755933304,6.821429e-01,1.000000e+00,1.000000e+00,5/41,8.25%,GLRA3;CHRNA3;CHRNB2;INAVA;ADORA1
prerank,Cell Surface Receptor Signaling Pathway Involved In Cell-Cell Signaling (GO:1905114),-0.2798534961840411,-0.8659223926034265,7.041420e-01,1.000000e+00,1.000000e+00,7/26,12.60%,BMP4;RAC3;WNT7B;LRP6;LRP5;CELSR2;CD24
prerank,Action Potential (GO:0001508),-0.26331775337382846,-0.8654649743503382,6.741214e-01,1.000000e+00,1.000000e+00,9/32,14.83%,KCNH7;KCNA1;SCN5A;KCND2;SCN3B;GPER1;KCNMB4;KCNH2;KCNMB3
prerank,Gene Expression (GO:0010467),-0.18731532357175643,-0.8653295753793986,8.867925e-01,1.000000e+00,1.000000e+00,130/289,38.08%,EEF1A2;MRPL13;DUOXA2;MAGOHB;MPHOSPH10;MRPL36;THOC3;MRPS17;XPO1;RPS21;RPS5;RPS29;MRPL14;RPS17;ZAR1;FARSB;NUP107;MRPS33;RPLP0;HSPD1;MRPL9;RPL12;RPS7;RPS4Y1;RPLP1;MRPL12;RPS19;MRPL51;MRPL42;RPS10;RPL35;DKC1;GSPT2;TASP1;MRPL35;RPL30;DIS3L;RPS3;SYNCRIP;RBM8A;EXOSC8;YARS2;RPL27;RPL38;MRPS11;EXOSC2;IGF2BP3;RPS27A;NOX4;RPS18;RPL8;NXT2;RPL36;TSPAN5;RPL24;DNAJB11;MRPS5;NUP160;RPL4;RPS2;RPL31;EXOSC4;NCBP1;RPL28;RPL37A;MRRF;SMG5;RPL13A;RPL5;RPL6;MRPL37;PRSS37;RPL35A;MRPL11;RPS8;MRPS15;NXT1;RPL7A;RPL18A;RPS3A;NUP133;TSPAN15;RPS20;EXOSC7;DDX54;ZNG1E;RPS15A;MRPL3;CHTOP;FYTTD1;GOLPH3;RPL17;ABCC6;RPSA;PRPF4;EXOSC6;EXOSC9;MRPS7;DUSP11;MRPL24;EIF4G1;EXOSC5;DDX39A;DARS1;THOC7;NUP85;MRPS16;RPL7;RPL26;RPS24;COPS5;FMR1;MRPS14;RPL18;MRPS18B;RPL10A;SMG1;NUP88;RPL39;STUB1;DIS3;MRPL18;NUFIP1;FASTKD2;MRPS21;RPS15;RPL13;RPS25;ALYREF;BICD1
prerank,Regulation Of Chondrocyte Differentiation (GO:0032330),0.3315028339599826,0.865176877233951,6.568779e-01,8.818901e-01,1.000000e+00,7/24,18.08%,GREM1;GDF6;LOXL2;SOX6;EFEMP1;PTHLH;TGFBR1
prerank,Positive Regulation Of Potassium Ion Transmembrane Transport (GO:1901381),-0.31025003379957194,-0.8651187733977572,6.675603e-01,1.000000e+00,1.000000e+00,5/16,12.76%,ATP1B1;NOS1AP;ANK2;KCNH2;AKAP6
prerank,Negative Regulation Of Macroautophagy (GO:0016242),0.34830898725781356,0.8650888640011851,6.521739e-01,8.814103e-01,1.000000e+00,8/22,28.02%,NUPR1;LRRK2;SMCR8;PHF23;RUBCN;PINK1;MTM1;USP36
prerank,Negative Regulation Of Cell Differentiation (GO:0045596),-0.18946334673992682,-0.8647959132334582,8.867925e-01,1.000000e+00,1.000000e+00,26/194,11.78%,FOXA2;NKX2-1;ASCL1;HOXB8;ADGRV1;BMP4;HOPX;TMEM182;ZNF750;HOXA9;HPN;EGFR;EPHA4;BMP5;SORD;DISP3;TRIB3;SHH;HDAC9;MSTN;CAV1;SOX4;GPER1;SOX9;LRP5;SFRP1
prerank,Cellular Response To Ketone (GO:1901655),-0.2571269760231576,-0.8647532111763072,7.218310e-01,9.990504e-01,1.000000e+00,11/43,15.59%,AKR1C2;ADCY1;SCNN1A;GNAI1;CFTR;AKR1C3;ADCY8;SFRP1;SCNN1G;ADAM15;ADCY2
prerank,Oxoacid Metabolic Process (GO:0043436),0.34868642388282256,0.8646937538326149,6.440177e-01,8.815740e-01,1.000000e+00,6/20,17.81%,SULT1B1;TPST2;MINPP1;ENPP1;SULT1E1;SULT1A1
prerank,Regulation Of mRNA Catabolic Process (GO:0061013),0.29277157493125694,0.8646648956748477,6.684564e-01,8.809901e-01,1.000000e+00,8/45,14.52%,ZFP36;RBM24;VIM;ZFP36L2;GTPBP1;PRKCD;PRR5L;ZFP36L1
prerank,Monocarboxylic Acid Biosynthetic Process (GO:0072330),-0.2331761536225222,-0.8645138020439995,7.522523e-01,9.979274e-01,1.000000e+00,17/58,19.44%,FASN;ACSM6;ACSM4;ALDH1A3;ELOVL4;CYP7B1;ACACA;AKR1C4;ACOX2;DSEL;ACSM3;SLC27A5;CYP39A1;BAAT;AMACR;NDUFAB1;GAMT
prerank,Regulation Of Cellular Component Biogenesis (GO:0044087),0.30542036189772004,0.8642516539107554,6.671408e-01,8.811842e-01,1.000000e+00,15/36,30.05%,CCL19;RAPGEF1;APOE;RAP1B;CD36;RAP1A;MSN;SNCAIP;NOTCH1;PINK1;EZR;RAPGEF2;NRG1;NF2;VPS11
prerank,Positive Regulation Of Activated T Cell Proliferation (GO:0042104),0.3536042295166143,0.8635984585982238,6.666667e-01,8.817958e-01,1.000000e+00,6/17,23.23%,IL12RB1;ICOSLG;IL12B;PYCARD;HHLA2;TNFSF9
prerank,Response To Estradiol (GO:0032355),0.3233505104594782,0.8626749624656946,6.726190e-01,8.829653e-01,1.000000e+00,7/27,19.55%,TGFB1;CRHBP;ESR1;SSTR2;STAT5B;RAMP3;ZNF703
prerank,ERBB Signaling Pathway (GO:0038127),-0.2387112109418906,-0.8624583971506415,7.520325e-01,1.000000e+00,1.000000e+00,6/50,4.84%,ERBB4;TGFA;EPGN;SHC3;PTK6;EGFR
prerank,Positive Regulation Of Epidermal Growth Factor Receptor Signaling Pathway (GO:0045742),0.3132146267646052,0.8617904386949291,6.762295e-01,8.840842e-01,1.000000e+00,7/31,13.27%,NCF1;PLAUR;MMP9;SHKBP1;HBEGF;EREG;PDE6G
prerank,Cytoskeleton-Dependent Intracellular Transport (GO:0030705),-0.2992016692487162,-0.8616861658552987,6.508876e-01,1.000000e+00,1.000000e+00,4/21,10.83%,KIF1A;DYNC1I1;MYO10;HOOK1
prerank,Nucleotide Biosynthetic Process (GO:0009165),-0.3082088026410992,-0.8615348550136118,6.861111e-01,1.000000e+00,1.000000e+00,7/18,27.47%,RRM2;PPAT;GART;MTHFD1;ME1;RRM1;PFAS
prerank,SCF-dependent Proteasomal Ubiquitin-Dependent Protein Catabolic Process (GO:0031146),-0.2480478665528535,-0.8614241352044959,6.883562e-01,9.988531e-01,1.000000e+00,9/42,23.69%,NCCRP1;KIF14;FBXL16;CCNF;FBXO4;FBXL6;FBXL18;CUL5;FBXL8
prerank,Positive Regulation Of G Protein-Coupled Receptor Signaling Pathway (GO:0045745),-0.3177822092986305,-0.8611930135267276,6.453488e-01,9.977149e-01,1.000000e+00,4/15,12.07%,MRAP2;KLK6;GPER1;KLK14
prerank,Regulation Of RNA Metabolic Process (GO:0051252),0.26509983711145274,0.861185481938446,7.206983e-01,8.846269e-01,1.000000e+00,15/90,21.57%,BRDT;TNFRSF1B;OASL;KAT2B;RBM38;MBNL3;MITF;PCBP3;CLK1;TAF10;AKAP17A;MBNL1;HOXB-AS3;ATXN7;TADA3
prerank,Positive Regulation Of Ubiquitin-Dependent Protein Catabolic Process (GO:2000060),0.2693204108215082,0.8610216521770894,7.079208e-01,8.842960e-01,1.000000e+00,22/81,25.11%,KLHL40;PYHIN1;LAPTM5;DAB2;CLU;CBFA2T3;SH3RF3;HSPA1B;HSPA1A;GABARAP;LRRK2;CEBPA;SMAD7;PTEN;RNF19B;SIRT2;CCDC22;TRIB1;RCHY1;FBXW7;RBX1;CSNK1D
prerank,Brain Development (GO:0007420),-0.201731718010505,-0.8595419975304928,8.809524e-01,1.000000e+00,1.000000e+00,35/158,21.07%,CTNNA2;NKX2-1;VAX2;ZIC2;CNTN1;ZIC1;EPHA7;SCTR;CENPF;PCDH18;CADM2;PROX1;POMK;GRHL2;SMARCA1;VCX3B;MACROH2A2;GRIN1;NFASC;NRCAM;VCX2;SLC6A17;TMX2;ADGRL3;MFSD2A;AMIGO2;PBX3;PHGDH;NDRG4;ANAPC7;IER3IP1;EEF1AKMT4-ECE2;ADGRL2;MAST1;ADGRG1
prerank,Regulation Of Epidermal Growth Factor-Activated Receptor Activity (GO:0007176),0.3224887284448464,0.8587156338719262,6.503817e-01,8.881481e-01,1.000000e+00,5/26,13.07%,NCF1;ZFYVE28;HBEGF;EREG;CBLB
prerank,Cell-Substrate Junction Assembly (GO:0007044),0.31643663265891775,0.8580500595710497,6.573117e-01,8.887657e-01,1.000000e+00,6/28,19.83%,ACTN2;ACTN3;FN1;THY1;TESK2;CDH11
prerank,Regulation Of Cardiac Muscle Cell Proliferation (GO:0060043),0.3379574101836186,0.8577634345057957,6.636501e-01,8.887031e-01,1.000000e+00,12/20,24.34%,PIM1;NOG;RBPJ;FGF2;GLI1;MEF2C;RUNX1;TP73;TGFBR1;TGFBR3;FGFR2;NOTCH1
prerank,Antiviral Innate Immune Response (GO:0140374),0.2897176886265269,0.8573772137024228,6.779891e-01,8.888252e-01,1.000000e+00,9/44,17.43%,TNF;CXCL10;NLRP1;MARCHF2;IFIT2;CARD8;NLRP6;STING1;IFIT3
prerank,Regulation Of Ubiquitin-Dependent Protein Catabolic Process (GO:2000058),0.2967787838904949,0.8566999186474245,6.891702e-01,8.895419e-01,1.000000e+00,8/41,21.46%,PYHIN1;LAPTM5;CLU;PTK2B;HFE;HIPK2;PTEN;CCDC22
prerank,Glutamine Family Amino Acid Catabolic Process (GO:0009065),-0.32448129222778754,-0.8562552047731607,6.657459e-01,1.000000e+00,1.000000e+00,4/15,7.88%,PRODH;GAD1;AOC1;ARHGAP11B
prerank,Histone Lysine Methylation (GO:0034968),-0.26733134364254885,-0.8562124320898505,7.118644e-01,1.000000e+00,1.000000e+00,16/31,41.60%,SMYD2;WDR5B;PAXIP1;DPY30;SUV39H2;BOD1;SKIC8;WDR5;MEN1;PAGR1;SMYD3;RBBP5;MLLT10;EHMT2;SETDB1;SETD1A
prerank,Regulation Of SMAD Protein Signal Transduction (GO:0060390),0.3173212109992696,0.8560431516695742,6.686567e-01,8.901822e-01,1.000000e+00,5/27,12.91%,BMP6;DAB2;TGFB1;LRP1;PPARG
prerank,Negative Regulation Of Calcium Ion Transmembrane Transport (GO:1903170),0.35217263686421674,0.8556393434013083,6.620584e-01,8.903235e-01,1.000000e+00,6/16,27.81%,ATP1A2;PLN;BIN1;SESTD1;PPP3CC;FKBP1A
prerank,Protein Localization To Cell Periphery (GO:1990778),0.2534880777649807,0.8555090247939334,7.479769e-01,8.899363e-01,1.000000e+00,36/136,21.89%,ANK1;ACTN2;PRAM1;TNF;P2RY1;TSPAN33;RAB8B;EPB41L3;FYB1;TMEM88;LIN7A;RAB3C;FLNA;EHD1;CD81;MYADM;RAB3B;FCHO2;LRPAP1;PACSIN1;RAMP3;RAP1A;GAS6;INPP5K;PLEKHF1;TESC;RAB8A;EHD4;MYO5A;FLOT1;ATP1B3;TNFRSF1A;GAK;EHD3;ZDHHC7;PPIL2
prerank,Positive Regulation Of Stem Cell Proliferation (GO:2000648),-0.32565552926901586,-0.854816704053126,6.297297e-01,1.000000e+00,1.000000e+00,5/15,17.88%,EPCAM;KDM1A;TERT;HMGA2;SOX11
prerank,DNA Damage Response (GO:0006974),-0.18506323175209125,-0.8542272357134836,9.736842e-01,1.000000e+00,1.000000e+00,108/377,27.27%,SIRT4;MAPT;PARP2;SFN;CHEK1;TICRR;RECQL4;EXO1;MCM10;RAD51AP1;TOP2A;XRCC2;RFC3;DEPDC1B;PCLAF;POLQ;MACROD1;TIMELESS;UBE2T;DDX11;BOK;CDK1;PRKDC;FEN1;RBBP8;CHD1L;MCM7;TRAIP;MSH2;RAD51;RMI2;BRCA1;KDM1A;FANCC;MSH6;SPDYA;MRPL36;FANCA;EPHA2;HROB;NABP2;RFC5;RPA3;NPM1;MNAT1;ETAA1;RFC4;FBXO45;BRSK1;MAPK12;WDHD1;NAE1;MACROD2;BLM;USP45;POLA1;POLB;FANCL;TRIM28;GTF2H3;UNG;RFC2;CBX3;EID3;SUMO1;XRCC3;FSCN1;MASTL;TRRAP;POLE3;MCM8;RPS3;CUL4A;ENDOV;POLE2;E2F1;RECQL5;RAD50;SPIDR;SPINDOC;MYC;USP28;POLD1;ATR;BAZ1B;MRE11;UBR5;KMT5C;ALKBH3;RAD51D;CDK3;PPP4R3B;SPRTN;NPAS2;RRM1;SMC6;RNF8;HERC2;RAD18;MEN1;WDR76;ERCC8;NUDT1;XPA;RAD51B;UBQLN4;PARP1;CASP2
prerank,Negative Regulation Of Cold-Induced Thermogenesis (GO:0120163),0.2936692427437625,0.8541985570923597,6.899441e-01,8.917862e-01,1.000000e+00,11/44,17.44%,ACTN3;FOXC2;TLR4;IL18R1;TLE3;RBPJ;NR1H3;TFE3;PLCL2;IL15;PCTP
prerank,Regulation Of Cellular Component Organization (GO:0051128),-0.20267668521503415,-0.8539426228347048,8.934426e-01,1.000000e+00,1.000000e+00,24/149,15.64%,ROS1;KLK8;SLITRK2;MELTF;INSM1;HIP1R;PAK6;KIF14;IL17RB;PACSIN3;PAPPA2;TMEM97;MKI67;HJURP;RAB17;SOCS2;SLC6A2;TJP1;EBAG9;BBS10;SSRP1;URI1;CEACAM1;ATAD3A
prerank,Membrane Assembly (GO:0071709),-0.257073843569842,-0.8527477626133863,7.483221e-01,1.000000e+00,1.000000e+00,6/38,9.34%,CHMP4C;IL1RAPL1;EMP2;NLGN1;UBXN2A;NRXN1
prerank,Regulation Of Cell Development (GO:0060284),0.2906993417080287,0.8527365885086307,6.885475e-01,8.938775e-01,1.000000e+00,4/46,8.84%,GFI1B;SLAMF8;IL1B;GRN
prerank,Dendritic Spine Morphogenesis (GO:0060997),-0.31360433543996824,-0.8523325069846613,6.509186e-01,1.000000e+00,1.000000e+00,4/15,13.57%,WNT7A;CTNND2;EPHB3;WASL
prerank,Histone H4-K5 Acetylation (GO:0043981),-0.3218826344916987,-0.8522223937437459,6.363636e-01,1.000000e+00,1.000000e+00,15/15,67.84%,WDR5;KANSL2;ING5;MCRS1;MEAF6;OGT;KANSL3;KAT7;KANSL1;ING4;JADE2;JADE3;JADE1;KAT8;PHF20
prerank,Histone H4-K8 Acetylation (GO:0043982),-0.3218826344916987,-0.8522223937437459,6.363636e-01,1.000000e+00,1.000000e+00,15/15,67.84%,WDR5;KANSL2;ING5;MCRS1;MEAF6;OGT;KANSL3;KAT7;KANSL1;ING4;JADE2;JADE3;JADE1;KAT8;PHF20
prerank,Regulation Of Membrane Depolarization (GO:0003254),0.3456486462164524,0.8520312473715226,6.961832e-01,8.946954e-01,1.000000e+00,8/19,18.63%,HCN4;SCN2B;FHL1;SCN10A;LRRK2;SCN1B;SMAD7;HCN1
prerank,Intrinsic Apoptotic Signaling Pathway (GO:0097193),0.2552916307029798,0.8513732270639162,7.395577e-01,8.953108e-01,1.000000e+00,34/100,26.58%,TNFRSF1B;BCL2A1;CEBPB;LGALS12;ATP2A1;ATP2A3;PRKCD;MCL1;ARL6IP5;CYP1B1;PPP1R15A;ERN2;ERN1;PPM1F;CASP4;CDKN1A;PYCARD;TP73;HIPK2;ITPR1;BCL2L11;BBC3;PDK2;SELENOK;DDX3X;FNIP2;HIC1;IKBKE;PDK1;MAP3K5;FHIT;QRICH1;BAK1;TNFRSF10B
prerank,Membrane Depolarization During Cardiac Muscle Cell Action Potential (GO:0086012),0.3509713838625589,0.8512897869854585,6.521739e-01,8.948361e-01,1.000000e+00,6/16,18.67%,HCN4;SCN2B;ATP1A2;SCN1B;KCNJ2;SLC8A1
prerank,Regulation Of Neurotransmitter Transport (GO:0051588),0.34642098635608337,0.8500739567529876,6.656761e-01,8.964953e-01,1.000000e+00,9/18,21.92%,OTOF;DYSF;MCTP1;SYN1;MEF2C;MCTP2;FLOT1;RIMS1;SNCAIP
prerank,RNA Stabilization (GO:0043489),0.3043070648435843,0.8499420308054308,6.974432e-01,8.961246e-01,1.000000e+00,9/34,23.15%,SLC11A1;TENT5C;RBM24;RBM38;TNIP1;TENT5A;GDNF;EIF4ENIF1;CIRBP
prerank,Regulation Of Cell Growth (GO:0001558),0.23952905632259713,0.8493027339575308,8.095756e-01,8.967195e-01,1.000000e+00,39/218,17.29%,MYL2;SCGB3A1;RASGRP2;CXCL16;CDA;TGFB1;SPOCK1;CDKN2D;CISH;SDCBP;PTPRJ;SIPA1;MUC12;ACVRL1;FHL1;WFDC1;RPS6KA1;TNC;HSPA1B;SERTAD3;FAM107A;SOX17;HSPA1A;FBP1;SLIT1;FRZB;TSPYL2;SESN2;BTG1;CDKN1A;ENPP1;INHBA;OGFR;SLC44A4;DCUN1D3;PPP1R9B;MTPN;BCL6;H3-3A
prerank,Regulation Of Lamellipodium Assembly (GO:0010591),0.31251014533738314,0.8488600865139824,6.886145e-01,8.969423e-01,1.000000e+00,12/32,22.43%,RAC2;WAS;DMTN;ABI3;CARMIL2;TWF2;PIK3R1;BRK1;CAPZB;CYFIP1;ARPC2;SLIT2
prerank,Negative Regulation Of Protein Secretion (GO:0050709),0.2969003814734731,0.8486884060116321,7.115942e-01,8.966027e-01,1.000000e+00,11/37,18.68%,IL1B;APOE;FAM3D;OPRM1;IL12B;NR1H3;F2R;CD200;FOXO1;RHBDF2;MIDN
prerank,Regulation Of Intrinsic Apoptotic Signaling Pathway (GO:2001242),0.2890892073830027,0.8485119509785962,7.105624e-01,8.962962e-01,1.000000e+00,11/47,20.49%,PLAUR;MMP9;LCK;NUPR1;HERPUD1;PPIF;PYCARD;CYLD;PLEKHF1;BBC3;DDX3X
prerank,Very Long-Chain Fatty Acid Metabolic Process (GO:0000038),0.3141106921928828,0.8478666285898193,6.982507e-01,8.969245e-01,1.000000e+00,6/30,14.58%,ACSL6;HACD4;ABCD2;ACSL1;ELOVL7;SLC27A2
prerank,Positive Regulation Of Response To Endoplasmic Reticulum Stress (GO:1905898),0.3398145087836158,0.8449391850331486,6.785714e-01,9.019559e-01,1.000000e+00,8/18,26.34%,FCGR2B;ERN1;XBP1;PIK3R1;BCL2L11;RNF185;TMEM259;BAK1
prerank,Protein Targeting To Vacuole (GO:0006623),0.30780950575256777,0.8445930203019042,6.980854e-01,9.019912e-01,1.000000e+00,18/33,37.56%,LAPTM5;NCOA4;PXK;NAGPA;RAB7A;SORL1;SCARB2;PIK3C3;GGA3;GCC2;ATG14;BECN1;VPS8;M6PR;VPS37C;WASH3P;SQSTM1;ZFYVE16
prerank,Endocytic Recycling (GO:0032456),0.27871975613028616,0.8443431990726392,7.022901e-01,9.018320e-01,1.000000e+00,26/61,32.90%,DENND1C;WIPF3;EHD1;ATP6AP1;CMTM6;CCDC93;EHD4;ARL4C;STX12;EPS15;EHD3;CCDC22;WASHC2C;VPS35L;DENND1A;VPS53;MICALL1;VTI1A;RAB11B;RAB11FIP4;RAB7A;RAB13;RAB35;VPS39;BLTP1;WASH2P
prerank,Protein Localization To Organelle (GO:0033365),0.24851915083980577,0.8434679292454494,7.776524e-01,9.028742e-01,1.000000e+00,47/131,31.50%,CSRP3;GBP5;RCSD1;TULP2;GBP1;HHEX;COL1A1;SNX10;GBP2;FKBP8;EHD1;PPP1R15A;LRRK2;RIPOR1;TTC21A;RAB8A;GABARAPL2;DDX3X;GAK;WASHC2C;PAK1;TOR1B;ZBTB7A;TSPAN10;CNEP1R1;LAMP1;SARM1;TUB;PIKFYVE;PACSIN2;CSNK1D;MICALL1;DNAAF11;TRAM2;BANP;OPTN;SORL1;RAB11A;WASHC2A;PAQR3;RAB35;SYS1;DCP1A;CTDNEP1;TOR1AIP1;TOLLIP;GCC2
prerank,Melanosome Assembly (GO:1903232),0.3403915178415833,0.8433892250984129,6.804916e-01,9.023685e-01,1.000000e+00,6/18,22.75%,AP1S2;RAB32;AP1B1;HPS1;AP1M1;HPS5
prerank,Positive Regulation Of Signal Transduction By P53 Class Mediator (GO:1901798),-0.2896966933696675,-0.8431213893719625,6.913947e-01,1.000000e+00,1.000000e+00,8/21,31.55%,PMAIP1;RPS7;EEF1E1;MYC;ATR;RPS20;MSX1;RPL17
prerank,Positive Regulation Of Neuron Differentiation (GO:0045666),0.29934220053629323,0.8413964925252503,6.998597e-01,9.055340e-01,1.000000e+00,14/34,25.40%,DLX2;NKX2-5;MMD;BMP2;FGFR1;MEF2C;ZEB1;RHOA;GDPD5;KCTD11;ARHGEF2;NBL1;TCF4;GPRC5B
prerank,Regulation Of Proteolysis (GO:0030162),0.2794576340392991,0.84133950148947,7.192513e-01,9.050042e-01,1.000000e+00,11/50,21.30%,SERPINE2;SERPINB3;PLAUR;CST3;SERPINB4;CYFIP2;CLN8;GSAP;TBC1D10A;FGFR4;CASP8
prerank,Endothelial Cell Migration (GO:0043542),0.2942094158899149,0.8409811055714204,7.094499e-01,9.050047e-01,1.000000e+00,15/39,19.48%,S100A12;EGR3;TNFSF12;LPXN;PLXND1;NR4A1;CDH13;LOXL2;CYP1B1;FSTL1;S100P;RHOA;MYH9;SOX18;PXN
prerank,Negative Regulation Of DNA Biosynthetic Process (GO:2000279),0.30165832389673997,0.8405613041225184,7.031700e-01,9.051556e-01,1.000000e+00,6/30,20.80%,ANKRD1;ACVRL1;CDKN1A;TENM1;CTC1;DCP2
prerank,Protein Localization To Cilium (GO:0061512),0.29248635259531625,0.8405587686411391,7.097222e-01,9.045227e-01,1.000000e+00,13/39,26.64%,TULP2;TMEM107;SNX10;ODAD4;CFAP58;EHD1;TTC21A;RAB8A;RAB29;TUB;CSNK1D;DNAAF11;CC2D2A
prerank,Phosphatidylinositol Phosphate Biosynthetic Process (GO:0046854),0.28953734540095905,0.8399193956346478,7.305630e-01,9.050656e-01,1.000000e+00,6/43,8.61%,SLA2;PIK3CG;PIK3CD;PIP4K2A;SOCS3;CISH
prerank,Multicellular Organismal-Level Water Homeostasis (GO:0050891),0.3448726627984554,0.8391416745840207,6.878049e-01,9.059429e-01,1.000000e+00,1/17,0.09%,BPIFA1
prerank,Positive Regulation Of Neuron Projection Development (GO:0010976),0.2568144913615833,0.8384900832184626,7.543641e-01,9.065749e-01,1.000000e+00,23/86,18.61%,TNN;FES;RAPGEF1;ATP1B2;APOE;SCARF1;CUX2;PTK2B;ARSB;LYN;NTRK1;NTRK3;ZNF804A;TWF2;CAMK1;PACSIN1;DDR2;SERPINI1;SCN1B;RAP1A;ROR2;CX3CL1;NDNF
prerank,Positive Regulation Of Biomineral Tissue Development (GO:0070169),-0.24426457297300516,-0.8380614562221068,7.704280e-01,1.000000e+00,1.000000e+00,11/42,17.57%,NELL1;ADGRV1;BMP4;CCNA2;FZD9;BMPR1B;ISG15;SLC20A2;OSR2;TFAP2A;BMPR1A
prerank,Negative Regulation Of Mitochondrion Organization (GO:0010823),-0.252922667986749,-0.8379407463743143,7.560976e-01,1.000000e+00,1.000000e+00,3/35,7.65%,IAPP;MAPT;FZD9
prerank,Vesicle Docking (GO:0048278),0.33382780257926203,0.837898432247786,6.806597e-01,9.070521e-01,1.000000e+00,7/19,24.58%,STX11;STX4;STX7;STX2;STX12;STX8;STX10
prerank,Negative Regulation Of Kinase Activity (GO:0033673),-0.2244876662302951,-0.8371787800695986,8.441558e-01,1.000000e+00,1.000000e+00,14/59,17.18%,MAPT;DBNDD1;SFN;CAMK2N2;TRIB3;DEPTOR;CAMK2N1;LRP6;EPHA1;TARBP2;DVL1;CEACAM1;TRIB2;PPM1E
prerank,Connective Tissue Development (GO:0061448),-0.24893679634584173,-0.8370834378640893,7.380192e-01,1.000000e+00,1.000000e+00,7/34,11.60%,SCX;ITGB8;SNORC;COL11A2;SOX9;HYAL1;LRP5
prerank,Cellular Response To Unfolded Protein (GO:0034620),0.3418962503155649,0.8359908000967938,7.118110e-01,9.100284e-01,1.000000e+00,7/17,28.87%,PACRG;HSPA1A;ERN1;RHBDD1;BAK1;OPTN;PTPN1
prerank,Negative Regulation Of Amide Metabolic Process (GO:0034249),0.2602623440519276,0.8359774725796388,7.701863e-01,9.094189e-01,1.000000e+00,10/87,13.92%,PRG3;GZMB;IGFBP5;BTG2;PATL2;CLU;APOE;RTN1;DAPK1;PRNP
prerank,Negative Regulation Of Neuron Projection Development (GO:0010977),-0.23109820965414413,-0.8350371969451668,7.976654e-01,1.000000e+00,1.000000e+00,11/52,13.21%,KIAA0319;NGEF;DCC;EPHA4;FKBP4;EFNB2;NLGN1;MINAR1;SEMA3A;CRMP1;DPYSL3
prerank,Regulation Of DNA Biosynthetic Process (GO:2000278),0.29445249349289637,0.8348433720272137,7.281831e-01,9.108895e-01,1.000000e+00,10/33,27.79%,ANKRD1;RGCC;FGF2;CDKN1A;SMOC2;FGFR4;PARP4;HGF;PRKD2;SMG6
prerank,Neuron Projection Extension (GO:1990138),-0.25009280783734494,-0.8337367905209883,7.789855e-01,1.000000e+00,1.000000e+00,2/36,3.43%,NELL1;FLRT1
prerank,Nucleosome Disassembly (GO:0006337),0.3507893676625717,0.8337166861012355,7.106918e-01,9.123720e-01,1.000000e+00,1/16,1.02%,NFE2
prerank,Eye Morphogenesis (GO:0048592),0.3410957820196138,0.8327239736922365,6.773700e-01,9.135874e-01,1.000000e+00,9/18,30.78%,MFAP5;FBN1;EFEMP1;COL5A1;COL5A2;TENM3;SKI;STAT3;VEGFA
prerank,Organic Cyclic Compound Biosynthetic Process (GO:1901362),0.3099345475519769,0.8321041230719283,7.036474e-01,9.141935e-01,1.000000e+00,4/28,7.71%,PRG3;SRD5A2;HDC;CYP21A2
prerank,Regulation Of Cellular Response To Stress (GO:0080135),-0.20838600946507815,-0.8311783292298626,8.777778e-01,1.000000e+00,1.000000e+00,38/107,32.74%,MAPT;RADX;DEPDC1B;ADCY8;RAD51;BRCA1;SOX4;UBE2V2;NPM1;ETAA1;DNAJC2;TAF2;UCHL5;SMYD2;CHCHD2;TAF6;KAT2A;AIFM2;BRCA2;USP1;TRRAP;ATR;NFRKB;HSF1;ENY2;KMT5A;WDR76;CHORDC1;SF3B3;GSK3B;ACTL6A;UBE2N;TAF7;ROCK2;PARG;INO80C;FEM1B;EIF4G1
prerank,Regulation Of Synaptic Vesicle Exocytosis (GO:2000300),-0.31224718861111134,-0.8307421043472194,7.084469e-01,1.000000e+00,1.000000e+00,2/16,7.44%,RIMS2;NLGN1
prerank,Modulation By Host Of Symbiont Process (GO:0051851),0.2874582030612401,0.8304494518927457,7.307153e-01,9.166268e-01,1.000000e+00,4/42,4.01%,CCL5;CCL3;CCL4;MUC2
prerank,Regulation Of Stem Cell Population Maintenance (GO:2000036),-0.22849090148032628,-0.8301406967015202,8.093220e-01,1.000000e+00,1.000000e+00,25/54,41.78%,WDR43;BRMS1L;HMGA2;NODAL;KAT2A;SMARCA4;BRD9;BCL7A;MYC;ESRRB;SINHCAF;SF3B3;ACTL6A;HDAC2;CNOT3;SMARCD1;SMARCE1;SUDS3;TAF6L;RBBP4;BCL7C;SMARCC1;HDAC1;REST;TET1
prerank,"DNA Damage Response, Signal Transduction By P53 Class Mediator (GO:0030330)",-0.2513922612689976,-0.8300340825391386,7.108014e-01,1.000000e+00,1.000000e+00,6/35,11.42%,FOXM1;GTSE1;E2F7;MYO6;MUC1;RPS6KA6
prerank,Organelle Membrane Fusion (GO:0090174),0.31235314245416823,0.8297950445599345,7.169540e-01,9.171851e-01,1.000000e+00,11/25,24.58%,STX4;SYT11;STX7;IRAG2;VAMP7;STX12;VAMP2;VAMP3;VAMP1;STX8;STX10
prerank,"Protein Localization To Chromosome, Telomeric Region (GO:0070198)",-0.31758577986797243,-0.8297069800096033,6.785714e-01,1.000000e+00,1.000000e+00,7/15,25.77%,TERT;NABP2;BRCA2;PINX1;ZNF827;ATR;POT1
prerank,"Chemical Synaptic Transmission, Postsynaptic (GO:0099565)",0.32365003496350586,0.8293215935686152,7.060703e-01,9.174449e-01,1.000000e+00,8/23,19.19%,ARRB2;CHRNA4;INSYN2B;LRRK2;GRIN2A;MEF2C;GRIN2D;NLGN3
prerank,Establishment Of Protein Localization To Mitochondrion (GO:0072655),-0.2375036209565615,-0.8292751986839255,8.081633e-01,1.000000e+00,1.000000e+00,14/44,24.44%,RALA;GDAP1;TOMM20L;TIMM8B;DNAJC19;HSPD1;TIMM13;TOMM70;GRPEL2;PAM16;TOMM40;TIMM21;TOMM20;ROMO1
prerank,Response To Retinoic Acid (GO:0032526),-0.22960459464235733,-0.8291089104221939,8.025210e-01,1.000000e+00,1.000000e+00,9/54,12.70%,ASCL1;WNT11;RXRG;WNT3;PTK6;WNT7B;PTK7;SOX9;STRA8
prerank,Pulmonary Valve Development (GO:0003177),0.32559088451474966,0.8287886186853904,6.923077e-01,9.177603e-01,1.000000e+00,7/20,24.34%,TNFRSF1B;NFATC1;RBPJ;TNFRSF1A;SLIT2;NOS3;NOTCH1
prerank,Nucleus Organization (GO:0006997),-0.2338852224214107,-0.8285456951428778,7.925926e-01,1.000000e+00,1.000000e+00,9/43,18.60%,CHMP4C;CEP55;NDC1;NUP35;CHMP3;LMNB2;RPS19;NUP205;REEP3
prerank,Cellular Response To Starvation (GO:0009267),0.24578608113327038,0.8282937654474082,7.932243e-01,9.180160e-01,1.000000e+00,37/120,26.16%,MAP1LC3C;PLIN2;MAP1LC3B;MAP1LC3B2;GABARAPL1;GABARAP;MAPK1;SESN2;LRRK2;XBP1;TFEB;CPEB4;BHLHA15;RIPOR1;CDKN1A;WIPI1;PDK4;FOXO1;ATG7;FOXO3;MTMR3;GABARAPL2;WDR45;MAPK3;FLCN;GAS2L1;LAMP2;ZC3H12A;FAS;DAP;RRAGA;MAP3K5;PLIN3;KPTN;ZFYVE1;TSSK3;NPRL3
prerank,Stress-Activated Protein Kinase Signaling Cascade (GO:0031098),0.324624946330918,0.8276655991028187,6.963746e-01,9.185558e-01,1.000000e+00,6/20,28.91%,NLRP1;MAP2K3;MAPK1;MAPK3;MAP3K5;MAPK14
prerank,Ear Morphogenesis (GO:0042471),-0.295657143516953,-0.8276199248549733,7.051672e-01,1.000000e+00,1.000000e+00,6/20,16.33%,ZIC1;MYO6;SIX1;CHD7;OSR2;TFAP2A
prerank,Protein Localization To Plasma Membrane (GO:0072659),0.24492655834583585,0.8273016333179086,7.853828e-01,9.185829e-01,1.000000e+00,34/130,21.89%,ANK1;ACTN2;PRAM1;TNF;P2RY1;TSPAN33;RAB8B;EPB41L3;FYB1;TMEM88;RAB3C;FLNA;EHD1;CD81;RAB3B;FCHO2;LRPAP1;PACSIN1;RAMP3;RAP1A;GAS6;INPP5K;PLEKHF1;TESC;RAB8A;EHD4;MYO5A;FLOT1;ATP1B3;TNFRSF1A;GAK;EHD3;ZDHHC7;PPIL2
prerank,Vesicle-Mediated Transport In Synapse (GO:0099003),-0.3123390698790913,-0.8271236010825451,7.127371e-01,1.000000e+00,1.000000e+00,6/15,13.78%,CPLX2;CPLX1;STX1A;PCLO;SNAP25;BRSK1
prerank,Regulation Of Mitochondrial Membrane Potential (GO:0051881),-0.2442365560161554,-0.8267712038453708,7.862069e-01,1.000000e+00,1.000000e+00,3/36,4.26%,MAPT;PMAIP1;PYCR1
prerank,Heterochromatin Formation (GO:0031507),-0.25807463467924935,-0.8249612293993582,7.704918e-01,1.000000e+00,1.000000e+00,7/28,23.51%,UHRF1;EZH2;HMGA2;LMNB2;CBX3;POLE3;UBR5
prerank,Regulation Of Smoothened Signaling Pathway (GO:0008589),-0.23891579620747166,-0.8241720777108659,8.046875e-01,1.000000e+00,1.000000e+00,10/49,18.79%,HHIP;ZIC1;DCDC2;TEDC2;SHH;SFRP1;UCHL5;CIBAR1;INTU;ULK3
prerank,Organelle Fusion (GO:0048284),0.3231905058532892,0.823666729732718,7.030303e-01,9.245676e-01,1.000000e+00,3/24,12.23%,BCL2A1;STX4;MCL1
prerank,Regulation Of Potassium Ion Transmembrane Transporter Activity (GO:1901016),0.31417389042642807,0.8232457791602082,7.207602e-01,9.246496e-01,1.000000e+00,9/24,20.03%,CASQ2;ATP1B2;FHL1;KCNE1;KCNS1;OXSR1;ATP1B3;VAMP2;NETO1
prerank,fatty-acyl-CoA Metabolic Process (GO:0035337),0.34273944681199076,0.8232058846481541,7.202572e-01,9.240843e-01,1.000000e+00,5/17,23.86%,ACSL4;SLC27A2;DGAT2;PPT1;HSD17B4
prerank,Transcription By RNA Polymerase III (GO:0006383),-0.2635343031366446,-0.8229701610569625,7.700000e-01,1.000000e+00,1.000000e+00,18/28,40.72%,ZC3H8;POLR3G;POLR2K;GTF3C4;ICE2;ICE1;POLR3K;GTF3C5;GTF3C3;SNAPC1;GTF3A;GTF3C2;SNAPC4;GTF3C6;POLR3H;GTF3C1;SNAPC3;RO60
prerank,Positive Regulation Of ERBB Signaling Pathway (GO:1901186),0.32706396523882325,0.8229426341167575,6.992806e-01,9.239195e-01,1.000000e+00,5/22,13.27%,PLAUR;MMP9;SHKBP1;RBPJ;PDE6G
prerank,Sphingolipid Catabolic Process (GO:0030149),0.3393591243603744,0.822740016946614,7.013783e-01,9.236415e-01,1.000000e+00,6/15,21.00%,ASAH1;ENPP2;GLA;SMPD1;PPT1;ACER2
prerank,Mesenchymal Cell Differentiation (GO:0048762),0.27310489013448314,0.8220931548498512,7.601043e-01,9.241648e-01,1.000000e+00,17/53,24.34%,TGFB1;SNAI1;BMP2;LIMS1;FGFR1;NOG;LOXL2;RBPJ;MEF2C;TGFBR1;OTUD5;ISL1;TGFBR3;FGFR2;LOXL3;WNT5A;NOTCH1
prerank,Regulation Of Insulin Secretion (GO:0050796),0.2579829419717605,0.8211547284782154,7.615385e-01,9.252261e-01,1.000000e+00,24/78,21.77%,CCL5;ALOX5;FFAR1;IFNG;IL1B;TNF;SSTR5;KCNA5;FAM3D;IL6;EPHA5;ACSL4;GIPR;BLK;IRS2;NOS2;DOC2B;FOXO1;RFX6;MIDN;RFX3;SLC8B1;ISL1;CDK16
prerank,Positive Regulation Of G1/S Transition Of Mitotic Cell Cycle (GO:1900087),-0.2561955964274719,-0.8209094795567944,7.508091e-01,1.000000e+00,1.000000e+00,13/30,25.24%,MTBP;EGFR;PLCB1;RRM2;CDC6;HYAL1;STIL;LSM11;ANXA1;SASS6;CPSF3;RRM1;TFDP1
prerank,Water-Soluble Vitamin Metabolic Process (GO:0006767),0.28868124782546173,0.819911280380612,7.433380e-01,9.268620e-01,1.000000e+00,7/40,18.04%,SLC2A3;VNN2;VNN1;SLC25A19;SLC23A2;SLC46A1;GSTO1
prerank,Regulation Of Myeloid Cell Differentiation (GO:0045637),0.3048469943207739,0.8198782232073519,6.989568e-01,9.262717e-01,1.000000e+00,5/26,11.56%,SPI1;FES;MAFB;PTK2B;LYN
prerank,Branched-Chain Amino Acid Metabolic Process (GO:0009081),-0.311515001948532,-0.8197352158451547,7.402235e-01,1.000000e+00,1.000000e+00,9/15,33.19%,MCCC1;IVD;MCCC2;BCKDHB;DLD;PCCB;PCCA;ECHS1;HIBCH
prerank,Release Of Cytochrome C From Mitochondria (GO:0001836),0.33521834793665767,0.8195229810882478,7.140696e-01,9.262516e-01,1.000000e+00,6/19,19.13%,BCL2A1;CLU;MCL1;SOD2;TIMM50;BBC3
prerank,Regulation Of Oxidative Phosphorylation (GO:0002082),0.3455219155691215,0.8194342417224093,7.120253e-01,9.257676e-01,1.000000e+00,6/16,27.52%,ACTN3;NUPR1;PPIF;ATP7A;PINK1;COX7A1
prerank,Glucose 6-Phosphate Metabolic Process (GO:0051156),-0.3064113840830741,-0.8192152751823937,7.302452e-01,1.000000e+00,1.000000e+00,1/15,0.30%,HKDC1
prerank,Positive Regulation Of Canonical Wnt Signaling Pathway (GO:0090263),-0.20708821130087146,-0.8191717135857116,8.805970e-01,1.000000e+00,1.000000e+00,13/84,13.09%,SCEL;GPC5;LGR4;EGFR;FZD9;CAV1;JRK;SOX4;PTK7;TBL1XR1;SFRP1;JUP;TMEM198
prerank,Negative Regulation Of DNA Recombination (GO:0045910),-0.25155857494098033,-0.8191301220677906,7.889610e-01,1.000000e+00,1.000000e+00,8/37,17.80%,RADX;PARPBP;POLQ;MSH2;RMI2;MSH6;BLM;FANCB
prerank,Regulation Of Macromolecule Biosynthetic Process (GO:0010556),0.27442826645657037,0.8189729539890982,7.565698e-01,9.259651e-01,1.000000e+00,2/50,1.53%,GATA1;TNFRSF1B
prerank,Positive Regulation By Host Of Viral Transcription (GO:0043923),-0.2936414995861759,-0.8186586967248926,7.078947e-01,1.000000e+00,1.000000e+00,5/16,24.16%,HPN;PSG1;SMARCA4;RRP1B;ZNF639
prerank,Entrainment Of Circadian Clock By Photoperiod (GO:0043153),0.3227732040145449,0.8184545781038403,6.919431e-01,9.263028e-01,1.000000e+00,12/21,39.29%,PER1;ID2;PDE6B;CRY2;BHLHE40;PER2;CRTC1;TP53;FBXL3;PPP1CA;FBXL17;PML
prerank,Synapse Organization (GO:0050808),0.23830431731180227,0.818386844960734,8.227115e-01,9.257849e-01,1.000000e+00,21/128,16.32%,SNCA;C1QA;C1QC;C5AR1;C1QB;SLC8A2;SPOCK2;DNM3;SLC8A3;NLGN4X;SNCG;PLXND1;MYOT;TNC;SLITRK1;F2R;PAK3;LRRK2;PPFIA2;CBLN3;UNC13C
prerank,Plasma Membrane Bounded Cell Projection Organization (GO:0120036),0.24394465978384777,0.8181542635407735,8.167053e-01,9.255306e-01,1.000000e+00,31/123,23.43%,TTC29;PLEK;CSF1R;CATIP;GPRIN3;STMND1;BTG2;ATP1B2;CCR7;APOE;IL6;CFAP61;CCL21;LYN;EHD1;RAB6B;UNC5A;ARMC2;PPP1R9B;SAMD14;TPM1;OPHN1;PKD2;CFAP126;CYFIP1;GDNF;CDK16;DTNBP1;TNXB;BLOC1S6;GBA1
prerank,mRNA Transcription By RNA Polymerase II (GO:0042789),0.2870397088694992,0.8180024747709983,7.338820e-01,9.251613e-01,1.000000e+00,5/38,16.48%,C5AR1;PPARG;NR1H3;RARA;TAF10
prerank,Positive Regulation Of Proteasomal Ubiquitin-Dependent Protein Catabolic Process (GO:0032436),0.25656333660059366,0.8179550222362886,7.854501e-01,9.246018e-01,1.000000e+00,13/82,15.86%,KLHL40;DAB2;CDC20B;PLK3;CLU;CBFA2T3;SH3RF3;HERPUD1;HSPA1B;HSPA1A;GABARAP;LRRK2;CEBPA
prerank,Regulation Of Stem Cell Differentiation (GO:2000736),0.2824886802406923,0.8175136741799168,7.492997e-01,9.247454e-01,1.000000e+00,4/43,9.30%,OSM;SP7;RBM24;ZFP36L2
prerank,Regulation Of Actin Nucleation (GO:0051125),0.32637523195270507,0.8173098218998113,7.291667e-01,9.244898e-01,1.000000e+00,4/22,16.12%,VIL1;CORO1A;CARMIL2;RNH1
prerank,Positive Regulation Of ATP-dependent Activity (GO:0032781),0.28602937562223696,0.8169703436885383,7.507003e-01,9.244481e-01,1.000000e+00,11/39,19.54%,MYL4;MYL3;MYBPC3;ATP1B2;ATP2A1;FXYD2;RGN;GABARAPL2;TPM1;FGF10;ATP1B3
prerank,Regulation Of Protein Localization To Membrane (GO:1905475),0.3101290140133037,0.8167710375768665,7.192982e-01,9.241721e-01,1.000000e+00,13/27,31.45%,GPC3;FYN;GBP1;STX7;LDLRAP1;AKR1B1;ZDHHC7;STX8;ZDHHC2;CLN3;SIRT6;NECAB2;MMP14
prerank,Transmembrane Receptor Protein Serine/Threonine Kinase Signaling Pathway (GO:0007178),0.24334192554597847,0.8167275318171876,8.116806e-01,9.236158e-01,1.000000e+00,33/120,22.95%,ARRB2;LEFTY2;NRROS;BMP6;TGFB1;FOS;GDF6;LPXN;ZYX;BMP2;EID2;ACVRL1;ENG;COL1A2;PPARG;TGFBR2;ZMIZ1;FURIN;HFE;LTBP2;INHBA;HJV;HIPK2;TGFBR1;SMAD7;JUN;PXN;MAPK3;USP15;ADAM9;TGFBR3;TMEM100;GDF10
prerank,Positive Regulation Of Protein Ubiquitination (GO:0031398),-0.20920534906650384,-0.8163764373207383,8.750000e-01,1.000000e+00,1.000000e+00,18/82,17.93%,SPSB4;PLK1;FANCI;CENPX;TRIB3;INAVA;MAGEA2;BRCA1;KDM1A;PRICKLE1;CAV1;NDFIP2;FANCM;FBXO4;PDCD6;DCUN1D2;PAXIP1;SUMO1
prerank,Establishment Of Melanosome Localization (GO:0032401),-0.30353483742106224,-0.8161998260151905,7.142857e-01,1.000000e+00,1.000000e+00,2/16,8.86%,MLPH;RAB17
prerank,Negative Regulation Of Epithelial Cell Apoptotic Process (GO:1904036),0.2913814247528792,0.8153967653285168,7.300000e-01,9.253310e-01,1.000000e+00,14/35,25.75%,SERPINE1;IL10;NUPR1;ICAM1;TEK;TNFAIP3;GAS6;NDNF;MAPK7;GATA3;TNIP2;GATA2;RAMP2;WFS1
prerank,Phosphatidylserine Metabolic Process (GO:0006658),0.3290013268086364,0.8152703155104506,7.260274e-01,9.249292e-01,1.000000e+00,8/19,27.12%,PLA1A;PLA2G15;SLC27A1;SERINC1;ABHD16A;OSBPL5;ABHD12B;PLSCR1
prerank,Negative Regulation Of Cellular Senescence (GO:2000773),-0.2919003969358738,-0.8152589486424807,6.923077e-01,1.000000e+00,1.000000e+00,4/16,21.02%,AMH;TERT;HMGA2;CDK6
prerank,Protein Heterooligomerization (GO:0051291),-0.2937790042116188,-0.8152075856706306,7.270115e-01,1.000000e+00,1.000000e+00,8/18,32.86%,GRIN1;KRT10;CPSF6;FARSB;GRIN2B;MAT2A;NUDT21;CPSF7
prerank,Positive Regulation Of Insulin Secretion (GO:0032024),-0.24194749258675674,-0.8146911509001888,7.907801e-01,1.000000e+00,1.000000e+00,7/37,11.04%,TRH;SLC30A8;ANO1;CFTR;ADCY8;SOX4;GPER1
prerank,Blood Vessel Diameter Maintenance (GO:0097746),0.29998850969275703,0.8135537243290752,7.245763e-01,9.273165e-01,1.000000e+00,8/32,19.66%,KEL;KLF2;GCLM;SCPEP1;EDNRB;CPS1;AGTR1;ECE1
prerank,Internal Peptidyl-Lysine Acetylation (GO:0018393),0.28482575904413543,0.8132256146359716,7.434119e-01,9.272376e-01,1.000000e+00,4/39,16.48%,CPA4;NAT8B;KAT2B;TAF10
prerank,Melanosome Localization (GO:0032400),-0.2922087980748004,-0.8117776180268705,7.251462e-01,1.000000e+00,1.000000e+00,2/18,8.86%,MLPH;RAB17
prerank,Negative Regulation Of Reactive Oxygen Species Metabolic Process (GO:2000378),0.33489984946501733,0.8109996216302413,7.196850e-01,9.305440e-01,1.000000e+00,7/18,28.11%,ABCD2;SLC18A2;MMP3;SIRT2;PINK1;PLIN5;ABCD1
prerank,Negative Regulation Of Oxidative Stress-Induced Cell Death (GO:1903202),-0.27534936386457043,-0.8108490995675685,7.383178e-01,1.000000e+00,1.000000e+00,4/21,10.45%,GPR37;PYCR1;GPR37L1;TXN
prerank,Monoatomic Cation Homeostasis (GO:0055080),0.25522459354355753,0.8106074964694318,8.015365e-01,9.305970e-01,1.000000e+00,15/74,18.67%,SNCA;SLC11A1;HMOX1;SLC24A4;HAMP;BMP6;ALPL;SLC40A1;CYBRD1;TFR2;HFE;PICALM;HJV;FAM20A;SLC8A1
prerank,Phosphatidic Acid Metabolic Process (GO:0046473),-0.2468752631760418,-0.8101840732746592,8.000000e-01,1.000000e+00,1.000000e+00,5/33,7.36%,PLA2G3;LIPI;PNPLA3;LPCAT1;LCLAT1
prerank,Respiratory System Development (GO:0060541),0.29668992292406565,0.8100622223735817,7.341772e-01,9.309337e-01,1.000000e+00,13/30,23.74%,DNAAF1;FGF9;BASP1;FOXF1;CHI3L1;PDPN;CEBPA;CCDC39;SMCHD1;GLI2;TCF21;FGFR2;LOXL3
prerank,Histone H3 Acetylation (GO:0043966),-0.24455100538051103,-0.809840069671216,7.993421e-01,1.000000e+00,1.000000e+00,16/36,36.39%,MBIP;TAF2;TAF6;KAT2A;TRRAP;POLE3;WDR5;ENY2;SF3B3;ZZZ3;TAF7;TAF5;TAF6L;TAF4;TADA2A;DR1
prerank,Regulation Of Cellular Senescence (GO:2000772),0.28931083652001144,0.8097074369693708,7.489712e-01,9.309074e-01,1.000000e+00,9/34,25.34%,KIR2DL4;B2M;HLA-G;YPEL3;MAP3K3;PTEN;AKT3;VASH1;NEK6
prerank,Organelle Organization (GO:0006996),0.22086501014804982,0.8094317284421536,9.221311e-01,9.307325e-01,1.000000e+00,119/405,28.24%,CCL13;ANK1;TTC29;CCL3;CCL7;CCL11;KRT13;DMTN;FGD3;CATIP;ATP8B4;CCL2;GOLGA6C;MAST3;MCOLN1;CCL24;GOLGA8G;TSPO2;ABCD2;SH3BGRL3;APOE;SNX10;DES;RAB32;GOLGA6A;SIPA1;CFAP61;MICAL1;GOLGA6B;STX4;TANGO2;SH3KBP1;RHOU;MAST4;RAB6B;RAB31;THY1;ARHGAP4;SYNE1;SYNE3;ARMC2;LRRK2;PLD2;PACSIN1;STX7;IRAG2;TNFAIP3;RAB30;PLEKHF1;RAB8A;GOLGA8DP;RAB43;AGTPBP1;FGD4;TPM1;BIN1;GOLGA8K;PI4K2A;FMNL3;CNN2;SIPA1L3;DPYSL2;EPS15;ATP8B2;CAPZB;GAK;PKD2;CFAP126;ATXN7;NEDD9;GOLGA8S;PITPNB;TOR1B;ATP7A;ARAP3;PPARGC1A;WDR81;NOS3;GBA1;UBXN2B;GOLGA8M;PLEKHM2;RAB29;GOLGA8T;CFL1;CHMP4A;CHMP1B;PIKFYVE;PACSIN2;CSNK1D;PINK1;CDC42;GOLGA8CP;MARK4;RB1;DIAPH1;PLIN5;OPTN;KISS1;CHCHD10;PDCD6IP;GOLGA8H;CENPT;GOLGA8O;NECTIN2;WASF3;ZNF501;RANBP10;PRR5;CHMP5;RAB1B;RAB7A;BRWD3;ABCD4;RAB2B;ABCD1;FGD5;GORASP1;GOLGA8J
prerank,Regulation Of Microtubule Depolymerization (GO:0031114),0.31001810811163016,0.8088026932722332,7.447447e-01,9.312118e-01,1.000000e+00,9/23,24.96%,MAP1A;SPEF1;BMERB1;MID1IP1;TRIM54;ATXN7;ARHGEF2;MAP1S;TTBK2
prerank,Regulation Of TOR Signaling (GO:0032006),-0.2127786826935124,-0.8086217122631045,8.769231e-01,1.000000e+00,1.000000e+00,5/73,6.98%,ROS1;PKHD1;PRKAA2;SH3BP4;DEPTOR
prerank,DNA Catabolic Process (GO:0006308),0.3247732718062171,0.8086059570216283,7.278481e-01,9.309412e-01,1.000000e+00,4/18,16.14%,DNASE1L3;ISG20;DNASE2;FOXL2
prerank,Inorganic Cation Import Across Plasma Membrane (GO:0098659),0.243916919022575,0.8082700867800917,8.165025e-01,9.308805e-01,1.000000e+00,17/96,13.78%,CACNA1S;SLC24A4;KCNJ10;ATP12A;KCNJ16;SLC8A2;KCNJ18;CLU;SLC8A3;ATP1B2;HCN4;KCNJ5;TRPV2;KCNJ1;SLC9A9;ATP1A2;SCN10A
prerank,Glycoprotein Biosynthetic Process (GO:0009101),0.2573909685402755,0.8079408564451339,7.914033e-01,9.308212e-01,1.000000e+00,21/71,23.22%,ST8SIA1;CHST9;FUT7;ST3GAL1;CHST11;MGAT4A;GAL3ST4;TMEM106A;ST8SIA5;CSGALNACT2;XYLT1;ST3GAL2;GCNT1;FUT4;ST3GAL6;TNIP1;ST8SIA4;TMEM59;B4GALT5;ATP7A;NPC1
prerank,Negative Regulation Of Translation (GO:0017148),0.24551088837016954,0.8079029683565573,8.036810e-01,9.302520e-01,1.000000e+00,7/100,7.84%,PRG3;GZMB;IGFBP5;ZFP36;RBM24;BTG2;PATL2
prerank,Protein Targeting To Peroxisome (GO:0006625),-0.29682529744521274,-0.8076314598713766,7.184987e-01,1.000000e+00,1.000000e+00,11/16,38.50%,PEX1;PEX7;TRIM37;PEX5;PEX2;LONP2;PEX6;PEX10;PEX26;PEX19;PEX3
prerank,Intracellular Zinc Ion Homeostasis (GO:0006882),0.33199491264253955,0.8075204625882394,7.333333e-01,9.302620e-01,1.000000e+00,2/16,6.41%,LCK;TMC8
prerank,Negative Regulation Of Cyclin-Dependent Protein Kinase Activity (GO:1904030),0.32183624535613564,0.8067753211912224,7.299383e-01,9.309472e-01,1.000000e+00,7/20,22.48%,HHEX;LATS2;CDKN1A;CEBPA;PTEN;CDKN1C;CDKN1B
prerank,3'-UTR-mediated mRNA Stabilization (GO:0070935),0.3329657884995223,0.8065179209870567,7.136150e-01,9.307745e-01,1.000000e+00,6/16,28.91%,ZFP36;MYD88;MAPKAPK2;DAZ1;RBM47;MAPK14
prerank,protein-DNA Complex Assembly (GO:0065004),0.2637178443198099,0.806161572534325,7.789614e-01,9.307880e-01,1.000000e+00,12/57,20.90%,PADI4;H4C9;H2BC14;HMGB2;H2BC3;H2BC13;H3-3A;H2BC9;H2BC11;H2BC21;NAP1L1;NAP1L3
prerank,Odontogenesis (GO:0042476),0.2850064857255668,0.8057504685148398,7.784091e-01,9.308461e-01,1.000000e+00,10/38,22.90%,ODAM;COL1A1;BMP2;AMTN;COL1A2;INHBA;OXSR1;AQP3;GLI2;FGFR2
prerank,Vesicle Cytoskeletal Trafficking (GO:0099518),-0.24039287836753698,-0.8056924404206194,8.095238e-01,1.000000e+00,1.000000e+00,9/38,14.10%,KIF1A;DYNC1I1;MYO5C;MYO5B;BICDL2;MYO6;MYO1H;WASL;MYO19
prerank,Negative Regulation Of Protein Modification By Small Protein Conjugation Or Removal (GO:1903321),0.26768609556784145,0.8056011322098885,7.789474e-01,9.304850e-01,1.000000e+00,11/52,18.26%,KLHL40;ARRB2;ARRB1;IVNS1ABP;HSPA1B;HSPA1A;TRIM21;DCUN1D3;TNFAIP3;SMAD7;USP4
prerank,Regulation Of Extracellular Matrix Organization (GO:1903053),-0.2733495451321521,-0.8046131051399924,7.463557e-01,1.000000e+00,1.000000e+00,2/23,3.40%,CEL;LAMA1
prerank,Regulation Of Cell Cycle (GO:0051726),-0.1772427484090864,-0.8040731878976644,9.827586e-01,1.000000e+00,1.000000e+00,51/284,16.90%,HOXC9;CEL;BMP4;TENT5B;HOXD10;INSM1;FOXM1;CHEK1;AFAP1L2;PTK6;PLK1;MBIP;PROX1;FIGNL1;BRD7;PCLAF;SMIM22;PNPT1;FZD9;RPRM;LRP6;PRR11;TGM1;CKS1B;CDC20;LIN9;GMNN;CDKN3;POU4F1;BRCA1;BOP1;SCAND3;GPER1;CKS2;SOX9;ASAH2;SFRP1;CCNF;INTS13;YEATS4;UCHL5;MAPK12;MCIDAS;ZNF268;HMGA2;MYOG;WDR12;TTLL12;TAF6;KAT2A;SRPK2
prerank,Synapse Assembly (GO:0007416),-0.21728848583509214,-0.8038767500994862,8.311111e-01,1.000000e+00,1.000000e+00,19/65,23.81%,WNT7A;ADGRF1;SHANK2;CDH1;NLGN1;NRXN1;POU4F1;NRCAM;DVL1;PCDHB11;SLITRK6;ADGRL3;PCDHB14;GABRG2;FLRT3;SDK2;PTPRD;FGF13;FARP1
prerank,Fatty Acid Oxidation (GO:0019395),0.26873682507649743,0.8030314581987364,7.765814e-01,9.342750e-01,1.000000e+00,15/48,29.07%,ABCD2;ALOX15;ALOX12;ADIPOR1;SLC27A2;ADH7;PPARD;ACAA1;PPARGC1A;HSD17B4;CYP4F2;CYP4V2;ABCD4;BDH2;ECI2
prerank,Positive Regulation Of DNA Recombination (GO:0045911),-0.23182422048100662,-0.8028902380630083,8.127341e-01,1.000000e+00,1.000000e+00,14/47,29.85%,RAD51AP1;TIMELESS;YEATS4;FANCB;PAXIP1;TRRAP;ARID2;KMT5C;VPS72;PARP1;FUS;ACTL6A;MRGBP;TRAPPC13
prerank,Negative Regulation Of Signal Transduction By P53 Class Mediator (GO:1901797),0.3253133850418992,0.8016654190979653,7.444795e-01,9.359805e-01,1.000000e+00,2/18,9.38%,CD74;SNAI1
prerank,"Regulation Of Synaptic Transmission, Glutamatergic (GO:0051966)",0.26451143379255077,0.8013190175264355,7.838577e-01,9.359459e-01,1.000000e+00,18/50,23.04%,GRM1;CCL2;TNF;CCR2;PTK2B;TSHZ3;GRM6;ATP1A2;LRRK2;GRIN2A;MEF2C;GRIN2D;HCN1;OPHN1;NLGN3;PLPPR4;TPRG1L;DRD2
prerank,Positive Regulation Of Double-Strand Break Repair Via Homologous Recombination (GO:1905168),-0.24837530263756494,-0.8010461536865817,7.800000e-01,1.000000e+00,1.000000e+00,11/34,29.75%,RAD51AP1;TIMELESS;YEATS4;FANCB;TRRAP;ARID2;VPS72;PARP1;FUS;ACTL6A;MRGBP
prerank,Cellular Response To Light Stimulus (GO:0071482),-0.21467971818981996,-0.8003072596048121,8.632479e-01,1.000000e+00,1.000000e+00,24/57,33.90%,TRPM1;OPN1MW;KDM1A;NPM1;OPN1LW;CDC25A;CUL4A;COPS9;MYC;RRH;USP28;POLD1;ATR;NOC2L;PCNA;PARP1;AURKB;EIF2S1;TRIAP1;MAPK13;TENT4A;PTPRK;METTL3;RPL26
prerank,Negative Regulation Of Microtubule Polymerization Or Depolymerization (GO:0031111),0.2933535848905136,0.8002658295969658,7.629630e-01,9.371086e-01,1.000000e+00,10/30,24.97%,SNCA;TUBB4A;SPEF1;BMERB1;MID1IP1;TRIM54;ATXN7;ARHGEF2;TTBK2;CLIP3
prerank,Negative Regulation Of JNK Cascade (GO:0046329),0.2856734861630268,0.8000625076711693,7.605634e-01,9.368405e-01,1.000000e+00,13/34,28.07%,SERPINB3;PTPN22;SIRPA;PER1;DUSP3;CYLD;DUSP10;GPS2;PINK1;PDCD4;HIPK3;TAOK3;NCOR1
prerank,Regulation Of Androgen Receptor Signaling Pathway (GO:0060765),-0.2628846688757971,-0.7996363726638597,7.955272e-01,1.000000e+00,1.000000e+00,6/27,22.26%,FOXH1;KDM1A;SFRP1;NODAL;SMARCA4;HEYL
prerank,Myotube Differentiation (GO:0014902),0.3080668018267789,0.7996094392959129,7.518464e-01,9.369851e-01,1.000000e+00,6/23,16.49%,KLHL40;DOCK2;PLD3;DOCK5;JAM2;MEF2C
prerank,Regulation Of Plasma Membrane Bounded Cell Projection Organization (GO:0120035),0.29938381901053734,0.7985671141948322,7.518355e-01,9.381461e-01,1.000000e+00,8/27,19.67%,FCGR2B;TREM2;EFHC2;ZNF804A;NTNG2;FBXO7;PTEN;NDEL1
prerank,Positive Regulation Of Nucleocytoplasmic Transport (GO:0046824),0.273971799123193,0.797644643150552,7.871148e-01,9.390443e-01,1.000000e+00,9/44,17.62%,IFNG;IL1B;TGFB1;PRKCD;FLNA;CAMK1;HCLS1;GAS6;PIK3R1
prerank,Regulation Of Cellular Catabolic Process (GO:0031329),0.25518463520509493,0.7962189648695821,7.809648e-01,9.407481e-01,1.000000e+00,30/61,35.29%,PIP4K2A;NUPR1;GPR137B;DAPK1;DEPP1;DCAF12;PSAP;LRRK2;DRAM1;RAB8A;MTMR3;DRAM2;ITPR1;ACER2;SMCR8;RAB39B;TPCN2;ABCD1;ABL2;UVRAG;PIK3C3;ATM;HDAC6;DDIT3;BECN1;WAC;DAPK2;IFI16;USP33;DAPK3
prerank,Negative Regulation Of Actin Filament Bundle Assembly (GO:0032232),-0.25071469835266036,-0.7958940117522597,8.220065e-01,1.000000e+00,1.000000e+00,11/27,26.79%,TMEFF2;RHPN1;ARHGAP28;MET;TJP1;STMN1;TACSTD2;CGNL1;RHPN2;MYOC;F11R
prerank,Post-Translational Protein Modification (GO:0043687),0.26663928562988676,0.7946946335350377,8.139842e-01,9.426855e-01,1.000000e+00,10/48,22.59%,PADI4;PRKCB;PARP15;PRKCD;PARP8;RHBDD1;FAM20C;JAK2;PARP11;SUMF1
prerank,Regulation Of Hydrolase Activity (GO:0051336),0.2522754972311714,0.7946309563408542,8.166450e-01,9.421547e-01,1.000000e+00,11/68,11.64%,ARHGAP9;FGD3;SERPINA5;ARHGAP15;ADAP2;PLXNC1;VAV1;PLXND1;EPHA5;GPR137B;VAV3
prerank,Endosome Organization (GO:0007032),0.261579563189634,0.793917622918784,7.918994e-01,9.427250e-01,1.000000e+00,20/53,30.25%,SNX10;ATP6AP2;RNASEK;ATP6AP1;ATP6V1F;PLEKHF1;ATP6V0C;RILP;CORO1C;PI4K2A;RAB27A;LAMTOR1;ATP6V0A1;FHIP1B;USP50;ATP6V0B;DNM1;DNAJC13;VPS11;WASHC4
prerank,protein-DNA Complex Disassembly (GO:0032986),0.32171797421892023,0.7931972525180186,7.718224e-01,9.432972e-01,1.000000e+00,1/18,1.02%,NFE2
prerank,Endosome To Lysosome Transport Via Multivesicular Body Sorting Pathway (GO:0032510),-0.28933041123508974,-0.7927506436218444,7.464789e-01,1.000000e+00,1.000000e+00,1/15,2.64%,CHMP4C
prerank,Regulation Of Arp2/3 Complex-Mediated Actin Nucleation (GO:0034315),0.29815265222034765,0.7927128599322142,7.542135e-01,9.434789e-01,1.000000e+00,15/28,32.90%,GMFG;DNAI3;CARMIL2;RNH1;FCHSD2;BRK1;CYFIP1;WASHC2C;ARF1;CORO1B;WASF3;WASHC2A;WASHC4;WASF2;WASH2P
prerank,Regulation Of Protein Neddylation (GO:2000434),-0.27839407463945165,-0.7926647855557324,7.432432e-01,1.000000e+00,1.000000e+00,10/18,40.07%,DCUN1D2;COPS6;COPS9;COPS7A;RPL5;COPS5;COPS8;COPS7B;DCUN1D1;RPL11
prerank,Cellular Nitrogen Compound Biosynthetic Process (GO:0044271),0.28812163132113017,0.7924480872125461,7.587209e-01,9.432750e-01,1.000000e+00,13/31,28.62%,ASAH1;CYP1B1;CYB5R3;NOS2;CPS1;DDAH2;GCH1;ACER2;NOS3;GBA1;ACER3;GCHFR;SPHK1
prerank,Positive Regulation Of Peptide Hormone Secretion (GO:0090277),-0.230768730105194,-0.7918860234723468,8.531469e-01,1.000000e+00,1.000000e+00,6/40,11.04%,TRH;SLC30A8;FGB;ADCYAP1;SOX4;GPER1
prerank,Regulation Of Macroautophagy (GO:0016241),0.24292625231615556,0.7916224518285799,8.485207e-01,9.439979e-01,1.000000e+00,30/91,30.56%,ATP6V0D2;BNIP3L;ATP6V1B2;DCN;SESN2;LRRK2;ERN1;RUFY4;STING1;ATP6V0D1;ATP6V0C;IKBKG;SMCR8;SUPT5H;CAPNS1;UCHL1;PRKACA;GBA1;TBC1D25;ATP6V0A1;PINK1;SNX6;GNAI3;ATP6V0E1;ATP6V0B;USP36;CASP3;PIK3C3;CLN3;ATP6V1E1
prerank,Regulation Of Cell-Cell Adhesion (GO:0022407),0.2726209929683865,0.7916182023641748,7.699725e-01,9.433698e-01,1.000000e+00,17/39,24.84%,ADAM8;FERMT3;B4GALNT2;SIRPG;TGFB1;PTPRR;FUT7;MDGA1;FUT4;PLPP3;SMAD7;MINK1;PODXL;TENM3;FLOT2;FSTL3;CITED2
prerank,Phosphatidylinositol 3-Kinase Signaling (GO:0014065),0.28436963233949614,0.7908314140851007,7.744681e-01,9.440170e-01,1.000000e+00,10/32,22.78%,FCGR3A;PIK3R5;PIK3CG;PIK3CD;HTR2A;ZFP36L1;PIK3R1;PTEN;GATA3;PIK3CB
prerank,Respiratory Tube Development (GO:0030323),0.29970451395662906,0.7899357152739536,7.680115e-01,9.448535e-01,1.000000e+00,12/26,23.74%,DNAAF1;FGF9;FOXF1;CHI3L1;PDPN;CEBPA;HECA;CCDC39;GLI2;TCF21;FGFR2;LOXL3
prerank,Peptidyl-Lysine Modification (GO:0018205),-0.20088141453450625,-0.7892964308722465,9.192547e-01,1.000000e+00,1.000000e+00,15/91,19.90%,IVL;RNF212;SIRT4;STX1A;RNF212B;HDAC9;P3H4;GCSH;TRIM28;EID3;SUMO1;HINT1;NSMCE2;NDUFAB1;RANGAP1
prerank,Plasma Membrane Bounded Cell Projection Morphogenesis (GO:0120039),0.263613036913323,0.7884637676169824,8.140496e-01,9.466532e-01,1.000000e+00,17/49,23.16%,NTF3;NCKAP1L;EPB41L3;MYO9B;GAS7;LRRK2;PACSIN1;UBB;SNX2;SRGAP3;MINK1;PAK1;DTNBP1;ATP7A;NBL1;DNM2;MAP1S
prerank,Protein N-linked Glycosylation (GO:0006487),0.2553013738175402,0.7863352227965497,8.174603e-01,9.493919e-01,1.000000e+00,10/61,15.47%,B4GALNT2;OST4;DERL3;ST3GAL1;MAN1C1;MGAT1;MGAT4A;MGAT3;GFPT2;ST6GAL1
prerank,Mesenchyme Morphogenesis (GO:0072132),0.32323072472124903,0.7863152793700634,7.325949e-01,9.487898e-01,1.000000e+00,7/18,24.34%,BMP2;ACVRL1;ENG;NOG;ISL1;NOS3;NOTCH1
prerank,Response To Metal Ion (GO:0010038),-0.2144067116047149,-0.7862497130358069,9.166667e-01,1.000000e+00,1.000000e+00,14/63,16.81%,TNNT2;MAPT;MELTF;SLC30A8;FGB;SLC34A1;TESMIN;SLC25A13;CAV1;ITPR3;ITPKA;IMPA2;CAPN3;PDCD6
prerank,Protein Modification By Small Protein Removal (GO:0070646),-0.19351760192714892,-0.7860162341125096,9.675325e-01,1.000000e+00,1.000000e+00,33/106,27.56%,USP17L21;DEPDC1B;USP17L3;USP13;USP44;CDK1;USP5;USP40;UCHL5;USP18;USP45;STAMBP;SENP8;USP17L13;SUMO1;USP1;HINT1;COPS6;UCHL3;OTUD7B;USP46;USP28;USP17L8;USP17L1;OTUD6B;USP17L4;USP17L17;USP34;SENP5;COPS7A;OTUD3;USP31;PSMD14
prerank,Regulation Of Microtubule Polymerization Or Depolymerization (GO:0031110),-0.2582021264754556,-0.7846326658027611,8.217523e-01,1.000000e+00,1.000000e+00,7/25,17.33%,MAPT;SKA1;FKBP4;MAP2;STMN1;SKA3;STMN3
prerank,Long-Term Memory (GO:0007616),-0.27560668565434654,-0.7842815991803479,7.930029e-01,1.000000e+00,1.000000e+00,6/19,16.85%,RASGRF1;CAMK2N1;LDLR;NTF4;KAT2A;LRRC66
prerank,Positive Regulation Of Lamellipodium Organization (GO:1902745),0.29386247947972954,0.7842122788883057,7.820513e-01,9.516343e-01,1.000000e+00,10/30,21.43%,RAC2;VIL1;ENPP2;CARMIL2;TWF2;PIK3R1;CORO1C;BRK1;CYFIP1;ARPC2
prerank,Positive Regulation Of DNA Metabolic Process (GO:0051054),-0.18758545111064426,-0.7836822136939432,9.548387e-01,1.000000e+00,1.000000e+00,30/105,29.48%,EGFR;GINS1;DEPDC1B;GINS2;RAD51;BRCA1;DNA2;UCHL5;HNRNPAB;TRIM28;GINS3;ATAD5;GINS4;RPS3;RAD50;EYA4;PRIM2;MYC;MRE11;NFRKB;FAF1;NPAS2;POT1;RNF8;CDT1;PCNA;GNL3;ACTL6A;WRN;UBE2N
prerank,Regulation Of Transport (GO:0051049),0.2689350313605968,0.7831627825233355,7.946309e-01,9.526793e-01,1.000000e+00,9/42,14.82%,SNCA;TRAT1;FES;CLDN10;LEPR;ARL6IP5;EPB41;LRRK2;PLD2
prerank,Nucleic Acid Metabolic Process (GO:0090304),-0.24937802006385232,-0.7825497326795768,8.376623e-01,1.000000e+00,1.000000e+00,10/29,22.24%,WDR74;FEN1;DNA2;RBFOX2;DNASE1L2;DDX1;RAN;RECQL5;RAD50;KPNA2
prerank,Regulation Of Ossification (GO:0030278),0.2745273515880262,0.7825204061488422,7.914894e-01,9.530838e-01,1.000000e+00,12/36,19.80%,SOST;S1PR1;BMP2K;BMP2;ANKH;ECM1;RBPJ;DDR2;ENPP1;MEF2C;CHSY1;TENT5A
prerank,Neural Tube Development (GO:0021915),-0.2966396331729271,-0.7824814152456899,7.564470e-01,1.000000e+00,1.000000e+00,6/15,19.91%,PROX1;GRHL2;DVL1;INTU;STIL;WDPCP
prerank,Negative Regulation Of DNA Metabolic Process (GO:0051053),0.27021756736934605,0.7802043341254812,8.038943e-01,9.562438e-01,1.000000e+00,9/42,20.00%,ANKRD1;H1-1;H1-6;TSPYL2;CDKN1A;SLFN11;H1-5;H1-7;H1-3
prerank,Positive Regulation Of Intracellular Transport (GO:0032388),0.2731428353556227,0.7800108859468157,8.220947e-01,9.559002e-01,1.000000e+00,9/38,19.70%,ACTN2;PLK3;ATP2A1;PRR5L;EHD1;RIPOR1;OAZ1;TENM1;VAMP2
prerank,Lipid Modification (GO:0030258),-0.22739308412386453,-0.7797549659109243,8.652482e-01,1.000000e+00,1.000000e+00,4/39,3.65%,CYP3A5;PLPPR1;PLPP4;ALOX12B
prerank,Negative Regulation Of ATP-dependent Activity (GO:0032780),0.3306863888896491,0.77946545992554,7.420886e-01,9.561164e-01,1.000000e+00,4/15,15.58%,LTF;TLR9;PPIF;PLN
prerank,Regulation Of Adenylate Cyclase Activity (GO:0045761),0.3329063056818772,0.7790257811784888,7.484277e-01,9.561774e-01,1.000000e+00,4/15,15.90%,GNAI2;CCR2;EDNRB;ORAI1
prerank,Regulation Of Exosomal Secretion (GO:1903541),0.31725194858937444,0.7781246081408066,7.616959e-01,9.569725e-01,1.000000e+00,2/18,8.99%,IFNG;SDCBP
prerank,RNA Metabolic Process (GO:0016070),0.23320507163467818,0.7779125111637905,8.666667e-01,9.566844e-01,1.000000e+00,6/110,6.00%,RNASE3;RNASE2;RNASE6;RNASE1;RNASET2;ADARB2
prerank,Ventricular Septum Morphogenesis (GO:0060412),0.2944612167760785,0.7773878757622371,7.824818e-01,9.568672e-01,1.000000e+00,12/27,24.84%,NKX2-5;NOG;APLNR;TGFBR2;SLIT1;TGFBR1;SMAD7;ZFPM1;TGFBR3;SLIT2;NOTCH1;CITED2
prerank,Positive Regulation Of Release Of Cytochrome C From Mitochondria (GO:0090200),0.30327104371694463,0.7769852488428157,7.892377e-01,9.568643e-01,1.000000e+00,7/24,19.13%,PLAUR;MMP9;BMF;PPIF;PYCARD;BCL2L11;BBC3
prerank,Regulated Exocytosis (GO:0045055),0.2647197390496469,0.7762200213054704,7.956989e-01,9.574551e-01,1.000000e+00,17/45,23.34%,SNCA;PLEK;OTOF;CRHBP;LYN;RAB31;SYNGR1;SYT11;MYH9;PIP5K1C;VAMP7;DNAJC5;ABCC4;VAMP2;RIMS1;SYNGR3;RIMS3
prerank,Positive Regulation Of Response To Wounding (GO:1903036),0.29076485931764506,0.7761356284502288,7.799401e-01,9.569464e-01,1.000000e+00,6/25,14.18%,DMTN;CLEC7A;GRN;SCARF1;HBEGF;VTN
prerank,Calcium Ion Import Across Plasma Membrane (GO:0098703),0.271617380540828,0.7759744399488524,7.941586e-01,9.565481e-01,1.000000e+00,6/37,9.78%,CACNA1S;SLC24A4;SLC8A2;CLU;SLC8A3;TRPV2
prerank,ncRNA-mediated Post-Transcriptional Gene Silencing (GO:0035194),-0.28009374688341476,-0.7755243807276155,7.711864e-01,1.000000e+00,1.000000e+00,18/18,72.02%,CNOT7;EIF6;NCBP1;TNRC6A;CNOT6;NCBP2;CNOT1;MOV10L1;MOV10;AJUBA;CELF1;WTIP;CNOT8;TNRC6B;HELZ;LIMD1;TNRC6C;HELZ2
prerank,Monocarboxylic Acid Transport (GO:0015718),0.24849770840304838,0.7749172181554354,8.184143e-01,9.575810e-01,1.000000e+00,13/65,12.38%,CRABP1;SLCO2B1;FABP4;SLC16A6;ABCG2;TSPO2;SLC6A12;RBP7;FABP6;ACSL1;SLC16A14;AKR1C1;SLC6A13
prerank,Energy Derivation By Oxidation Of Organic Compounds (GO:0015980),-0.2253632997481479,-0.7743708497937232,8.597786e-01,1.000000e+00,1.000000e+00,18/40,31.94%,ADGRF1;ADGRF5;MRAP2;SLC25A13;COX6C;CYC1;SDHAF4;CYCS;COX5A;GFPT1;UQCRB;COX7C;COX7A2;COX6A1;COX4I2;ACSM1;UQCRH;COX5B
prerank,Phospholipid Dephosphorylation (GO:0046839),0.28908344621236454,0.7739633415060002,7.910015e-01,9.584485e-01,1.000000e+00,11/29,22.30%,PIP4P2;PLPPR3;PLPPR2;PLPP3;MTMR6;INPP5K;MTMR3;PTEN;FIG4;PLPPR4;SYNJ1
prerank,Positive Regulation Of Microtubule Polymerization (GO:0031116),-0.24583721111789564,-0.7733045235584404,8.323171e-01,1.000000e+00,1.000000e+00,3/28,6.98%,OCLN;MAPT;MET
prerank,Epidermal Growth Factor Receptor Signaling Pathway (GO:0007173),0.26574949915085755,0.7726990702727151,8.106267e-01,9.597572e-01,1.000000e+00,10/41,21.20%,VIL1;TGFB1;PTK2B;HBEGF;EREG;GRB2;EFEMP1;PIGR;REPS2;EGF
prerank,Cardiac Ventricle Development (GO:0003231),-0.27954175090383704,-0.772534276051811,7.967033e-01,1.000000e+00,1.000000e+00,8/18,23.33%,SCN5A;TMEM65;DLL4;HES1;STRA6;SALL1;HEYL;GJA5
prerank,Metanephros Development (GO:0001656),-0.25568268371655334,-0.7723806358011467,8.066465e-01,1.000000e+00,1.000000e+00,5/22,14.65%,BMP4;WNT7B;SHH;SIX1;OSR2
prerank,Regulation Of Anatomical Structure Morphogenesis (GO:0022603),0.22962610297819502,0.7721859305791612,8.962264e-01,9.599124e-01,1.000000e+00,37/124,24.42%,HMOX1;CXCL13;TGFB1;LEP;PIK3CG;ABI3;SPARC;SEMA4D;KNDC1;PLXND1;IL6;ETS1;GPNMB;FGF2;SIPA1L1;PAK3;LRRK2;PPFIA2;RNH1;HECW1;MEF2C;TNFAIP3;BCL6;INF2;KIF13B;WARS1;BMPER;SDC2;CAPZB;GDNF;PAK1;VASH1;FGFR2;LRRC4C;CFL1;SARM1;SP100
prerank,Negative Regulation Of Peptide Hormone Secretion (GO:0090278),-0.28053552387649605,-0.7721648121002728,7.955182e-01,1.000000e+00,1.000000e+00,3/17,11.78%,SIRT4;KCNJ11;SFRP1
prerank,Positive Regulation Of Cell Cycle Phase Transition (GO:1901989),-0.28385947269841344,-0.7721570688005199,7.893258e-01,1.000000e+00,1.000000e+00,7/15,35.28%,EZH2;ZNF16;NPM1;PHB2;PEX2;PAGR1;STXBP4
prerank,Endoplasmic Reticulum To Cytosol Transport (GO:1903513),0.3258214089843943,0.7714506360047095,7.647975e-01,9.604689e-01,1.000000e+00,15/15,67.44%,HERPUD1;SEL1L;OS9;SYVN1;VCP;DERL2;SELENOS;SEC61B;UFD1;ERLEC1;HSP90B1;TMEM129;FAF2;NPLOC4;DERL1
prerank,NAD Biosynthetic Process (GO:0009435),0.31809161564820093,0.7713854510918932,7.796610e-01,9.599291e-01,1.000000e+00,4/17,26.33%,PTGIS;NAMPT;NNMT;SLC22A13
prerank,Positive Regulation Of Establishment Of Protein Localization (GO:1904951),-0.2792872635845076,-0.7713578077194446,7.756233e-01,1.000000e+00,1.000000e+00,7/17,19.70%,CCT6A;CEP295;CCT4;CCT3;CCT7;DKC1;CCT8
prerank,Rac Protein Signal Transduction (GO:0016601),0.3205591167827503,0.7706695129567894,7.642405e-01,9.604157e-01,1.000000e+00,6/17,20.96%,AIF1;RHOG;ELMO1;CDH13;BRK1;CYFIP1
prerank,Negative Regulation Of Cell Projection Organization (GO:0031345),0.25836320028103443,0.7701282071851467,8.128415e-01,9.606467e-01,1.000000e+00,23/48,29.92%,PTPRO;GFI1;SPOCK1;FYN;DENND5A;APOE;RTN4RL1;YWHAH;PRNP;ITM2C;PTEN;GAK;RAB29;RTN4RL2;RAPGEF2;GORASP1;PTPRS;KANK1;TRPV4;PAQR3;LPAR1;TNR;WNT3A
prerank,Actin Filament-Based Transport (GO:0099515),0.30144693657931493,0.7701246269867602,7.961019e-01,9.600155e-01,1.000000e+00,3/20,7.24%,MYO1F;MYO1G;MYO7A
prerank,Mitochondrial Fusion (GO:0008053),0.31955964992281294,0.7692657313146924,7.756315e-01,9.606535e-01,1.000000e+00,2/18,12.23%,BCL2A1;MCL1
prerank,L-alpha-amino Acid Transmembrane Transport (GO:1902475),-0.23248215952481732,-0.7691592560899093,8.686131e-01,1.000000e+00,1.000000e+00,7/38,11.21%,SLC38A3;SLC1A6;SLC17A8;SLC25A29;SLC6A2;SLC25A13;SLC38A1
prerank,Neuron Projection Development (GO:0031175),-0.1756645413343946,-0.7689675637582016,9.905660e-01,1.000000e+00,1.000000e+00,20/173,12.73%,KLK8;WNT7A;PPP1R9A;ADGRF1;ADGRV1;MAPT;CTNND2;EPHA4;RASGRF1;NYAP2;MNX1;NLGN1;LGI1;EPHB3;NCKAP1;POU4F1;MAP2;GPRIN2;MYO16;NTF4
prerank,RNA-mediated Gene Silencing (GO:0031047),-0.25727117640005326,-0.7688842089157168,8.171745e-01,1.000000e+00,1.000000e+00,6/24,29.53%,PIWIL1;TARBP2;PABPC1;CNOT7;TDRD12;PIWIL2
prerank,Positive Regulation Of Transcription By RNA Polymerase III (GO:0045945),-0.2907926776004997,-0.7683475968255525,7.682292e-01,1.000000e+00,1.000000e+00,11/15,43.31%,ZC3H8;ICE2;ICE1;DEK;BAZ1B;MYBBP1A;MTOR;DDX21;RPTOR;ERCC6;CHD8
prerank,Regulation Of Epidermal Growth Factor Receptor Signaling Pathway (GO:0042058),0.2629362094210782,0.7683331239088957,8.098404e-01,9.614431e-01,1.000000e+00,11/44,20.07%,PLAUR;MMP9;SHKBP1;ZFYVE28;PTPRJ;CDH13;PDE6G;DUSP3;RHBDF2;HIP1;MVB12B
prerank,Regulation Of Plasma Membrane Bounded Cell Projection Assembly (GO:0120032),0.2416925093638367,0.7679704055445177,8.406524e-01,9.613683e-01,1.000000e+00,18/73,21.46%,WAS;DMTN;PPP1R16B;CLU;TBC1D10C;CCR7;TWF2;TBC1D17;TBC1D14;CYLD;TBC1D22A;FUZ;TBC1D10A;TBC1D10B;P2RX4;TBC1D1;CAPZB;PODXL
prerank,Regulation Of Vacuole Organization (GO:0044088),0.32679229521235764,0.7669954633965202,7.626582e-01,9.621513e-01,1.000000e+00,11/15,38.09%,TBC1D14;MTMR3;PIKFYVE;MTM1;RAB1B;SCARB2;IFT88;TBC1D12;RAB5A;UBQLN2;EFNB1
prerank,Positive Regulation Of Lamellipodium Assembly (GO:0010592),-0.25158026349559237,-0.7666177330532886,8.333333e-01,1.000000e+00,1.000000e+00,5/22,12.35%,OCLN;CLRN1;MSTN;NCKAP1;AVIL
prerank,Melanosome Organization (GO:0032438),0.27023459343703155,0.7652354961769112,8.359046e-01,9.642133e-01,1.000000e+00,14/37,28.46%,AP1S2;APOE;RAB32;AP1B1;HPS1;AP1M1;DTNBP1;HPS5;BLOC1S6;RAB29;PIKFYVE;BLOC1S1;LYST;BLOC1S4
prerank,Positive Regulation Of Cilium Assembly (GO:0045724),0.301712426428418,0.7647194992263467,8.066860e-01,9.643507e-01,1.000000e+00,1/21,3.03%,ZMYND10
prerank,Fatty Acid Catabolic Process (GO:0009062),-0.20685489860272557,-0.7642540153410118,9.190283e-01,1.000000e+00,1.000000e+00,24/56,35.18%,ACADL;PEX13;NUDT8;MCEE;SLC27A4;ACAD10;ACAT2;ADTRP;ABHD1;LPIN3;ABHD3;SLC25A17;ABCD3;PCCB;PEX2;CROT;ACAT1;PCCA;EHHADH;ECHS1;AUH;ECHDC1;ADIPOQ;NUDT19
prerank,Positive Regulation Of Response To Stimulus (GO:0048584),0.2389822380669993,0.7638378554735646,8.622386e-01,9.650565e-01,1.000000e+00,15/72,24.06%,FCGR2B;CFP;C8G;CD80;C8A;ILK;IL15;FGF10;C6;SMCHD1;UIMC1;GATA3;WNT5A;IER5;SELENON
prerank,Regulation Of Translational Initiation (GO:0006446),-0.19927999663689197,-0.7637180287635671,9.247788e-01,1.000000e+00,1.000000e+00,32/63,39.33%,BZW2;KLHL25;EIF3B;BOLL;NPM1;DAZ3;EIF3H;DDX1;MTIF2;EIF3E;EIF5B;CDC123;NCBP1;EIF4A2;DAZL;PAIP1;EIF4EBP1;EIF4H;EIF2B5;EIF4G1;KHDRBS1;FMR1;PAIP2B;EIF2B2;LARP1;EIF4B;MTOR;YTHDF2;EIF5;RPS6KB1;TPR;DAZ4
prerank,post-Golgi Vesicle-Mediated Transport (GO:0006892),0.2533672884903143,0.7636616061471401,8.299233e-01,9.646868e-01,1.000000e+00,19/56,30.81%,CORO7;RP2;CCDC93;SNAP23;MYO5A;EPS15;GGA1;CCDC22;GGA2;VPS35L;OSBPL5;DNM2;VTI1A;AP2A1;SORL1;RABEP1;SCAMP2;GGA3;SYS1
prerank,Positive Regulation Of Organelle Assembly (GO:1902117),0.24832944420603825,0.7627041873859906,8.452685e-01,9.655536e-01,1.000000e+00,12/58,19.60%,LCP1;TNF;PIP4K2A;SDCBP;ATG2A;CNOT6L;SNX18;WIPI1;G3BP2;FUZ;CAPG;WDR45
prerank,Negative Regulation Of ERBB Signaling Pathway (GO:1901185),0.31637463692314927,0.7620017743873667,7.920000e-01,9.659579e-01,1.000000e+00,4/18,15.27%,ZFYVE28;LGMN;PTPRJ;DUSP3
prerank,Cellular Response To Retinoic Acid (GO:0071300),-0.2368320069204009,-0.7619551574732668,8.602151e-01,1.000000e+00,1.000000e+00,7/36,12.70%,WNT11;WNT3;PTK6;WNT7B;PTK7;SOX9;STRA8
prerank,Negative Regulation Of mRNA Catabolic Process (GO:1902373),-0.22896245488425127,-0.7615555951171107,8.802817e-01,1.000000e+00,1.000000e+00,11/37,20.60%,TENT5B;PKP1;PKP3;IGF2BP1;MEIOC;HNRNPAB;ZAR1;PABPC1;IREB2;SYNCRIP;E2F1
prerank,COPII-coated Vesicle Budding (GO:0090114),0.26974804039284084,0.7614085387589962,8.059490e-01,9.662128e-01,1.000000e+00,13/36,32.12%,SH2D2A;TRAPPC1;TRAPPC5;SEC24A;CSNK1D;SEC24B;SEC24D;TRAPPC2;PEF1;SEC23B;TBC1D20;SEC31A;SEC23A
prerank,Regulation Of Cardiac Muscle Cell Membrane Repolarization (GO:0099623),-0.26959967046448574,-0.7584462384773061,7.918919e-01,1.000000e+00,1.000000e+00,5/18,12.30%,SCN5A;NOS1AP;ANK2;CACNA1D;KCNH2
prerank,Cellular Response To Estradiol Stimulus (GO:0071392),0.309403182769751,0.7582905266345686,7.803738e-01,9.702020e-01,1.000000e+00,5/18,19.55%,CRHBP;ESR1;SSTR2;RAMP3;ZNF703
prerank,Glycosphingolipid Biosynthetic Process (GO:0006688),0.31879528222582815,0.7582833554676823,7.587786e-01,9.695787e-01,1.000000e+00,7/17,24.89%,ST8SIA1;ST8SIA5;ST6GALNAC6;ST8SIA4;ST6GALNAC4;B3GALT4;ST3GAL5
prerank,Modulation Of Excitatory Postsynaptic Potential (GO:0098815),0.27542080658969426,0.7580678415093217,8.204380e-01,9.692802e-01,1.000000e+00,14/30,21.90%,SLC8A2;SLC8A3;NLGN4X;CUX2;PTK2B;LRRK2;DLG4;GRIN2A;GRIN2D;PTEN;NLGN3;NETO1;SHANK1;RIMS1
prerank,Positive Regulation Of Developmental Process (GO:0051094),-0.17026861245980168,-0.7574247306541182,1.000000e+00,1.000000e+00,1.000000e+00,21/217,9.34%,FOXA2;CAMK2B;BMP4;ELAPOR2;AGR2;COBL;LHX1;INSM1;ZDHHC15;BMP5;PLCB1;ZP3;BRD7;RALA;TMEM79;SCX;SHH;NLGN1;CDC20;BMPR1B;NRXN1
prerank,Histone H4 Acetylation (GO:0043967),-0.22932690107211537,-0.7571684942116766,8.605442e-01,1.000000e+00,1.000000e+00,10/37,34.36%,YEATS4;NAA40;TRRAP;VPS72;WDR5;ACTL6A;MRGBP;KANSL2;ING5;BRD8
prerank,Regulation Of Small Molecule Metabolic Process (GO:0062012),0.26622407596969355,0.7571326823039469,8.230453e-01,9.700009e-01,1.000000e+00,12/38,26.12%,APOE;SLC2A6;ADIPOR1;PRKAG2;ABCG1;BCKDK;PDK4;PDK2;ZBTB7A;PDK1;RORC;TTC39B
prerank,Intracellular Protein Transport (GO:0006886),0.20854626881641172,0.7568668414146716,9.656965e-01,9.697559e-01,1.000000e+00,86/313,29.05%,MAP1LC3C;LAPTM5;EGR2;CD74;STX11;TGFB1;RAB20;ANKLE1;CTSA;RAB32;STRADB;MMP12;STX4;STK4;SYK;EHD1;RAB6B;RAB31;ARL11;GABARAP;BCL3;YWHAH;AKT2;STXBP2;GCKR;TRAK2;RAB24;STX7;ATP6AP1;UNC93B1;LTBP2;XPO6;NAPA;STX2;COPZ2;SNX9;TIMM50;RAB43;KIF13B;FAM53C;RAB5C;ARL4C;STX12;HOMER3;UBAP1;GGA1;ARHGEF2;FAM53B;GGA2;RTN2;LAMP2;EIF4ENIF1;PTTG1IP;WLS;STX8;CDC37;RABL2B;RABL2A;RAB29;RPGR;STX10;RAB6D;CLIP3;TLK1;RIC1;AP2A1;NUP98;XPO7;ARFGAP3;ARF1;TECPR2;SYNRG;AKIRIN2;SNX6;ARF4;RAB1B;RAB7A;SORL1;SNX8;STXBP3;GRPEL1;NGFR;APLP2;STAT3;IFT27;CACNG8
prerank,Regulation Of Cytosolic Calcium Ion Concentration (GO:0051480),0.27434232400286473,0.7559816528385711,8.323782e-01,9.703890e-01,1.000000e+00,12/34,24.73%,SLC8A2;RYR1;CALCA;TRPM2;PLN;HRC;CDH23;ATP2B1;SLC8B1;PRKACA;WNT5A;TMEM178A
prerank,Positive Regulation Of Notch Signaling Pathway (GO:0045747),0.2728597010401955,0.7556761102728615,8.044444e-01,9.701876e-01,1.000000e+00,7/30,23.25%,NOD2;BMP2K;ENHO;ZMIZ1;IL6ST;TSPAN14;NOS3
prerank,Regulation Of Transcription By RNA Polymerase I (GO:0006356),-0.23427713728076538,-0.754608120605641,8.690096e-01,1.000000e+00,1.000000e+00,7/30,24.77%,WDR43;POLR2K;BEND3;WDR75;DEK;BAZ1B;HEATR1
prerank,Smoothened Signaling Pathway (GO:0007224),0.2736667167471844,0.7542813492151904,8.239437e-01,9.715635e-01,1.000000e+00,11/32,26.64%,IHH;PKD2L1;TMEM231;DHH;MAP3K10;GLI1;HIPK2;GLI2;HIPK1;TTBK2;CC2D2A
prerank,Ubiquitin-Dependent Protein Catabolic Process Via The Multivesicular Body Sorting Pathway (GO:0043162),-0.23218403040489918,-0.7539661947317992,8.802817e-01,1.000000e+00,1.000000e+00,5/33,22.52%,CHMP4C;TOM1L1;CHMP3;VPS37D;UBAP1L
prerank,Negative Regulation Of Ion Transmembrane Transporter Activity (GO:0032413),0.30335693506586253,0.7534351050295234,7.926829e-01,9.721125e-01,1.000000e+00,5/20,18.50%,MMP9;CASQ2;PLN;HECW1;OXSR1
prerank,Peroxisome Organization (GO:0007031),-0.24818594950836084,-0.7534349689268055,8.405797e-01,1.000000e+00,1.000000e+00,14/24,39.47%,PEX1;PEX7;ABCD3;PEX2;LONP2;MFF;TMEM135;PEX6;PEX10;PEX19;FIS1;PEX3;DNM1L;SEC16B
prerank,Liver Development (GO:0001889),0.27249078036752544,0.7534269755305515,8.252427e-01,9.714911e-01,1.000000e+00,12/34,24.84%,DNAAF1;CEBPB;IL6;XBP1;PHF1;CEBPA;CCDC39;PKD2;TGFBR3;PCK2;ARID5B;CITED2
prerank,Response To Ethanol (GO:0045471),0.32109094798966886,0.7532851947597803,7.967480e-01,9.710779e-01,1.000000e+00,6/16,23.04%,CRHBP;OPRM1;ADH7;GRIN2A;GRIN3A;DRD2
prerank,Endocardial Cushion Development (GO:0003197),0.29574856912545594,0.7531770861549278,7.960123e-01,9.706089e-01,1.000000e+00,5/22,11.90%,BMP2;ACVRL1;ENG;FOXF1;NOG
prerank,Nicotinamide Nucleotide Metabolic Process (GO:0046496),-0.2784829109810005,-0.7505756207432401,7.944444e-01,1.000000e+00,1.000000e+00,9/15,37.18%,KRT17;TP53I3;ME1;NAXE;GPD1L;NADK2;MDH1;QPRT;IDH2
prerank,Regulation Of Vasoconstriction (GO:0019229),0.28719597398341384,0.7502930186115903,8.271237e-01,9.741806e-01,1.000000e+00,8/24,19.66%,ADM;F2R;TBXA2R;SMTNL1;OXTR;AGTR1;ATP2B1;ECE1
prerank,"Alternative mRNA Splicing, Via Spliceosome (GO:0000380)",-0.27899752712778025,-0.7476587175097117,7.994652e-01,1.000000e+00,1.000000e+00,11/16,48.23%,PUF60;RSRC1;NCBP1;RBM17;SRSF1;NCBP2;DHX9;SCNM1;SRSF6;HNRNPM;SFPQ
prerank,Regulation Of Transforming Growth Factor Beta Receptor Signaling Pathway (GO:0017015),0.22649987900684054,0.7473656800077155,9.138350e-01,9.775500e-01,1.000000e+00,31/105,25.86%,HTRA4;THBS1;DAB2;TGFB1;ZEB2;SDCBP;BMP2;EID2;ENG;DKK3;PPARG;HSPA1A;LRG1;LATS2;HIPK2;SMAD7;LDLRAD4;ZNF703;FLCN;CDKN1C;SAP30;TNXB;ZBTB7A;SPRED3;EMILIN1;LTBP4;CITED2;SKI;ARID4A;CILP;BAMBI
prerank,Negative Regulation Of Supramolecular Fiber Organization (GO:1902904),0.23811195762614798,0.7472259708663666,8.796895e-01,9.771197e-01,1.000000e+00,23/69,24.97%,SNCA;CORO1A;TUBB4A;TREM2;CLU;APOE;PRKCD;MYADM;SPEF1;TWF2;SSH2;BMERB1;MID1IP1;TRIM54;ATXN7;SHANK1;ARHGEF2;CRYAB;PFN1;SLIT2;EMILIN1;TTBK2;CLIP3
prerank,Regulation Of Protein Import Into Nucleus (GO:0042306),-0.2277347955634731,-0.7472058250120731,8.966790e-01,1.000000e+00,1.000000e+00,10/37,20.98%,BMP4;ZIC1;CDH1;ECT2;JUP;TRIM28;EFCAB7;SUMO1;RAN;IPO5
prerank,Protein Localization To Golgi Apparatus (GO:0034067),0.2850688532727088,0.7471863324265394,8.174727e-01,9.765438e-01,1.000000e+00,11/26,32.55%,GBP5;RAB6B;RIPOR1;GAK;CSNK1D;OPTN;SORL1;PAQR3;SYS1;GCC2;BICD2
prerank,Regulation Of Cellular Respiration (GO:0043457),0.31587068702690824,0.7467851274500654,8.027108e-01,9.764660e-01,1.000000e+00,5/16,25.19%,IFNG;CBFA2T3;NOS2;IL10RB;IFNAR1
prerank,RNA Processing (GO:0006396),-0.16691637193421546,-0.7463603886048654,9.807692e-01,1.000000e+00,1.000000e+00,81/178,42.20%,LSM5;MAGOHB;SNRPG;SNRPD1;SNRPF;RP9;MPHOSPH10;CELF3;LSM4;CPSF6;SRPK2;TBRG4;DKC1;SRPK1;DIS3L;SYNCRIP;RBM8A;EXOSC8;ZCRB1;GEMIN2;EXOSC2;USP39;SF3B4;SNRNP25;SNRPA1;PRMT1;SNRNP48;RSRC1;EXOSC4;NCBP1;CSTF3;DDX47;SF3B3;FUS;HNRNPR;FASTK;EXOSC7;PDCD7;DDX54;H2AB1;U2AF1;LUC7L3;SNRPB;LSM1;PRPF4;NUDT21;EXOSC6;EXOSC9;U2AF2;DUSP11;KHSRP;TENT4A;EXOSC5;TCERG1;METTL3;NOL3;SRSF9;ZCCHC8;RNPS1;DIS3;HNRNPC;NUFIP1;FASTKD2;PRPF3;NRDE2;FASTKD1;BICD1;LSM3;ARVCF;RNGTT;SNRNP35;PPP2R1A;SRSF1;THOC1;NOL9;NCBP2;SF3A2;DDX23;WBP4;H2AB3;SNRPD2
prerank,Neuron Apoptotic Process (GO:0051402),-0.2692711645954138,-0.7459493531067604,8.286517e-01,1.000000e+00,1.000000e+00,3/18,14.53%,ERBB3;CIT;NAE1
prerank,Negative Regulation Of Telomere Maintenance (GO:0032205),-0.2781073939273072,-0.7456089084054641,8.056338e-01,1.000000e+00,1.000000e+00,15/15,72.22%,RAD50;PINX1;PARP1;TNKS;TERF1;ERCC4;RTEL1;NBN;TERF2;SLX4;TNKS2;TERF2IP;ERCC1;SLX1A;SMG6
prerank,Negative Regulation Of Transmembrane Receptor Protein Serine/Threonine Kinase Signaling Pathway (GO:0090101),0.22556668142183084,0.745111035048894,9.083130e-01,9.781419e-01,1.000000e+00,37/102,27.90%,HTRA4;SOST;GREM1;RBPMS2;CHRDL2;BMP2;EID2;LRP1;NOG;CHRDL1;TNFAIP6;PPARG;HSPA1A;SKOR1;GPR155;HIPK2;SMAD7;LDLRAD4;BMPER;UBE2D1;CRIM1;SAP30;NBL1;ZBTB7A;SPRED3;EMILIN1;NOTCH1;FSTL3;SKI;ARID4A;CILP;BAMBI;UBE2D3;SNX6;SORL1;FKBP1A;SPRED1
prerank,Regulation Of Telomere Capping (GO:1904353),-0.24874484147646703,-0.7447238246275832,8.204334e-01,1.000000e+00,1.000000e+00,9/22,33.65%,NEK2;NABP2;PKIB;RAD50;MAPKAPK5;AURKB;MAPK15;MAP3K4;TNKS
prerank,Carboxylic Acid Transmembrane Transport (GO:1905039),-0.22570983563702668,-0.744531144931119,8.725490e-01,1.000000e+00,1.000000e+00,7/37,14.39%,SLC38A3;SLC16A12;SLC38A4;SLC25A10;SLC38A1;SLC13A2;SLC16A9
prerank,Regulation Of Neuronal Synaptic Plasticity (GO:0048168),0.27054556729966134,0.7438833982478081,8.380682e-01,9.791921e-01,1.000000e+00,12/33,23.04%,SLC8A2;SHISA9;APOE;MCTP1;SYNGR1;DLG4;GRIN2A;GRIN2D;SHISA6;NETO1;SYAP1;DRD2
prerank,Cellular Response To Acid Chemical (GO:0071229),0.2857970051207992,0.7438653642985108,8.172205e-01,9.785837e-01,1.000000e+00,4/25,15.11%,KLF2;SESN2;XBP1;CPEB4
prerank,Cellular Response To BMP Stimulus (GO:0071773),0.2442579738583613,0.7437983246095587,8.825100e-01,9.780333e-01,1.000000e+00,16/57,22.95%,LEFTY2;BMP6;TGFB1;GDF6;BMP2;ACVRL1;ENG;PPARG;HFE;INHBA;HJV;MAPK3;USP15;TGFBR3;TMEM100;GDF10
prerank,Mitochondrial Transport (GO:0006839),-0.2085933661361049,-0.7436542744088581,8.893443e-01,1.000000e+00,1.000000e+00,22/52,36.95%,PMAIP1;SLC25A13;GDAP1;TIMM8B;DNAJC19;TIMM13;TOMM70;MTX2;TOMM40;SLC25A16;MAIP1;TOMM20;BCS1L;TOMM34;MFF;TIMM44;FLVCR1;FIS1;TIMM17A;TIMM23;KIFBP;TOMM7
prerank,Regulation Of Cell Cycle Phase Transition (GO:1901987),0.2796536275357844,0.7432626614966423,8.088012e-01,9.781557e-01,1.000000e+00,8/25,24.73%,UBD;MN1;CDKN1A;NEK10;TCIM;CDKN1B;XPC;FBXW7
prerank,Cellular Response To Inorganic Substance (GO:0071241),-0.2757047057529354,-0.742458394422233,8.111702e-01,1.000000e+00,1.000000e+00,3/16,8.06%,AOC1;TIMELESS;DDX11
prerank,Regulation Of Protein Kinase C Signaling (GO:0090036),-0.28183405577630843,-0.7422956058285026,8.132184e-01,1.000000e+00,1.000000e+00,2/15,3.59%,WNT11;SEZ6L2
prerank,Protein Localization To Lysosome (GO:0061462),0.2590063404910256,0.7419115878289985,8.589385e-01,9.793849e-01,1.000000e+00,21/38,35.53%,LAPTM5;GLMP;MFSD1;CD81;NCOA4;LMBRD1;PXK;NAGPA;KPTN;RAB7A;SORL1;SCARB2;CACNG8;PIK3C3;GGA3;GCC2;ATG14;BECN1;ATP13A2;M6PR;WASH3P
prerank,Monocarboxylic Acid Catabolic Process (GO:0072329),0.3046599877028887,0.7416506421585142,8.354232e-01,9.791081e-01,1.000000e+00,5/16,21.10%,PLA2G15;CYP26B1;IDUA;PPARD;LPIN2
prerank,Nuclear-Transcribed mRNA Catabolic Process (GO:0000956),0.231043781260282,0.7413572966557531,9.027431e-01,9.788850e-01,1.000000e+00,13/83,20.80%,ZFP36;PATL2;PNRC1;ZC3H12D;CNOT6L;PNLDC1;NLRP6;ZFP36L1;SAMD4B;SAMD4A;TUT7;DHX34;DCP2
prerank,Regulation Of Intracellular Steroid Hormone Receptor Signaling Pathway (GO:0033143),-0.2549127182044888,-0.7408726378275599,8.269795e-01,1.000000e+00,1.000000e+00,22/22,74.54%,KDM1A;UFL1;UBA5;RNF6;PARK7;RNF14;KDM5D;LATS1;CARM1;NR0B1;UFSP2;UFM1;DDX5;SAFB2;EP300;DDRGK1;DNAAF4;HDAC6;PKN1;KDM4C;PRMT2;TRIM68
prerank,Regulation Of Cell Junction Assembly (GO:1901888),0.2875242339226934,0.7404017209986496,8.416290e-01,9.795838e-01,1.000000e+00,8/22,23.03%,RAPGEF1;SNAI1;RAP1B;MEF2C;RAP1A;FLOT1;PRKCH;PRKACA
prerank,Protein Localization To Centrosome (GO:0071539),-0.2681492080773,-0.7397718629882141,8.187135e-01,1.000000e+00,1.000000e+00,5/17,24.95%,CCDC14;SPAG5;STIL;NUDCD3;CEP192
prerank,Positive Regulation Of Proteasomal Protein Catabolic Process (GO:1901800),0.22859985965330853,0.7392515279994106,8.910412e-01,9.804972e-01,1.000000e+00,23/88,25.11%,KLHL40;DAB2;TREM2;CLU;CBFA2T3;NUPR1;SH3RF3;HSPA1B;HSPA1A;GABARAP;LRRK2;ECSCR;CEBPA;SMAD7;RNF19B;SIRT2;TRIB1;RNF185;TMEM259;RCHY1;FBXW7;RBX1;CSNK1D
prerank,Excitatory Postsynaptic Potential (GO:0060079),-0.27332096207043755,-0.7387034941093283,8.382749e-01,1.000000e+00,1.000000e+00,4/16,13.82%,CHRNA3;FOXM1;GRIN1;NPFF
prerank,Protein Localization To Chromosome (GO:0034502),-0.2190246290142835,-0.7385871986955728,9.023569e-01,1.000000e+00,1.000000e+00,11/40,23.74%,TONSL;PLK1;MSH2;MMS22L;CENPA;RAD21;MCM8;BOD1;PINX1;ATR;ZMYND8
prerank,Regulation Of Filopodium Assembly (GO:0051489),0.25560999195372913,0.7384406618843379,8.650138e-01,9.809290e-01,1.000000e+00,9/42,14.03%,RIPOR2;DMTN;PPP1R16B;CLU;CCR7;PRKCD;CCL21;ARAP1;DOCK11
prerank,Protein Localization To Endoplasmic Reticulum (GO:0070972),0.31375230607920856,0.7377845484722907,8.129952e-01,9.811658e-01,1.000000e+00,3/15,18.22%,PPP1R15A;LRRK2;GABARAPL2
prerank,Organelle Transport Along Microtubule (GO:0072384),-0.22078299765146053,-0.7367802587879222,8.794326e-01,1.000000e+00,1.000000e+00,4/38,11.07%,MAPT;DYNC1I1;BICDL2;LRPPRC
prerank,Regulation Of Cellular Metabolic Process (GO:0031323),0.2519784277406765,0.7364896668147691,8.602442e-01,9.821718e-01,1.000000e+00,14/44,28.44%,SLC2A6;CYP1B1;PRKAG2;PDK4;NPC2;MBOAT7;PDK2;ZBTB7A;VASH1;PINK1;NEK6;PID1;ARF4;CIDEB
prerank,Glutamate Metabolic Process (GO:0006536),-0.25603433478374815,-0.7363239511561929,8.591549e-01,1.000000e+00,1.000000e+00,5/20,17.27%,PRODH;GAD1;GCLC;GOT2;ALDH5A1
prerank,Positive Regulation Of Transferase Activity (GO:0051347),0.21365962979674863,0.735769674865689,9.413093e-01,9.825187e-01,1.000000e+00,27/140,18.92%,CSRP3;APOA4;APOA2;CSF1R;HLA-DRB1;CD4;CD74;TGFB1;GREM1;TREM2;FLT3;APOE;FGFR1;NTRK1;NTRK3;FLT1;MAPK1;ARRDC4;DDR2;TEK;DCUN1D3;VAC14;ROR2;CD200;TNIP1;SERINC1;AGTR1
prerank,Atrioventricular Valve Morphogenesis (GO:0003181),0.29863156921692274,0.7352614413075831,8.079365e-01,9.825654e-01,1.000000e+00,5/18,24.34%,BMP2;TGFBR2;SLIT1;ZFPM1;NOTCH1
prerank,Translesion Synthesis (GO:0019985),-0.2423110810449311,-0.735108052482219,8.722741e-01,1.000000e+00,1.000000e+00,11/23,34.52%,PCLAF;POLD2;POLE2;POLD1;SPRTN;REV1;PCNA;POLDIP2;POLI;TENT4A;REV3L
prerank,Dicarboxylic Acid Catabolic Process (GO:0043649),-0.27502890719563927,-0.7348133173191499,8.247978e-01,1.000000e+00,1.000000e+00,2/16,4.72%,GAD1;PM20D2
prerank,Sterol Biosynthetic Process (GO:0016126),-0.23193218030304885,-0.7347454612728653,8.706625e-01,1.000000e+00,1.000000e+00,11/28,24.92%,SQLE;CYP51A1;MSMO1;TM7SF2;FDFT1;MVK;HSD17B7;HMGCR;HMGCS1;ARV1;NPC1L1
prerank,"Regulation Of Nuclear-Transcribed mRNA Catabolic Process, Deadenylation-Dependent Decay (GO:1900151)",0.2940011212129554,0.7337809436944354,8.386076e-01,9.839340e-01,1.000000e+00,3/20,14.52%,ZFP36;ZFP36L2;ZFP36L1
prerank,Golgi Organization (GO:0007030),0.21758776915289138,0.733635914652845,9.394645e-01,9.834835e-01,1.000000e+00,43/128,31.61%,ATP8B4;GOLGA6C;GOLGA8G;PLK3;GOLGA6A;GOLGA6B;TANGO2;RAB6B;SYNE1;LRRK2;RAB30;RAB8A;GOLGA8DP;RAB43;GOLGA8K;PI4K2A;ATP8B2;GAK;GOLGA8S;UBXN2B;GOLGA8M;PLEKHM2;RAB29;GOLGA8T;CSNK1D;CDC42;GOLGA8CP;VTI1A;OPTN;GOLGA8H;GOLGA8O;ZNF501;RAB1B;RAB2B;GORASP1;GOLGA8J;GOLGA8N;YIPF5;GOLGA8Q;TMED5;GCC2;TBC1D20;VCPIP1
prerank,Protein Insertion Into ER Membrane (GO:0045048),-0.23662709758595102,-0.7314304249039412,8.825503e-01,1.000000e+00,1.000000e+00,16/29,44.34%,TRAM1L1;GET4;TMCO1;EMC2;NOMO1;EMC4;RAB5IF;NOMO3;EMC10;NOMO2;EMC7;EMC9;UBL4A;EMC1;NCLN;CCDC47
prerank,Ubiquitin-Dependent ERAD Pathway (GO:0030433),0.23324017046463022,0.7313189138766258,8.962025e-01,9.858843e-01,1.000000e+00,23/73,31.99%,RNF175;DERL3;MAN1A1;HERPUD1;FBXO2;SEL1L;FBXO6;UBXN10;FBXO44;DNAJB9;EDEM2;YOD1;TRIM25;RNF185;UBE2J1;WFS1;RNF5;OS9;TMUB2;EDEM1;SYVN1;VCP;BAG6
prerank,Positive Regulation Of Lipid Metabolic Process (GO:0045834),0.28627273868219094,0.7312489512193754,8.367347e-01,9.853394e-01,1.000000e+00,5/22,14.64%,APOA2;IL1B;APOE;NR1H3;CREBL2
prerank,Negative Regulation Of Cyclin-Dependent Protein Serine/Threonine Kinase Activity (GO:0045736),0.29406469330047236,0.7307641937456506,8.117284e-01,9.853488e-01,1.000000e+00,6/19,22.48%,HHEX;LATS2;CDKN1A;CEBPA;PTEN;CDKN1B
prerank,Dendritic Spine Organization (GO:0097061),0.2722699584087326,0.7294341410698374,8.180473e-01,9.864687e-01,1.000000e+00,8/26,15.36%,DOCK10;TREM2;FYN;LGMN;EPHB1;PRNP;PAK3;DLG4
prerank,Cytosolic Pattern Recognition Receptor Signaling Pathway (GO:0002753),0.283127420759844,0.7289983724691906,8.436533e-01,9.864209e-01,1.000000e+00,10/23,36.24%,IRF7;STING1;CYLD;TNFAIP3;TRIM25;RNF135;CGAS;IFIH1;TIFA;MAP2K6
prerank,Nucleotide-Sugar Biosynthetic Process (GO:0009226),0.30890300043943425,0.7289738135456058,8.190476e-01,9.858163e-01,1.000000e+00,6/15,28.47%,UGDH;GFPT2;UAP1L1;GNPDA1;NANS;UXS1
prerank,mRNA Splice Site Recognition (GO:0006376),-0.23200637589682277,-0.7286063123675334,8.770764e-01,1.000000e+00,1.000000e+00,15/28,41.72%,CELF3;KHDC4;PRPF39;PUF60;SRSF10;CELF5;LUC7L2;LUC7L3;PSIP1;NOL3;SRSF9;HNRNPC;SRSF12;SRSF1;SF3A2
prerank,Pore Complex Assembly (GO:0046931),0.29766511897076375,0.7285829606910522,8.197492e-01,9.857223e-01,1.000000e+00,2/18,6.92%,P2RX7;TSPAN33
prerank,Intracellular Glucose Homeostasis (GO:0001678),-0.21752635020155336,-0.72767332170592,8.857143e-01,1.000000e+00,1.000000e+00,5/38,11.04%,HKDC1;PRKAA2;IGF1R;SOX4;GPER1
prerank,Peptidyl-Glutamic Acid Modification (GO:0018200),0.29131535796680164,0.72755004300643,8.325926e-01,9.864114e-01,1.000000e+00,7/19,27.72%,TTLL9;TTLL10;AGTPBP1;VKORC1;TTLL6;TTLL3;TTLL1
prerank,Regulation Of Response To Cytokine Stimulus (GO:0060759),0.30154595258465866,0.7272927150199505,8.277439e-01,9.860904e-01,1.000000e+00,4/16,23.97%,IRAK2;SH2B3;MAPK7;WNT5A
prerank,Regulation Of Muscle Cell Differentiation (GO:0051147),-0.248207073499622,-0.7268349113067215,8.684211e-01,1.000000e+00,1.000000e+00,4/22,18.72%,LAMA1;HDAC9;MAPK12;MYOCD
prerank,Regulation Of Stress Fiber Assembly (GO:0051492),0.22984618850583835,0.7263951333362876,9.077118e-01,9.866452e-01,1.000000e+00,23/73,22.22%,WAS;CCN2;GPR65;ARHGAP6;PTGER4;RGCC;ARAP1;EVL;SORBS3;PPM1F;RHOA;INPP5K;PIK3R1;TGFBR1;SYNPO2L;TPM1;ARHGEF10L;PXN;TESK1;ARHGEF15;FHOD1;PAK1;PFN1
prerank,Regulation Of Calcium Ion Transmembrane Transporter Activity (GO:1901019),0.26642491356409304,0.7263526880395927,8.541973e-01,9.860726e-01,1.000000e+00,6/27,16.84%,JSRP1;CABP5;JPH3;PLN;HRC;DMD
prerank,Transcription Initiation-Coupled Chromatin Remodeling (GO:0045815),-0.22202081476238145,-0.725979752016385,8.839590e-01,1.000000e+00,1.000000e+00,1/33,0.18%,CTCFL
prerank,Positive Regulation Of RNA Splicing (GO:0033120),0.26348003595797254,0.7258723616697705,8.510029e-01,9.860325e-01,1.000000e+00,11/31,33.28%,RBMY1B;HSPA1A;ERN1;PIK3R1;CIRBP;NUP98;POLR2A;SETX;RBM3;RBMXL1;RBM22
prerank,Regulation Of Mitotic Spindle Assembly (GO:1901673),-0.2549644314377831,-0.7254063759659428,9.005848e-01,1.000000e+00,1.000000e+00,2/20,5.59%,CHMP4C;PLK1
prerank,Histone H3-K4 Methylation (GO:0051568),-0.23679863878343974,-0.7250744113687506,8.780488e-01,1.000000e+00,1.000000e+00,7/25,26.37%,WDR5B;PAXIP1;DPY30;BOD1;SKIC8;WDR5;MEN1
prerank,Purine Ribonucleotide Biosynthetic Process (GO:0009152),-0.2018998131904458,-0.7247895410169313,9.209486e-01,1.000000e+00,1.000000e+00,18/52,28.00%,ADCY1;PAICS;ADCY8;PANK1;SLC25A13;GART;GUCY2C;ADCY2;ATIC;IMPDH2;SLC25A16;ADCY5;GMPS;DCAKD;ADSL;PFAS;ATP5F1C;GUCY1A1
prerank,Oligosaccharide Biosynthetic Process (GO:0009312),0.29062893577562676,0.7244291379830118,8.219585e-01,9.872048e-01,1.000000e+00,7/20,17.99%,B4GALNT2;FUT7;ST6GALNAC6;ST3GAL2;FUT4;ST3GAL6;B4GALT1
prerank,Regulation Of Axon Extension (GO:0030516),-0.2205691705825812,-0.7242776133836161,9.118644e-01,1.000000e+00,1.000000e+00,5/33,13.25%,MAPT;KIAA0319;MAP2;SEMA3A;NRCAM
prerank,Negative Regulation Of Protein Polymerization (GO:0032272),0.27302519250549073,0.7232248046945179,8.627168e-01,9.880559e-01,1.000000e+00,6/25,16.09%,SNCA;TUBB4A;PRKCD;MYADM;TWF2;SSH2
prerank,Peptidyl-Serine Modification (GO:0018209),-0.16354873086265956,-0.7226282082875264,9.900990e-01,1.000000e+00,1.000000e+00,40/163,24.59%,CAMK2B;GALNT13;SBK1;MYO3B;PBK;TTK;PLK1;SRPK3;CAMK2A;CDC7;CDK1;PRKDC;LMTK2;STK32A;GALNT3;MAP3K20;PRKD1;MARK1;BRSK1;MAPK12;PRKCZ;MGAT5B;MAST2;POGLUT2;SRPK2;DCLK3;AURKA;ULK3;SRPK1;MASTL;SGK2;VRK2;MAST1;MAPKAPK5;ATR;PCK1;PRKCI;CLSPN;POGLUT3;CAMK2D
prerank,Negative Regulation Of Transforming Growth Factor Beta Receptor Signaling Pathway (GO:0030512),-0.18997506994706848,-0.7212507129383124,9.729730e-01,1.000000e+00,1.000000e+00,12/73,16.07%,PEG10;NKX2-1;PMEPA1;PRDM16;CAV1;CAPN5;STRAP;ADAMTSL2;CD109;BRMS1L;SMAD6;SMURF1
prerank,Cellular Response To Glucose Starvation (GO:0042149),0.24805005862514323,0.7209034594519831,8.701117e-01,9.902773e-01,1.000000e+00,22/41,36.91%,PLIN2;SESN2;XBP1;CPEB4;BHLHA15;FOXO3;MTMR3;ZC3H12A;PLIN3;KPTN;TSSK3;PIK3C3;EIF2AK3;ATG14;BECN1;SESN1;IFI16;ATF4;TP53;SH3GLB1;SIRT1;PICK1
prerank,Endosome Transport Via Multivesicular Body Sorting Pathway (GO:0032509),0.281584829147253,0.720784470117708,8.473282e-01,9.897881e-01,1.000000e+00,12/23,31.16%,TMEM50A;RILP;LEPROTL1;UBXN6;CHMP4A;CHMP1B;LEPROT;TMEM50B;CHMP5;LYST;DENND10;VCP
prerank,Vesicle Organization (GO:0016050),0.2214714849425157,0.7203568813592812,9.229814e-01,9.897067e-01,1.000000e+00,34/92,31.20%,SRGN;CORO1A;SNX10;TRAPPC1;STX4;SYT11;STX7;IRAG2;PICALM;PLEKHF1;VAMP7;CD34;SRPX;PI4K2A;STX12;VAMP2;VAMP3;EPS15;TRAPPC5;LAMTOR1;VAMP1;STX8;STX10;CHMP4A;FHIP1B;USP50;CHMP5;DNM1;TRAPPC2;DNAJC13;VPS11;WASHC4;SNX11;TRAPPC10
prerank,Regulation Of DNA Recombination (GO:0000018),-0.20972871568213697,-0.7199582215675756,9.344828e-01,1.000000e+00,1.000000e+00,7/41,10.71%,CHEK1;RAD51AP1;FIGNL1;MSH2;RAD51;KDM1A;MSH6
prerank,Carbohydrate Biosynthetic Process (GO:0016051),0.28241473996828576,0.719856150269523,8.397626e-01,9.896807e-01,1.000000e+00,7/23,17.99%,B4GALNT2;FUT7;ST6GALNAC6;ST3GAL2;FUT4;ST3GAL6;B4GALT1
prerank,Artery Development (GO:0060840),0.2760121809613185,0.7195659865974652,8.307030e-01,9.893965e-01,1.000000e+00,9/23,20.93%,PDE2A;ACVRL1;ENG;APLNR;TGFBR2;EFEMP2;TGFBR1;SMAD7;PKD2
prerank,Neuron Development (GO:0048666),0.20892135475334767,0.7192037917413089,9.547564e-01,9.892209e-01,1.000000e+00,55/141,31.70%,RP1;GPRIN3;STMND1;BTG2;RUNX3;APOE;IL6;EPHA5;LYN;EHD1;RAB6B;UGDH;UNC5A;XBP1;SLC44A4;MEF2C;RUNX1;PPP1R9B;DMD;SAMD14;PPT1;TENM1;OPHN1;NTRK2;GDNF;GLI2;CDK16;CLN5;DTNBP1;B4GALT5;ATP7A;PBX4;TNXB;BLOC1S6;GBA1;UGCG;WNT5A;TENM3;MICALL1;RB1;ATCAY;BLOC1S1;RAPGEF2;BLOC1S4;RAB11A;VSX1;RAB13;CNTNAP2;SRF;AGER;RAB35;BLOC1S2;ZFYVE27;EPHA8;GBA2
prerank,Cellular Response To pH (GO:0071467),0.2925994353698868,0.7191887200918285,8.291536e-01,9.886172e-01,1.000000e+00,3/18,10.81%,MCOLN1;PKD2L1;HVCN1
prerank,Regulation Of Proteasomal Ubiquitin-Dependent Protein Catabolic Process (GO:0032434),0.2171589835070771,0.7184550858686322,9.315726e-01,9.888915e-01,1.000000e+00,15/107,15.86%,KLHL40;DAB2;MAP1A;CLU;CBFA2T3;SDCBP;SH3RF3;HERPUD1;HSPA1B;HSPA1A;GABARAP;LRRK2;RYBP;HFE;CEBPA
prerank,Ribonucleoside Bisphosphate Metabolic Process (GO:0033875),0.2866989632486419,0.7179617004960083,8.462733e-01,9.882176e-01,1.000000e+00,2/20,8.02%,ACSL6;ACSM5
prerank,Purine Nucleoside Bisphosphate Metabolic Process (GO:0034032),0.2866989632486419,0.7179617004960083,8.462733e-01,9.882176e-01,1.000000e+00,2/20,8.02%,ACSL6;ACSM5
prerank,Regulation Of Neuron Projection Development (GO:0010975),0.20668799525764878,0.7162443155911524,9.580974e-01,9.896628e-01,1.000000e+00,50/167,24.25%,TNN;PTPRO;GFI1;FES;SPOCK1;ABI3;EFHC2;RAPGEF1;ATP1B2;DENND5A;APOE;SCARF1;PTK2B;KNDC1;ARSB;LYN;NTRK1;NTRK3;RTN4RL1;ZNF804A;TWF2;CAMK1;NTNG2;SIPA1L1;PAK3;LRRK2;DDR2;SERPINI1;SCN1B;FBXO7;ITM2C;PPFIA2;RAP1A;ROR2;CX3CL1;KIF13B;NDNF;PTEN;NDEL1;NTRK2;GAK;PAK1;LRRC4C;PLK5;NPTN;WNT5A;RAB29;TENM3;CFL1;P3H1
prerank,Potassium Ion Homeostasis (GO:0055075),0.28706756394458804,0.7162234128621278,8.544000e-01,9.890626e-01,1.000000e+00,6/21,20.32%,ATP1B2;ATP1A2;FXYD2;KCNJ2;ATP1B3;SLC12A6
prerank,NAD Metabolic Process (GO:0019674),0.28876185534942844,0.715874147354193,8.375940e-01,9.888509e-01,1.000000e+00,4/21,15.18%,MDH1B;KMO;NAMPT;HAAO
prerank,Glial Cell Development (GO:0021782),0.26890734341993267,0.7155612578435537,8.692422e-01,9.885992e-01,1.000000e+00,2/22,5.06%,TLR2;NRROS
prerank,RNA Export From Nucleus (GO:0006405),-0.19239480650900284,-0.7153039004420194,9.736842e-01,1.000000e+00,1.000000e+00,34/61,41.69%,MAGOHB;THOC3;XPO1;NUP107;RAN;XPO5;RBM8A;NXT2;NUP160;NCBP1;SMG5;NXT1;NUP133;HNRNPA1;NUP155;CHTOP;NUP188;FYTTD1;DDX39A;THOC7;NUP85;FMR1;SMG1;NUP88;ALYREF;TPR;SMG7;POM121C;THOC6;THOC1;NUP214;NCBP2;POM121;EIF4A3
prerank,NADP Metabolic Process (GO:0006739),-0.25134072207122893,-0.7149993985054893,8.351351e-01,1.000000e+00,1.000000e+00,6/18,20.83%,KRT17;FMO5;TP53I3;NUDT17;NUDT13;ME1
prerank,Limb Morphogenesis (GO:0035108),-0.25249451388828215,-0.7133359564586769,8.735294e-01,1.000000e+00,1.000000e+00,3/19,12.66%,SHH;TFAP2B;HOXA11
prerank,Heterochromatin Organization (GO:0070828),-0.21454497388828372,-0.7132264896082106,9.363296e-01,1.000000e+00,1.000000e+00,8/37,19.43%,UHRF1;PRDM16;EZH2;PCID2;HMGA2;LMNB2;CBX3;POLE3
prerank,Response To Nutrient Levels (GO:0031667),0.2580024158089195,0.71243139338268,8.728571e-01,9.916459e-01,1.000000e+00,8/32,20.61%,CD68;GH2;FAM107A;PRKAG2;UTS2;CSHL1;PPARD;UCP1
prerank,Negative Regulation Of Neuron Differentiation (GO:0045665),0.28839816526126005,0.7117678200116826,8.520249e-01,9.917691e-01,1.000000e+00,2/17,8.64%,DLX2;B2M
prerank,Vesicle-Mediated Transport (GO:0016192),0.19417151456508622,0.7106010440220591,9.969168e-01,9.925449e-01,1.000000e+00,135/393,30.63%,CCL5;ANK1;CCL8;CCL3;CCR1;CCL14;RAB44;STX11;RIN3;DNM3;DENND3;PIP4K2A;SYTL3;RPH3A;AP1S2;RAB3IL1;AGAP2;MYCBPAP;DENND1C;WIPF3;STX4;EHD1;CYTH1;RHOU;SYT11;ARL11;TOM1;STXBP2;SNX18;NECAP2;LRRK2;STX7;RINL;AP1B1;IRAG2;NAPA;STX2;RAB30;DOC2B;SNX9;PICALM;PLEKHF1;RILP;BIN3;RAB43;CORO1C;EHD4;AP5B1;VAMP7;HIP1;SNAP23;BIN1;AP2A2;RHOJ;DNAJC5;RAB5C;MYO5A;STX12;VAMP2;VAMP3;DPYSL2;EPS15;SYTL4;SNAP29;AP1M1;EHD3;REPS2;CTAGE1;TNFAIP2;RAB27A;SCARA5;CDK16;WASHC2C;RAB36;LAMTOR1;VAMP1;ARAP3;DNM2;STX8;PXK;PRSS12;DENND1A;SPAG9;GDI1;RAB39B;RHOBTB1;STX10;CHMP4A;CHMP1B;RUBCN;PLIN3;CSNK1D;RAB3A;MGRN1;RAB4B;CDC42;MICALL1;AP2A1;FHIP1B;ARFGAP3;ARF1;TVP23B;ITSN1;BLOC1S1;ARF4;TBC1D2B;MTM1;CHMP5;RAB7A;ADRB2;KIF5A;RAB2B;DNER;RHOB;SPTBN4;STXBP3;RAB11A;WASHC2A;RAB13;ANKFY1;IFT27;DNM1;RABEP1;EPG5;ACTR1A;RAB39A;UVRAG;PIK3C3;VPS11;CSNK1E;WASHC4;TRAK1;SLC10A7;TVP23C;RAB35
prerank,Regulation Of Protein Catabolic Process (GO:0042176),0.21340844135954906,0.7102284396324791,9.517079e-01,9.923179e-01,1.000000e+00,37/117,28.10%,ASB5;GPC3;C4BPB;TNF;TNFSF13B;IRAK3;TNFSF12;CTSA;AGAP2;APOE;FLNA;GPX1;FURIN;UBB;TNFAIP3;OAZ1;FOXO1;ATG7;RILP;MSN;SIRT2;PRKCG;ASB9;CDKN1B;PRKACA;WNT5A;RBX1;PINK1;RIC1;BANP;PSME1;WDR91;EZR;TMF1;RAB7A;SORL1;ZDHHC2
prerank,DNA Methylation (GO:0006306),0.2941415459330039,0.70972697686298,8.381679e-01,9.922530e-01,1.000000e+00,3/18,15.77%,FOS;ZFP57;SPOCD1
prerank,Cellular Response To Amino Acid Stimulus (GO:0071230),0.25728651087272253,0.7093327032429848,8.670520e-01,9.920569e-01,1.000000e+00,14/33,34.86%,FYN;CASTOR1;SESN2;XBP1;CPEB4;LAMTOR1;RRAGA;STAMBPL1;UBR2;RRAGC;CASTOR3P;SESN1;CPEB3;KLHL22
prerank,Protein Depolymerization (GO:0051261),0.26606656458336736,0.7088913952590619,8.598540e-01,9.919314e-01,1.000000e+00,6/25,14.36%,VIL1;STMND1;KIF2A;MICAL1;WDR1;TWF2
prerank,Placenta Development (GO:0001890),0.28506471754631957,0.7074537065454958,8.335810e-01,9.928638e-01,1.000000e+00,6/19,20.93%,PLAC1;LEP;PPARG;TFEB;ANG;PKD2
prerank,Protein Targeting To Membrane (GO:0006612),-0.18864950227435875,-0.7070368321427232,9.720930e-01,1.000000e+00,1.000000e+00,9/67,14.85%,GOLGA7B;ZDHHC15;ZDHHC11B;ZDHHC11;RAB3IP;GET4;ZDHHC9;ZDHHC23;NACA2
prerank,Bile Acid Metabolic Process (GO:0008206),0.25713798842025404,0.7064340377054398,8.642534e-01,9.934121e-01,1.000000e+00,8/28,23.22%,UGT2A2;UGT2A1;AKR1C1;CYP27A1;SLC27A2;HSD3B7;ACAA1;NPC1
prerank,Postsynaptic Membrane Organization (GO:0001941),-0.26578999915151214,-0.7058488819027862,8.873995e-01,1.000000e+00,1.000000e+00,6/15,23.61%,NLGN1;NRXN1;DNAJA3;GPHN;CHRNB1;MUSK
prerank,mRNA Metabolic Process (GO:0016071),0.21958618612684855,0.705369449476937,9.239401e-01,9.939955e-01,1.000000e+00,17/83,24.59%,SLFN14;ZFP36;ZFP36L2;EREG;HSPA1B;HSPA1A;ERN1;PCBP3;RNH1;SF3A1;ANG;DCP2;AGO4;PPARGC1A;PRKACA;NUDT16;ALKBH5
prerank,Regulation Of Mitochondrion Organization (GO:0010821),-0.19845730176268483,-0.7053510166328735,9.590909e-01,1.000000e+00,1.000000e+00,2/50,2.31%,IAPP;MAPT
prerank,Gonad Development (GO:0008406),0.24543541083907217,0.7053369594407383,8.909091e-01,9.934093e-01,1.000000e+00,8/41,16.08%,GATA1;FGF9;BASP1;SRD5A2;RBMY1B;NCOA4;MAMLD1;INHBA
prerank,Negative Regulation Of Stress-Activated MAPK Cascade (GO:0032873),0.24988682259639436,0.7049502013832342,8.882682e-01,9.932043e-01,1.000000e+00,8/37,17.22%,DUSP1;PTPN22;TREM2;SIRPA;PER1;DUSP3;CYLD;FOXO1
prerank,Positive Regulation Of Telomere Maintenance (GO:0032206),-0.19348128027493686,-0.70427069545231,9.480519e-01,1.000000e+00,1.000000e+00,17/52,33.90%,NEK2;NABP2;UCHL5;PKIB;RAD50;MAPKAPK5;MRE11;NFRKB;POT1;GNL3;AURKB;ACTL6A;MAPK15;MAP3K4;INO80C;TNKS;TERF1
prerank,Negative Regulation Of TOR Signaling (GO:0032007),-0.19403804332194352,-0.7036799035062199,9.583333e-01,1.000000e+00,1.000000e+00,11/51,22.41%,PRKAA2;SH3BP4;DEPTOR;MINAR1;KICS2;RNF152;EPM2A;PDCD6;TSSK2;WDR24;MAPKAPK5
prerank,Glucose Metabolic Process (GO:0006006),0.23467426784627357,0.7031124558857215,9.134487e-01,9.945696e-01,1.000000e+00,16/54,25.42%,TKTL1;HK3;APOD;FBP1;HK2;GAA;IRS2;GALM;H6PD;PPARD;ENO3;ADPGK;PPARGC1A;PCK2;CRTC2;PGK1
prerank,Regulation Of Cell Division (GO:0051302),-0.18179174602077508,-0.7030449194335965,9.842932e-01,1.000000e+00,1.000000e+00,22/80,24.32%,GPR15LG;SFN;KIF20A;PLK1;MBIP;KIF18B;SHH;PRC1;KDF1;SUSD2;MYO19;TLE6;BLM;SMYD5;KAT2A;AURKA;ENTR1;HTR2B;MYC;RAB11FIP3;ESRRB;WDR5
prerank,Positive Regulation Of Dendritic Spine Development (GO:0060999),-0.24831898385971235,-0.7028651200692781,9.063361e-01,1.000000e+00,1.000000e+00,2/20,7.44%,CAMK2B;NLGN1
prerank,Negative Regulation Of Epidermal Growth Factor Receptor Signaling Pathway (GO:0042059),-0.24059854969798444,-0.7022178779137909,8.888889e-01,1.000000e+00,1.000000e+00,4/23,13.38%,GPRC5A;EGFR;PTPN3;ITGA1
prerank,Vesicle-Mediated Transport To The Plasma Membrane (GO:0098876),0.22304405700087598,0.7021846468341624,9.383313e-01,9.950308e-01,1.000000e+00,29/79,32.90%,DENND1C;WIPF3;EHD1;CMTM6;CCDC93;EHD4;ARL4C;STX12;EPS15;GGA1;EHD3;CCDC22;GGA2;WASHC2C;VPS35L;OSBPL5;DENND1A;VPS53;MICALL1;VTI1A;RAB11B;RAB11FIP4;RAB13;RABEP1;RAB35;GGA3;VPS39;BLTP1;WASH2P
prerank,Regulation Of DNA Methylation-Dependent Heterochromatin Formation (GO:0090308),-0.25748979609445793,-0.7008127431791228,8.969359e-01,1.000000e+00,1.000000e+00,10/16,41.86%,KDM1A;TRIM28;ATF7IP2;PPHLN1;ZNF304;MORC2;SETDB1;TASOR;TET1;DYRK1A
prerank,Neuromuscular Process (GO:0050905),0.29269650247240486,0.6997189570079626,8.338816e-01,9.971285e-01,1.000000e+00,6/16,25.82%,TPP1;TIFAB;GCH1;SHANK1;CHRNA1;CHRND
prerank,Establishment Of Protein Localization To Extracellular Region (GO:0035592),0.24049142383779126,0.6996855347917077,9.049587e-01,9.965428e-01,1.000000e+00,17/43,28.75%,PRF1;RAB8B;RAB3C;TANGO2;RAB3B;LTBP2;SEL1L;RAB8A;MTTP;CTAGE1;GSDMD;RAB3A;ARFGAP3;TVP23B;SVBP;TMEM167A;RAB13
prerank,Positive Regulation Of Cation Transmembrane Transport (GO:1904064),0.2925658387277764,0.6984252699141691,8.541997e-01,9.972502e-01,1.000000e+00,6/16,20.59%,CTSS;FLNA;KCNE1;STAC;KCNQ1;KCNN4
prerank,Regulation Of Rac Protein Signal Transduction (GO:0035020),0.2992827843578979,0.6982218187077204,8.637060e-01,9.968322e-01,1.000000e+00,5/15,22.78%,PIK3CG;GABARAP;SH3BP1;ARHGAP24;PIK3CB
prerank,Endocardial Cushion Morphogenesis (GO:0003203),0.2790939962319804,0.6972888907536364,8.659476e-01,9.972349e-01,1.000000e+00,5/20,13.32%,BMP2;ACVRL1;ENG;NOG;TGFBR2
prerank,Positive Regulation Of Stem Cell Population Maintenance (GO:1902459),-0.20436280137772675,-0.6970216270762278,9.312715e-01,1.000000e+00,1.000000e+00,39/39,79.61%,BRMS1L;SMARCA4;BRD9;BCL7A;ESRRB;SINHCAF;SF3B3;ACTL6A;HDAC2;SMARCD1;SMARCE1;SUDS3;RBBP4;BCL7C;SMARCC1;HDAC1;REST;TET1;RBBP7;OGT;SS18;BRMS1;ING1;BCL7B;DPF2;ING2;SIN3A;NCOA3;PHF10;ARID1A;SAP30L;BICRAL;SIRT6;ARID4B;BICRA;ARID4A;SMARCA2;SMARCB1;SAP30
prerank,Regulation Of Microtubule Polymerization (GO:0031113),0.2452070012133779,0.6968826548914411,9.030899e-01,9.970475e-01,1.000000e+00,3/38,7.16%,SNCA;FES;TUBB4A
prerank,Fatty Acid Beta-Oxidation (GO:0006635),-0.19332813436813046,-0.6948246848770595,9.400000e-01,1.000000e+00,1.000000e+00,20/48,37.44%,ACADL;ACOXL;ACOX2;AMACR;IVD;ACAD10;ACAT2;SLC25A17;ABCD3;PEX2;DECR2;CROT;ACAT1;EHHADH;ECHS1;AUH;ECHDC1;ADIPOQ;ACAA2;ECI1
prerank,Positive Regulation Of Myoblast Differentiation (GO:0045663),0.2457094794506834,0.6938923810182316,8.892045e-01,9.995262e-01,1.000000e+00,9/35,24.81%,RIPOR2;RBM24;MYF6;BTG1;MEF2C;DPF3;SMARCB1;SMARCA2;XKR8
prerank,Regulation Of Necroptotic Process (GO:0060544),0.282906298066577,0.6935411691701684,8.401899e-01,9.992590e-01,1.000000e+00,7/20,23.80%,RIPK3;PELI1;CYLD;CFLAR;CASP8;ARHGEF2;BIRC3
prerank,Receptor Metabolic Process (GO:0043112),-0.23632868007900765,-0.6933275743378808,8.865435e-01,1.000000e+00,1.000000e+00,5/20,18.16%,REP15;LMTK2;NSG1;SMURF1;SNX25
prerank,Myoblast Differentiation (GO:0045445),-0.24355381114711866,-0.6932448095660378,8.871951e-01,1.000000e+00,1.000000e+00,5/20,18.72%,SDC1;MAPK12;JAG1;SOX15;MYOCD
prerank,Protein Localization To Nucleus (GO:0034504),-0.1672010438879634,-0.6918705504081969,1.000000e+00,1.000000e+00,1.000000e+00,36/119,31.01%,BMP4;PLK1;KPNA7;STK3;PRICKLE1;RANBP17;RRS1;INTS13;SIX1;DVL1;NUP107;LMNB2;IPO9;RAN;RPF2;IPO5;CSE1L;IPO11;PINX1;PHB2;KPNA2;NXT2;SIX4;PEX2;XPA;HIKESHI;UTP25;NXT1;NUP133;NUP93;WRN;IPO7;TOR1AIP2;NUP155;MSX1;NUP188
prerank,Positive Regulation Of Protein Import Into Nucleus (GO:0042307),0.2627153772581126,0.6904192093906931,8.952802e-01,1.000000e+00,1.000000e+00,6/28,17.62%,IFNG;TGFB1;PRKCD;FLNA;HCLS1;PIK3R1
prerank,Mitochondrial Membrane Organization (GO:0007006),-0.21994195254917054,-0.6903555728243993,9.177215e-01,1.000000e+00,1.000000e+00,7/31,23.52%,PMAIP1;CIBAR1;MTX2;CHCHD3;MAIP1;HSPA9;MTX3
prerank,Autophagy Of Nucleus (GO:0044804),0.28142880442845863,0.6889635159686711,8.672840e-01,1.000000e+00,1.000000e+00,4/18,19.60%,ATG2A;WIPI1;ATG7;WDR45
prerank,Positive Regulation Of Wnt Signaling Pathway (GO:0030177),0.20759574823317134,0.6887133791608925,9.501779e-01,1.000000e+00,1.000000e+00,30/107,25.86%,GPC3;TLR2;TGFB1;SULF2;RSPO1;ZEB2;SFRP4;HHEX;COL1A1;BMP2;FRAT1;ATP6AP2;SULF1;ILK;LRRK2;TNFAIP3;ATP6V0C;CRBN;FGF10;LGR6;DDX3X;EGF;FAM53B;WLS;FGFR2;CDH3;SKI;CSNK1D;GPRC5B;BAMBI
prerank,Myoblast Fusion (GO:0007520),0.288673262411031,0.6885924239292139,8.744186e-01,1.000000e+00,1.000000e+00,4/16,12.81%,DOCK2;DOCK5;JAM2;CD81
prerank,Alpha-Amino Acid Catabolic Process (GO:1901606),0.2579774781510762,0.688510933464673,8.941504e-01,1.000000e+00,1.000000e+00,5/28,13.50%,IL4I1;KMO;IDO1;HPD;TAT
prerank,Neuromuscular Junction Development (GO:0007528),-0.22678940309315504,-0.6884254232092323,9.171975e-01,1.000000e+00,1.000000e+00,9/24,29.71%,UNC13A;DNAJA3;DVL1;CACNB3;GPHN;MUSK;PPFIBP1;DOK7;CACNB2
prerank,Positive Regulation Of Stress Fiber Assembly (GO:0051496),0.23960661467471894,0.6875365845421141,9.203911e-01,1.000000e+00,1.000000e+00,16/42,21.95%,CCN2;GPR65;RGCC;EVL;SORBS3;PPM1F;RHOA;TGFBR1;SYNPO2L;TPM1;ARHGEF10L;PXN;TESK1;ARHGEF15;FHOD1;PAK1
prerank,Positive Regulation Of Protein Localization To Nucleus (GO:1900182),0.22066542987178273,0.6874617325760284,9.335888e-01,1.000000e+00,1.000000e+00,13/71,19.89%,PYHIN1;LIF;IFNG;TGFB1;PRKCD;LIMK2;FLNA;SESN2;JAK1;HCLS1;PIK3R1;TESK1;TYK2
prerank,Eye Development (GO:0001654),0.22819230605084312,0.6871915581565686,9.229730e-01,1.000000e+00,1.000000e+00,14/50,24.96%,SMOC1;ADAMTS18;CHRDL1;FBN1;SCO2;EFEMP1;COL5A1;HIPK2;SIPA1L3;COL5A2;MEIS1;PBX4;HIPK1;SKI
prerank,Sensory Organ Development (GO:0007423),0.22606917471559196,0.6865773198226571,9.244505e-01,1.000000e+00,1.000000e+00,16/53,23.90%,SMOC1;MYO7A;MAFB;ADAMTS18;CHRDL1;SCO2;BHLHA15;HIPK2;ECE1;SIPA1L3;SMCHD1;BHLHE22;GATA3;MEIS1;PBX4;HIPK1
prerank,Protein Export From Nucleus (GO:0006611),0.25877052377469356,0.6862998804470462,8.870968e-01,1.000000e+00,1.000000e+00,4/26,16.12%,EGR2;TGFB1;STRADB;XPO6
prerank,Polyol Metabolic Process (GO:0019751),0.28705567972595314,0.6846478554098044,8.649518e-01,1.000000e+00,1.000000e+00,7/17,29.38%,MINPP1;IPMK;INPP4A;SYNJ1;IP6K1;INPP5J;INPP5A
prerank,Photoperiodism (GO:0009648),0.2681635719264406,0.683943816354487,8.750000e-01,1.000000e+00,1.000000e+00,12/22,39.29%,PER1;ID2;PDE6B;CRY2;BHLHE40;PER2;CRTC1;TP53;FBXL3;PPP1CA;FBXL17;PML
prerank,Cellular Response To Vascular Endothelial Growth Factor Stimulus (GO:0035924),0.2461710720529402,0.6837941386299968,8.960114e-01,1.000000e+00,1.000000e+00,8/33,15.56%,EGR3;VEGFC;MAP2K3;NR4A1;GAS1;FLT1;ERN1;MT1G
prerank,Regulation Of AMPA Receptor Activity (GO:2000311),0.2714394001586727,0.6837353428347616,8.785942e-01,1.000000e+00,1.000000e+00,6/19,21.28%,SHISA9;MEF2C;SHISA6;NLGN3;MINK1;SHANK1
prerank,Regulation Of RNA Splicing (GO:0043484),0.20648347860798988,0.6828851578142723,9.627404e-01,1.000000e+00,1.000000e+00,16/100,21.57%,BRDT;KAT2B;HSPA1A;RBM38;JMJD6;ERN1;MBNL3;QKI;CLK1;TAF10;PIK3R1;AKAP17A;MBNL1;HOXB-AS3;ATXN7;TADA3
prerank,Sphingosine Metabolic Process (GO:0006670),0.27076712502221467,0.6826328081867594,8.865672e-01,1.000000e+00,1.000000e+00,9/18,30.55%,ASAH1;NAAA;PLPP3;ACER2;GBA1;ACER3;SPHK1;PLPP1;SGPP1
prerank,Regulation Of Nucleocytoplasmic Transport (GO:0046822),0.279111940971532,0.682214013065576,8.848580e-01,9.998674e-01,1.000000e+00,4/16,22.21%,TGFB1;FRAT1;FRAT2;MX2
prerank,Negative Regulation Of Developmental Process (GO:0051093),-0.17218528939648675,-0.681829979006281,9.945355e-01,1.000000e+00,1.000000e+00,12/101,11.78%,BMP4;ELAPOR2;HOPX;WNT11;MAPT;KIAA0319;DCC;SHH;AMH;SOX9;RPS6KA6;SFRP1
prerank,Peroxisomal Membrane Transport (GO:0015919),0.27986320118949526,0.6814455655072148,8.776509e-01,9.999926e-01,1.000000e+00,2/17,8.30%,ABCD2;RAB8B
prerank,Establishment Of Protein Localization To Organelle (GO:0072594),-0.17749551247543316,-0.6812834429433235,9.895833e-01,1.000000e+00,1.000000e+00,19/82,23.01%,ZDHHC15;LRRC7;NEURL1B;RALA;KPNA7;STK3;SCRIB;PRICKLE1;RANBP17;NUP107;IPO9;RYR2;RAN;IPO5;CSE1L;IPO11;PHB2;KPNA2;NXT2
prerank,Peptidyl-Threonine Dephosphorylation (GO:0035970),0.28569611609317325,0.6800606063704933,8.663522e-01,1.000000e+00,1.000000e+00,4/17,21.71%,DUSP5;PPM1F;DUSP18;DUSP10
prerank,Protein Localization (GO:0008104),0.1857872673231385,0.6785471251203837,1.000000e+00,1.000000e+00,1.000000e+00,92/335,28.89%,FCN1;CSRP3;INSC;LAPTM5;CD74;JAM3;STX11;RAB20;MYO7A;CTSA;FOXJ1;HHEX;FBLN5;RAB32;FLNA;PHYHIP;CD177;STX4;MGAT3;EHD1;CD81;RAB6B;RAB31;ACTB;ARL11;YWHAH;STXBP2;LRRK2;PACSIN1;RAB24;STX7;WIPI1;UNC93B1;VCL;NAPA;STX2;DMD;COPZ2;DOC2B;SNX9;TIMM50;BIN3;RAB43;HEG1;USP4;FGF10;ABHD17A;RAB5C;ARL4C;STX12;GRIN3B;WDR45;GGA1;NIN;ESAM;ARHGEF2;GGA2;LAMTOR1;WLS;STX8;DRD2;USH1C;RABL2B;RABL2A;WNT5A;RAB29;RPGR;RRAGA;STX10;RAB6D;TLK1;RIC1;AP2A1;FHIP1B;ARFGAP3;ARF1;SYNRG;ITSN1;SNX6;CORO1B;ARF4;RAB1B;AKAP10;LYST;ABCD1;SNX8;STXBP3;GRPEL1;CEP128;NGFR;MFN2;IFT27
prerank,Cellular Response To Misfolded Protein (GO:0071218),-0.23707175983643344,-0.6783370093024408,9.051988e-01,1.000000e+00,1.000000e+00,19/19,76.32%,UGGT2;DERL1;AUP1;STUB1;UGGT1;RNF126;DNAJC18;CUL3;UFD1;UBE2W;TOR1A;DNAJB12;KLHL15;ATXN3;DNAJB14;BAG6;VCP;RNF5;RNF185
prerank,Regulation Of Ruffle Assembly (GO:1900027),-0.22684387165326003,-0.6778345111427245,9.235474e-01,1.000000e+00,1.000000e+00,8/24,19.13%,SH3YL1;EPS8L2;NLGN1;PFN2;CAV1;EPS8L1;TACSTD2;EPS8
prerank,Central Nervous System Neuron Differentiation (GO:0021953),0.2661233321117173,0.6769073655166414,8.863636e-01,1.000000e+00,1.000000e+00,8/23,22.28%,SPOCK1;KNDC1;MDGA1;NR4A2;OPHN1;NTRK2;ISL1;ATP7A
prerank,protein-DNA Complex Organization (GO:0071824),0.22066336376524592,0.6766364855331989,9.358151e-01,1.000000e+00,1.000000e+00,13/58,28.31%,PADI4;HMGB2;VCX;PHF1;M1AP;H1-5;SATB1;ZBTB7A;HDAC5;TCF4;USP36;FAM50A;HDAC10
prerank,Histone mRNA Metabolic Process (GO:0008334),-0.22884690241335742,-0.6764269210932733,8.910891e-01,1.000000e+00,1.000000e+00,9/23,31.54%,ZNF473;LSM11;SSB;CPSF3;EXOSC4;NCBP1;MBLAC1;TUT1;LSM1
prerank,Diol Biosynthetic Process (GO:0034312),-0.24855198653147953,-0.6749156216339506,9.010989e-01,1.000000e+00,1.000000e+00,4/16,16.19%,SPTSSA;SPTSSB;ASAH2;SPR
prerank,Negative Regulation Of Organelle Assembly (GO:1902116),0.24614406212555884,0.6733544403750577,9.178273e-01,1.000000e+00,1.000000e+00,9/34,27.44%,NUPR1;KAT2B;LIMK2;LRRK2;TESK1;SMCR8;PHF23;PINK1;MTM1
prerank,rRNA Catabolic Process (GO:0016075),0.271067386336959,0.6733420684823493,8.785185e-01,1.000000e+00,1.000000e+00,1/19,2.32%,SLFN14
prerank,Positive Regulation Of Telomere Capping (GO:1904355),-0.24844824611004832,-0.6728479548540353,9.250000e-01,1.000000e+00,1.000000e+00,7/16,33.65%,NEK2;NABP2;PKIB;MAPKAPK5;MAPK15;MAP3K4;TNKS
prerank,Regulation Of Supramolecular Fiber Organization (GO:1902903),0.26226082657144056,0.6726689691381251,8.772455e-01,1.000000e+00,1.000000e+00,4/23,15.59%,MAP1A;APOE;GPX1;EFEMP2
prerank,Mitochondrion Organization (GO:0007005),-0.15656975660840172,-0.6716142478092919,1.000000e+00,1.000000e+00,1.000000e+00,45/157,27.26%,SIRT4;BIK;CAV2;CXADR;PNPT1;ATAD3C;RAB38;MTFR1;DNAJA3;GDAP1;TERT;TIMM8B;ATP23;ATAD3B;DNAJC19;ATAD3A;HSPD1;MTFR2;CHCHD2;AIFM2;TIMM13;TOMM70;LETMD1;NIPSNAP2;MTX2;TOMM40;CHCHD3;RCC1L;PHB2;SLC25A33;FMC1;TOMM20;NUBPL;PTCD2;MSTO1;MTX3;CLUH;MGME1;MYH7B;BCS1L;NOA1;AFG1L;HIGD1C;COX7A2;PARP1
prerank,Glial Cell Differentiation (GO:0010001),0.2490336649036378,0.6714493053954798,9.096296e-01,1.000000e+00,1.000000e+00,4/28,8.48%,EGR2;VCAN;HAPLN1;SLC8A3
prerank,Positive Regulation Of Exocytosis (GO:0045921),0.24083998507700058,0.6712744701213734,9.284712e-01,1.000000e+00,1.000000e+00,3/37,8.99%,SNCA;IFNG;SDCBP
prerank,Regulation Of Intracellular Transport (GO:0032386),0.23888685788425526,0.6706657372005244,9.400856e-01,1.000000e+00,1.000000e+00,10/37,23.88%,LCP1;MYLK2;MYBPC3;GAS1;LRRK2;GRIPAP1;NDEL1;CRYAB;MX2;LAMP1
prerank,Stem Cell Differentiation (GO:0048863),0.2298783667112167,0.669121737703206,9.244755e-01,1.000000e+00,1.000000e+00,10/39,19.74%,PTPRC;SP7;MEOX1;JARID2;FOXO4;BATF;MEF2C;HOXB4;OXSR1;OTUD5
prerank,Regulation Of Steroid Metabolic Process (GO:0019218),-0.23523276877502414,-0.6690863973519481,9.257143e-01,1.000000e+00,1.000000e+00,4/19,14.88%,ACADL;FMO5;EPHX2;GUCY2C
prerank,Positive Regulation Of Protein Modification By Small Protein Conjugation Or Removal (GO:1903322),0.21249074841619478,0.6689465730146434,9.698113e-01,1.000000e+00,1.000000e+00,26/78,29.37%,KLHL40;LAPTM5;FAM107A;LRRK2;UBB;DCUN1D3;BIRC7;TNIP1;SMAD7;UBE2D1;PTTG1IP;UBE2L3;ZC3H12A;BIRC3;RCHY1;NSMCE3;PHF23;FBXW7;PINK1;HDAC4;WFS1;PIAS1;FKBP1A;TANK;SPHK1;FBXO33
prerank,Peptidyl-Proline Modification (GO:0018208),-0.21717784710460772,-0.6689186386453871,9.209040e-01,1.000000e+00,1.000000e+00,7/27,28.47%,PPIAL4H;FKBP1B;PPIL1;PPIA;P3H2;PPIH;OGFOD1
prerank,Pharyngeal System Development (GO:0060037),0.2824631832884665,0.6688019927252641,8.659306e-01,1.000000e+00,1.000000e+00,5/15,21.66%,NKX2-5;NOG;TGFBR1;GATA3;ISL1
prerank,Positive Regulation Of Mitotic Nuclear Division (GO:0045840),0.2415621834070544,0.6678633920478817,9.177305e-01,1.000000e+00,1.000000e+00,5/33,12.37%,CD28;IL1B;RGCC;EREG;DMRT1
prerank,Regulation Of Microtubule Cytoskeleton Organization (GO:0070507),0.2332885758660865,0.6673744407236376,9.308357e-01,1.000000e+00,1.000000e+00,7/37,16.59%,FRMPD2;STMND1;MAP6;FAM107A;GAS2L2;MAPRE2;CYLD
prerank,Nuclear Export (GO:0051168),0.2270647572511465,0.6657400309455358,9.220430e-01,1.000000e+00,1.000000e+00,6/46,16.12%,EGR2;TGFB1;ANKLE1;STRADB;ATXN1;XPO6
prerank,Regulation Of Proteolysis Involved In Protein Catabolic Process (GO:1903050),0.2617532740427509,0.6652587092468119,9.096386e-01,1.000000e+00,1.000000e+00,11/24,31.40%,PTK2B;GPX1;CTSC;UBB;PRKACA;GBA1;PINK1;PSME1;TMF1;NUB1;PSME2
prerank,Regulation Of Nucleotide-Excision Repair (GO:2000819),-0.21700434147961137,-0.6642962930148902,9.397590e-01,1.000000e+00,1.000000e+00,10/25,32.64%,BRD7;SMARCA4;SMARCD2;BCL7A;ARID2;ERCC8;RAD52;ACTL6A;SMARCD1;SMARCE1
prerank,Cellular Response To UV (GO:0034644),0.20847840797387454,0.6616304201345902,9.619772e-01,1.000000e+00,1.000000e+00,21/77,28.91%,TIMP1;MMP9;NLRP1;PRKCD;MFAP4;MMP3;BMF;SMPD1;CDKN1A;MMP2;RHBDD1;MME;XPC;NSMCE3;RBX1;BAK1;SDE2;AQP1;CASP9;N4BP1;MAPK14
prerank,Negative Regulation Of Intrinsic Apoptotic Signaling Pathway By P53 Class Mediator (GO:1902254),-0.24147886517367745,-0.6610523774690985,9.262295e-01,1.000000e+00,1.000000e+00,3/16,11.17%,ARMC10;KDM1A;MUC1
prerank,Purine Ribonucleotide Catabolic Process (GO:0009154),0.25492558413969624,0.6600182605297409,8.962264e-01,1.000000e+00,1.000000e+00,3/24,11.03%,PNP;PDE2A;AMPD3
prerank,Regulation Of Transcription Elongation By RNA Polymerase II (GO:0034243),-0.17101280365980925,-0.6591140568401519,9.951456e-01,1.000000e+00,1.000000e+00,25/77,32.94%,INTS7;ELL3;WDR43;INTS13;INTS8;MED30;BTBD18;INTS1;RECQL5;MED10;INTS2;ZMYND8;MED27;NCBP1;RNF8;INTS14;PARP1;MED19;NELFB;PWWP2A;INTS10;MED21;INTS5;CDK13;TCERG1
prerank,Regulation Of Mitochondrial Fission (GO:0090140),-0.21251145596746754,-0.6582860358501,9.548387e-01,1.000000e+00,1.000000e+00,4/26,14.10%,MAPT;RALA;PGAM5;MYO19
prerank,Protein Peptidyl-Prolyl Isomerization (GO:0000413),-0.22567736482787798,-0.6578259887236058,9.269663e-01,1.000000e+00,1.000000e+00,4/22,19.59%,PPIAL4H;FKBP1B;PPIL1;PPIA
prerank,Regulation Of Protein Deacetylation (GO:0090311),0.2708234964587021,0.6565750806056515,8.988581e-01,1.000000e+00,1.000000e+00,2/18,11.32%,IFNG;KAT2B
prerank,Intracellular Cholesterol Transport (GO:0032367),0.2708485752365852,0.655254847169957,9.096573e-01,1.000000e+00,1.000000e+00,5/16,18.39%,PIP4K2A;TSPO2;ABCG1;NPC2;LDLRAP1
prerank,Endoplasmic Reticulum Tubular Network Organization (GO:0071786),-0.2441666820901269,-0.654832895817848,9.318801e-01,1.000000e+00,1.000000e+00,5/16,21.97%,REEP1;ATL1;ATL2;REEP3;RAB10
prerank,Cellular Response To Steroid Hormone Stimulus (GO:0071383),0.25082267330027724,0.6543864182310275,9.314286e-01,1.000000e+00,1.000000e+00,9/23,24.33%,HSPA1B;HSPA1A;ATP1A2;MAPK1;MGARP;AKR1B1;ZDHHC7;UBE2L3;NR3C1
prerank,Cyclic Nucleotide Biosynthetic Process (GO:0009190),-0.24524003543666195,-0.6528091558254596,9.071618e-01,1.000000e+00,1.000000e+00,4/16,20.47%,ADCY8;GUCY2C;ADCY2;ADCY5
prerank,Positive Regulation Of Cardiac Muscle Hypertrophy (GO:0010613),0.2705400442460013,0.6523522053810075,9.133127e-01,1.000000e+00,1.000000e+00,3/16,18.85%,NR4A3;MTPN;IL6ST
prerank,Protein Monoubiquitination (GO:0006513),-0.1802443230667211,-0.6511836101118716,9.814815e-01,1.000000e+00,1.000000e+00,20/47,37.52%,UHRF1;UBE2T;FANCC;FANCA;UBE3D;FANCL;FANCB;TRIM37;ZNF598;RAD18;PEX2;RAG1;FAAP100;FANCG;OBI1;FANCF;TRIM41;STUB1;FANCE;MARCHF7
prerank,Pyruvate Metabolic Process (GO:0006090),0.2223600951458286,0.6489730467725149,9.528796e-01,1.000000e+00,1.000000e+00,5/47,13.08%,PKLR;HK3;NR4A3;SDS;HK2
prerank,RNA Destabilization (GO:0050779),0.26363043680502024,0.6481667270380316,9.210526e-01,1.000000e+00,1.000000e+00,1/18,7.08%,RBM24
prerank,Cellular Response To Hexose Stimulus (GO:0071331),0.2558881436036108,0.6471138497212399,9.132420e-01,1.000000e+00,1.000000e+00,9/22,28.68%,SLC2A5;ERN1;XBP1;GAS6;UCP2;PRKACA;PCK2;SLC39A14;ZBTB20
prerank,ncRNA Catabolic Process (GO:0034661),0.23678158284776812,0.6470051305391955,9.246088e-01,1.000000e+00,1.000000e+00,10/31,30.44%,SLFN14;ERN2;ZC3H12A;NUDT16;DEDD2;SLFN12;XRN1;WDR82;SLFN13;TRIR
prerank,DNA-templated Transcription (GO:0006351),-0.14893577423544102,-0.6469804719590547,1.000000e+00,1.000000e+00,1.000000e+00,67/192,35.42%,NKX2-1;TRIP13;LHX1;HSF2BP;SCX;NAT14;TCEA3;ELL3;YBX2;MNAT1;POLR3G;PIR;POLR2K;TAF1A;GARS1;GTF3C4;TAF6;GTF2H3;MRPL12;SUPT16H;MTERF3;GTF2A2;PPP5C;TWNK;E2F1;POLR3K;NFE2L3;MTERF1;SLC25A33;TRIM24;TEFM;POLR2D;GTF2F2;GTF3C5;DEK;TFAM;GTF3C3;GCM2;TFDP1;HSF1;POLR1C;PARP1;NKX2-8;TAF1B;THAP1;PKNOX1;PWP1;TAF7;GTF3A;ELOA2;TFB2M;CDK7;POLR2B;SOX5;TCFL5;GTF3C2;ETV1;TCEA1;GTF2H4;GTF2E2;GTF3C6;TRIP11;GTF2E1;TAF5;POLR2C;CCNT2;SMN1
prerank,Regulation Of Myotube Differentiation (GO:0010830),0.2536615973811488,0.6465197601638234,9.018405e-01,1.000000e+00,1.000000e+00,5/22,15.44%,NKX2-5;RBM24;TMEM119;XBP1;BHLHA15
prerank,Sulfur Compound Transport (GO:0072348),-0.22632646493775882,-0.6458747263080614,9.287671e-01,1.000000e+00,1.000000e+00,8/20,25.08%,SLC19A3;RACGAP1;SLC25A10;SLC19A2;SLC22A1;SLC35F3;SLC26A7;SLC13A4
prerank,Notch Signaling Pathway (GO:0007219),-0.19206146222975337,-0.6455238234807177,9.706840e-01,1.000000e+00,1.000000e+00,15/39,31.69%,ASCL1;SUSD5;DTX4;JAG1;NOTCH4;DLL4;HES1;HEYL;MIB1;TRAF7;NOTCH3;NRARP;POFUT1;NLE1;SORBS2
prerank,Negative Regulation Of Protein Kinase B Signaling (GO:0051898),0.23050316814667435,0.645269441850114,9.371585e-01,1.000000e+00,1.000000e+00,9/33,23.04%,ARRB2;HLA-G;PTPRJ;SH2B3;INPP5K;PTEN;FLCN;PIK3CB;DRD2
prerank,Positive Regulation Of Cyclin-Dependent Protein Kinase Activity (GO:1904031),0.26549301457003305,0.6450909764157281,9.129771e-01,1.000000e+00,1.000000e+00,5/18,20.93%,RGCC;CCND3;CCND2;STOX1;PKD2
prerank,Positive Regulation Of Growth (GO:0045927),-0.16918735727279519,-0.6448821821487823,9.950495e-01,1.000000e+00,1.000000e+00,10/76,12.76%,AGR2;HPN;EGFR;CSH2;PLCB1;LGI1;HYAL1;SFRP1;TEAD1;AKAP6
prerank,Protein Deacylation (GO:0035601),-0.22318629993970832,-0.6448783155887662,9.478261e-01,1.000000e+00,1.000000e+00,3/20,14.04%,ABHD17C;HDAC9;LYPLA1
prerank,Regulation Of Developmental Growth (GO:0048638),0.23662849077447334,0.6447746578237417,9.147399e-01,1.000000e+00,1.000000e+00,5/28,15.18%,LEP;APOE;STAT5A;STAT5B;LATS2
prerank,Regulation Of Protein Sumoylation (GO:0033233),0.27086432744509903,0.6446919007104949,9.140625e-01,1.000000e+00,1.000000e+00,4/16,27.06%,EGR1;ZMIZ1;HDAC4;PIAS1
prerank,Positive Regulation Of Cyclin-Dependent Protein Serine/Threonine Kinase Activity (GO:0045737),0.2721718120758909,0.6437277288511674,8.981481e-01,1.000000e+00,1.000000e+00,3/15,13.05%,RGCC;CCND3;CCND2
prerank,Regulation Of Glucose Metabolic Process (GO:0010906),0.23550879817375345,0.6430138578399672,9.230769e-01,1.000000e+00,1.000000e+00,7/28,19.24%,FBP1;IRS2;AKT2;ADIPOR1;BCKDK;PDK4;PDK2
prerank,Regulation Of Organelle Assembly (GO:1902115),0.20316787675457665,0.6417534690767036,9.798489e-01,1.000000e+00,1.000000e+00,30/74,33.59%,HCK;TBC1D10C;CEP295NL;TBC1D17;TBC1D14;CYLD;MTMR3;MSN;TBC1D22A;FUZ;TBC1D10A;TBC1D10B;TBC1D1;PIKFYVE;TBC1D2;ODAD3;PDCD6IP;EZR;TBC1D2B;RAB1B;TBC1D15;NF2;STAM;VPS11;EVI5;TBC1D5;TBC1D20;KIF9;IFT88;TBC1D13
prerank,Protein Deubiquitination (GO:0016579),-0.15818054759386974,-0.6417235006447481,1.000000e+00,1.000000e+00,1.000000e+00,30/103,27.56%,USP17L21;DEPDC1B;USP17L3;USP13;USP44;CDK1;USP5;USP40;UCHL5;USP18;USP45;STAMBP;SHMT2;SENP8;USP17L13;USP1;UCHL3;OTUD7B;USP46;USP28;USP17L8;USP17L1;OTUD6B;USP17L4;USP17L17;USP34;ENY2;OTUD3;USP31;PSMD14
prerank,Regulation Of Neuron Differentiation (GO:0045664),0.20219999069754163,0.6400998355447737,9.671302e-01,1.000000e+00,1.000000e+00,16/69,22.42%,NTF3;NKX2-5;MMD;BMP2;FGFR1;ID2;YWHAH;LRRK2;MEF2C;ZEB1;RHOA;BIN1;GDPD5;KCTD11;ARHGEF2;NBL1
prerank,Late Endosome To Vacuole Transport (GO:0045324),0.2622219674419956,0.6388624167214845,9.200627e-01,1.000000e+00,1.000000e+00,7/18,27.52%,TMEM50A;LEPROTL1;CHMP4A;CHMP1B;LEPROT;TMEM50B;CHMP5
prerank,Regulation Of Autophagy Of Mitochondrion (GO:1903146),0.26201152852817217,0.6380786347168718,8.892261e-01,1.000000e+00,1.000000e+00,8/19,35.15%,FKBP8;FBXO7;FBXW7;PINK1;USP36;HDAC6;HTT;GSK3A
prerank,Import Into Nucleus (GO:0051170),-0.16798972603310827,-0.6376389813854674,9.954338e-01,1.000000e+00,1.000000e+00,35/71,41.55%,KPNA7;STK3;PRICKLE1;RANBP17;NUP107;IPO9;RAN;IPO5;CSE1L;IPO11;PHB2;KPNA2;NXT2;HTATIP2;HIKESHI;NXT1;NUP133;NUP93;IPO7;HNRNPA1;NUP155;NUP188;NUP85;NUTF2;RANBP6;NUP88;SNUPN;TSC2;RPAIN;TPR;IPO4;POM121C;NUP214;KPNB1;POM121
prerank,Positive Regulation Of Mitochondrion Organization (GO:0010822),0.21107142227234632,0.6375043796589299,9.567430e-01,1.000000e+00,1.000000e+00,11/57,19.13%,PLAUR;MMP9;TREM2;DCN;BMF;FBXO7;PPIF;PYCARD;MGARP;BCL2L11;BBC3
prerank,Phosphatidic Acid Biosynthetic Process (GO:0006654),-0.20019759959213365,-0.6373614564401797,9.550898e-01,1.000000e+00,1.000000e+00,10/29,24.76%,LIPI;PNPLA3;LPCAT1;LCLAT1;ACP6;AGPAT5;DGKH;AGPAT2;GPAM;DGKB
prerank,Negative Regulation Of Protein Ubiquitination (GO:0031397),0.21117377247523375,0.6373209277636944,9.686684e-01,1.000000e+00,1.000000e+00,9/53,18.26%,KLHL40;ARRB2;ARRB1;IVNS1ABP;HSPA1B;HSPA1A;TNFAIP3;SMAD7;USP4
prerank,Regulation Of Cell Cycle G1/S Phase Transition (GO:1902806),0.2017344278225058,0.637282725212213,9.762797e-01,1.000000e+00,1.000000e+00,18/70,24.73%,CDKN2D;PTPN6;DPF1;ID2;APBB1;MN1;CDKN1A;GLI1;PLCG2;TCIM;DPF3;PTEN;SMARCB1;CDKN1B;PLK5;CCNH;SMARCA2;FBXW7
prerank,Positive Regulation Of Nitric-Oxide Synthase Activity (GO:0051000),0.26514305430230883,0.6371534887365811,8.993808e-01,1.000000e+00,1.000000e+00,5/15,22.78%,TNF;APOE;FCER2;GCH1;PIK3CB
prerank,Multivesicular Body Organization (GO:0036257),-0.19998004191198485,-0.6366544881381648,9.661017e-01,1.000000e+00,1.000000e+00,30/30,80.04%,CHMP4C;CHMP3;VPS37D;SNF8;VPS36;VPS25;HGS;VPS4B;CHMP6;CHMP2B;VPS37A;VTA1;CHMP7;MVB12A;VPS28;VPS37B;VPS4A;STAM2;TSG101;CHMP2A;VPS37C;IST1;STAM;RAB11A;CHMP5;PDCD6IP;CHMP1B;CHMP4A;RAB27A;UBAP1
prerank,Regulation Of Potassium Ion Transmembrane Transport (GO:1901379),0.23837056691882813,0.6363018305378408,9.340029e-01,1.000000e+00,1.000000e+00,11/29,28.15%,KCNAB2;FHL1;FLNA;KCNE1;KCNQ1;BIN1;KCNN4;CD63;KCNAB3;WWP2;CAB39
prerank,Protein Localization To Microtubule Organizing Center (GO:1905508),-0.2395481257357861,-0.6359676784428987,9.241192e-01,1.000000e+00,1.000000e+00,4/15,24.95%,CCDC14;SPAG5;STIL;CEP192
prerank,Negative Regulation Of Ras Protein Signal Transduction (GO:0046580),0.2292490269974696,0.6357365431233415,9.676946e-01,1.000000e+00,1.000000e+00,7/34,20.73%,RIPOR2;RASAL3;FBP1;HEG1;ARHGAP24;FLCN;RASIP1
prerank,Regulation Of Protein Ubiquitination (GO:0031396),0.1889334129872202,0.6352405721435542,9.871944e-01,1.000000e+00,1.000000e+00,31/111,28.66%,KLHL40;ARRB2;LAPTM5;ARRB1;IVNS1ABP;HSPA1B;FAM107A;HSPA1A;LRRK2;UBB;TNFAIP3;BIRC7;TGFBR1;SMAD7;USP4;UBE2D1;PRKCG;PTTG1IP;UBE2L3;BIRC3;RCHY1;NSMCE3;PHF23;FBXW7;PINK1;WFS1;FKBP1A;SVBP;NXN;SPHK1;N4BP1
prerank,Early Endosome To Late Endosome Transport (GO:0045022),-0.2128920857220566,-0.6347654827679626,9.400545e-01,1.000000e+00,1.000000e+00,3/24,10.83%,EMP2;LMTK2;HOOK1
prerank,mRNA Export From Nucleus (GO:0006406),-0.17250132025518364,-0.6346085106172249,9.792531e-01,1.000000e+00,1.000000e+00,30/60,41.69%,MAGOHB;THOC3;XPO1;PCID2;NUP107;RBM8A;NXT2;NUP160;NCBP1;ENY2;SMG5;NXT1;NUP133;NUP93;CHTOP;FYTTD1;DDX39A;THOC7;NUP85;FMR1;SMG1;NUP88;ALYREF;TPR;SMG7;THOC6;THOC1;NUP214;NCBP2;EIF4A3
prerank,Regulation Of Nucleic Acid-Templated Transcription (GO:1903506),0.17103580419292216,0.6345416822098241,1.000000e+00,1.000000e+00,1.000000e+00,89/426,24.95%,KLF1;BRDT;ZNF280B;SPI1;CEBPB;AIRE;NFATC2;MAFB;ATF5;RUNX3;LYL1;KLRG1;ESR1;ZNF280A;CREM;SNAI1;BMP2;ACVRL1;NKX6-2;ENG;KAT2B;APBB1;SERTAD3;ZNF114;NFKB2;SOX6;SOX17;FOXO4;FOXP3;ZMIZ1;RHOH;SNAI3;APBB3;CREBL2;TFEB;TRIM22;MITF;BTG1;IFNK;RYBP;PHF1;GZF1;HCLS1;CEBPA;SKOR1;EFEMP1;TAF10;MEF2C;ZBTB4;FZD7;PRDM8;ZNF257;ZBED1;AKAP17A;IRF2;FOXN3;ZNF876P;TGFBR1;MSL3;POU5F1;ZNF703;ZNF723;PITX3;RFX3;ZNF98;ZNF395;SAP30;RORB;LMX1B;ZIM2;ZBTB38;TADA3;PRRX2;UBE2L3;PPARGC1A;DNM2;HIC1;PRKCQ;JMJD1C;CRABP2;NR3C1;NOTCH1;TCF7;SMARCA2;SUFU;SSBP2;ASCC2;DENND4A;ATXN1L
prerank,Multivesicular Body Assembly (GO:0036258),-0.1999700643616225,-0.634328411002948,9.621993e-01,1.000000e+00,1.000000e+00,29/29,80.04%,CHMP4C;CHMP3;VPS37D;SNF8;VPS36;VPS25;HGS;VPS4B;CHMP6;CHMP2B;VPS37A;VTA1;CHMP7;MVB12A;VPS28;VPS37B;VPS4A;STAM2;TSG101;CHMP2A;VPS37C;IST1;STAM;RAB11A;CHMP5;PDCD6IP;CHMP1B;CHMP4A;UBAP1
prerank,Negative Regulation Of Developmental Growth (GO:0048640),-0.20305301937280756,-0.6340989187445032,9.662162e-01,1.000000e+00,1.000000e+00,8/29,22.90%,KIAA0319;DCC;MSTN;MAP2;WWC1;FGFR3;GDF15;FGF13
prerank,Protein Modification By Small Protein Conjugation (GO:0032446),-0.13577794144459135,-0.6338340210978292,1.000000e+00,1.000000e+00,1.000000e+00,57/340,20.03%,RNF212;RNF223;BSPRY;MKRN3;SPSB4;ASB12;SH3RF2;RNF225;PLK1;UBE2C;STX1A;RNF212B;TRIM44;RNF157;HDAC9;TRIM15;LMO7;TRIM7;KLHL25;TRAIP;BRCA1;NEDD4L;ISG15;MARVELD3;USP5;UBE2V2;TRIM48;CCNF;RNF43;DTX4;FBXO45;RNF183;RNF152;NAE1;HERC6;GAN;HERC2P3;RNF144A;EIPR1;FBXO4;SMURF1;TRIM28;DCUN1D2;EID3;SUMO1;RNF139;CAND1;KLHL7;COPS6;CBLC;UCHL3;NSMCE2;ANAPC7;UBE2D4;FBXW8;RANGAP1;CUL4A
prerank,Regulation Of Cholesterol Metabolic Process (GO:0090181),0.252677428988635,0.633251816567265,9.180835e-01,1.000000e+00,1.000000e+00,4/20,18.39%,SH2D2A;APOE;ABCG1;LDLRAP1
prerank,Negative Regulation Of Plasma Membrane Bounded Cell Projection Assembly (GO:0120033),0.23215144540645716,0.6328956307306388,9.377713e-01,1.000000e+00,1.000000e+00,12/29,28.82%,PRKCD;LIMK2;CCL21;EVL;ARHGAP24;TESK1;CAPZB;SLIT2;SRGAP2C;NRG1;UXT;KANK1
prerank,Postreplication Repair (GO:0006301),-0.21900933696442046,-0.6320742481684907,9.303030e-01,1.000000e+00,1.000000e+00,9/21,33.83%,PCLAF;MSH2;UBE2V2;SPRTN;RAD18;PCNA;UBE2N;POLI;WDR33
prerank,Endoplasmic Reticulum Organization (GO:0007029),-0.17609739834182545,-0.6316405386024095,9.957806e-01,1.000000e+00,1.000000e+00,15/54,30.07%,CAV2;REEP1;TRAM1L1;GET4;SPTSSB;REEP6;ATL2;REEP3;RAB10;VAPB;BNIP1;SMPD4;SHTN1;TOR1AIP2;MAPK15
prerank,Regulation Of Vascular Endothelial Growth Factor Signaling Pathway (GO:1900746),0.2575706458842051,0.6291038182670299,9.185520e-01,1.000000e+00,1.000000e+00,10/19,30.78%,IL12B;DCN;SMOC2;TNXB;PIK3CB;CD63;IL12A;NRG1;DLL1;VEGFA
prerank,Golgi To Endosome Transport (GO:0006895),0.2632835321166149,0.6276700473821194,9.094955e-01,1.000000e+00,1.000000e+00,5/15,30.81%,CORO7;WIPI1;EPS15;AP2A1;SYS1
prerank,Positive Regulation Of Cell Cycle (GO:0045787),0.20476132362477273,0.6268628966891924,9.773333e-01,1.000000e+00,1.000000e+00,19/64,25.64%,TAL1;LGMN;RGCC;NUPR1;CCND3;CCND2;RARA;DUSP3;TRIM21;CCPG1;MAGEA4;SMOC2;TBX3;PKD2;FGFR2;NUDT16;EIF4E;CITED2;MARK4
prerank,Response To UV (GO:0009411),0.19149601014834974,0.6265396587823553,9.867150e-01,1.000000e+00,1.000000e+00,11/100,14.45%,ELANE;TNFSF13B;CDKN2D;PRKCD;MFAP4;GPX1;CAT;IL12B;BCL3;BMF;SMPD1
prerank,Regulation Of Postsynapse Organization (GO:0099175),0.23807035945819746,0.6258424865735147,9.256560e-01,1.000000e+00,1.000000e+00,5/25,15.91%,FCGR2B;ABI3;SIPA1L1;LRRK2;PPFIA2
prerank,Nuclear Envelope Organization (GO:0006998),-0.2205435053602593,-0.6254741968613858,9.515670e-01,1.000000e+00,1.000000e+00,17/17,77.97%,NEMP1;LMNB2;REEP3;NUP93;NUP155;REEP4;LMNB1;TMEM170A;LEMD2;VPS4A;LMNA;TOR1A;DMPK;TOR1AIP1;TMEM43;EMD;TOR1B
prerank,Histone Modification (GO:0016570),-0.1595406248754627,-0.6251695171224304,9.901478e-01,1.000000e+00,1.000000e+00,2/80,1.24%,TBL1Y;SIRT4
prerank,Positive Regulation Of Intrinsic Apoptotic Signaling Pathway (GO:2001244),0.21787252934766344,0.6240593841082318,9.600000e-01,1.000000e+00,1.000000e+00,7/38,19.13%,VNN1;LCK;NUPR1;UBB;PLEKHF1;BCL2L11;BBC3
prerank,Regulation Of Cell Communication (GO:0010646),0.21275671868167828,0.6238812427488839,9.749009e-01,1.000000e+00,1.000000e+00,14/46,23.77%,TRDN;CASQ2;TYMP;HCN4;LTBP1;GRK6;TSPYL2;CDC42SE2;HCN1;SLC8A1;GRK5;GRK7;IGFBP7;UGCG
prerank,Rescue Of Stalled Ribosome (GO:0072344),-0.20728319537667997,-0.6232295124589121,9.556213e-01,1.000000e+00,1.000000e+00,11/23,38.28%,MTRFR;GCN1;SKIC8;ZNF598;KLHDC10;MTRES1;RACK1;ASCC3;SKIC3;LTN1;PELO
prerank,Membrane Organization (GO:0061024),0.18048037403897377,0.6213904130879605,9.955899e-01,1.000000e+00,1.000000e+00,45/158,30.04%,CR1;TRDN;STX11;OTOF;GLTPD2;GCA;MYADM;SYNGR1;FCHO2;LPCAT2;NAPA;PICALM;TIMM50;CORO1C;PIP5K1C;SNAP23;BIN1;PPT1;GRIN3B;VAMP2;VAMP3;UBAP1;SNAP29;DCSTAMP;RIMS1;TOR1B;SYNJ1;DNM2;EMD;NPC1;CERT1;UBXN2B;CHMP4A;CHMP1B;AAK1;PDCD6IP;CHMP5;TMEM43;MFN2;SYNGR2;CCDC88A;RABEP1;STAM;CLN3;PLAAT3
prerank,Positive Regulation Of Heart Contraction (GO:0045823),0.2526843823504646,0.6212651905175258,9.281437e-01,1.000000e+00,1.000000e+00,6/19,22.95%,NKX2-5;ATP1A2;HRC;RGS2;KCNQ1;APLN
prerank,Membrane Fission (GO:0090148),-0.18278925826095638,-0.6200877871860825,9.760956e-01,1.000000e+00,1.000000e+00,38/38,81.76%,CHMP4C;CHMP3;VPS37D;EXOC6B;SPAST;SNF8;DNM1L;EXOC5;VPS36;VPS25;HGS;EXOC4;TMCC1;VPS4B;CHMP6;CHMP2B;EXOC2;VPS37A;CHMP7;MVB12A;VPS28;VPS37B;VPS4A;EXOC6;EXOC7;STAM2;EXOC8;EXOC3;TSG101;SH3GLB1;CHMP2A;VPS37C;STAM;CHMP5;CHMP1B;CHMP4A;UBAP1;CORO1C
prerank,Regulation Of Transferase Activity (GO:0051338),0.24439500412767934,0.6192892549282206,9.270833e-01,1.000000e+00,1.000000e+00,3/20,13.00%,SLAMF8;KAT2B;NLRC5
prerank,Protein Quality Control For Misfolded Or Incompletely Synthesized Proteins (GO:0006515),0.23014322708583784,0.6191045200130447,9.421129e-01,1.000000e+00,1.000000e+00,26/27,67.44%,NGLY1;RNF185;RNF5;VCP;HDAC6;ZER1;BAG6;ATXN3;KLHL15;ANKZF1;TOR1A;FBXL17;YME1L1;CLPP;UBE2W;UFD1;CUL3;LONP1;PEX12;ZYG11B;UGGT1;STUB1;OMA1;PEX10;AUP1;DERL1
prerank,Protein Neddylation (GO:0045116),-0.20931571819501243,-0.6178255911401529,9.518072e-01,1.000000e+00,1.000000e+00,9/21,38.26%,NAE1;DCUN1D2;COPS6;COPS7A;COPS5;COPS8;UBE2M;COPS7B;DCUN1D1
prerank,Regulation Of rRNA Processing (GO:2000232),-0.23498025528473862,-0.6176470030002258,9.457143e-01,1.000000e+00,1.000000e+00,9/15,38.92%,WDR43;WDR75;RIOK1;HEATR1;METTL18;RIOK2;UTP15;YTHDF2;TRMT112
prerank,Hexose Biosynthetic Process (GO:0019319),-0.191014538104611,-0.6158780658677342,9.770492e-01,1.000000e+00,1.000000e+00,8/32,22.98%,SORD;KRT17;SLC25A10;SLC25A13;ENO2;MDH2;POLR2D;PCK1
prerank,G1/S Transition Of Mitotic Cell Cycle (GO:0000082),0.20095362251083815,0.6155982643942779,9.747004e-01,1.000000e+00,1.000000e+00,9/61,15.71%,PIM2;GFI1;PLK3;CCND3;BCAT1;GPR132;CCND2;LATS2;CDKN1A
prerank,Regulation Of Triglyceride Biosynthetic Process (GO:0010866),0.2606128643838028,0.6154445088530569,9.399076e-01,1.000000e+00,1.000000e+00,6/16,26.08%,NR1H3;SLC27A1;CNEP1R1;NR1H2;FBXW7;PLIN5
prerank,Regulation Of G0 To G1 Transition (GO:0070316),-0.1894017540589833,-0.6148153925247716,9.789157e-01,1.000000e+00,1.000000e+00,9/31,25.17%,CHEK1;BRD7;CDKN2B;SMARCA4;SOX15;SMARCD2;BCL7A;ARID2;RRM1
prerank,Negative Regulation Of Nucleic Acid-Templated Transcription (GO:1903507),0.1656740250545802,0.6123928770157984,1.000000e+00,1.000000e+00,1.000000e+00,98/432,25.90%,SPI1;ZMYND15;IFNG;TBX21;CD38;IKZF1;BASP1;TNF;TGFB1;ARID5A;GFI1;NKX2-5;CALCA;PRAME;ATF5;CIITA;CBFA2T3;HHEX;BMP2;IRF1;LIMS1;TSHZ3;EID2;NKX6-2;PER1;EREG;DKK3;ID2;SBNO2;LOXL2;DPEP1;PPARG;RBPJ;FOXP3;BCL3;EID2B;ERN2;RARA;TNFSF4;TWIST2;PBXIP1;PPM1F;HMGB2;BEND5;TNFRSF4;ATXN1;MAP3K10;GZF1;CEBPA;FOXL2;ZBTB4;ZEB1;GAS6;INPP5K;BCL6;FOXO1;SPACDR;FOXN3;MECP2;JUN;ID3;SOX18;ZNF703;BHLHE41;RFX3;PPARD;CDKN1C;ZNF568;RORB;TBX3;UIMC1;GATA3;SIRT2;ZBTB38;CRYAB;CDKN1B;ZBTB7A;HDAC5;LOXL3;LDB1;WNT5A;NR3C1;NOTCH1;DAP;ARID5B;SMARCA2;NR1H2;CITED2;FOXP1;DEDD2;ZNF503;RB1;ARID4A;HDAC4;PHF12;CRY2;ELK3;PDCD4
prerank,Positive Regulation Of TORC1 Signaling (GO:1904263),0.22894164848683105,0.6121891846044232,9.631811e-01,1.000000e+00,1.000000e+00,6/27,19.92%,GPR137B;CASTOR1;SESN2;SIK3;OTUD5;FLCN
prerank,Camera-Type Eye Development (GO:0043010),0.24254557950422617,0.6091316732066259,9.350850e-01,1.000000e+00,1.000000e+00,6/21,24.96%,CYP1B1;FBN1;EFEMP1;FOXL2;TENM3;SKI
prerank,Negative Regulation Of Phosphoprotein Phosphatase Activity (GO:0032515),0.23769265931215455,0.6088447270177401,9.304482e-01,1.000000e+00,1.000000e+00,3/20,13.76%,TNF;NCKAP1L;PPP1R15A
prerank,Purine Ribonucleotide Transport (GO:0015868),0.24736973323360767,0.6079979041477727,9.294671e-01,1.000000e+00,1.000000e+00,17/17,75.28%,LRRC8C;CALHM1;SLC17A9;LRRC8D;SLC25A42;SLC25A4;SLC25A25;ABCC5;SLC25A24;SLC35B2;SLC19A1;SLC25A23;SLC35B3;ABCC6;LRRC8E;LRRC8A;SLC25A17
prerank,Regulation Of Defense Response To Virus (GO:0050688),0.2509856120848189,0.6078830762607664,9.454545e-01,1.000000e+00,1.000000e+00,2/16,16.61%,HERC5;TNFAIP3
prerank,Positive Regulation Of DNA Replication (GO:0045740),0.24894988461274592,0.6078442274477246,9.548989e-01,1.000000e+00,1.000000e+00,5/18,21.72%,EREG;GLI1;CTC1;EGF;GLI2
prerank,Regulation Of Keratinocyte Proliferation (GO:0010837),0.24066915109289314,0.6076673452220303,9.375000e-01,1.000000e+00,1.000000e+00,7/22,24.33%,ZFP36;LRG1;ZFP36L1;KLF9;FGF10;FGFR2;CDH3
prerank,Regulation Of Intracellular Estrogen Receptor Signaling Pathway (GO:0033146),0.23131203888737611,0.607652005221385,9.510386e-01,1.000000e+00,1.000000e+00,9/24,33.92%,WBP2;ZNF366;ISL1;PAK1;FOXA1;VPS11;KANK2;VPS18;DNAAF4
prerank,Organelle Disassembly (GO:1903008),-0.16917233080047428,-0.6074005157096268,9.957265e-01,1.000000e+00,1.000000e+00,9/54,18.89%,PRKAA2;PLAAT1;CDK1;DENR;ZFAND1;SNX7;AURKA;ULK3;MTIF2
prerank,Negative Regulation Of Microtubule Depolymerization (GO:0007026),0.24502266243722634,0.6073438416464996,9.437299e-01,1.000000e+00,1.000000e+00,7/19,24.96%,SPEF1;BMERB1;MID1IP1;TRIM54;ATXN7;ARHGEF2;TTBK2
prerank,Non-Motile Cilium Assembly (GO:1905515),0.2210451233827341,0.6071323479266119,9.567039e-01,1.000000e+00,1.000000e+00,4/31,19.07%,CCDC13;TMEM107;RPGRIP1;FUZ
prerank,Adenine Nucleotide Transport (GO:0051503),0.24738206841527882,0.6069735237791941,9.346812e-01,1.000000e+00,1.000000e+00,18/18,75.28%,LRRC8C;CALHM1;SLC17A9;LRRC8D;SLC25A42;SLC25A4;SLC25A25;ABCC5;SLC25A24;SLC25A5;SLC35B2;SLC19A1;SLC25A23;SLC35B3;ABCC6;LRRC8E;LRRC8A;SLC25A17
prerank,Regulation Of Transcription By RNA Polymerase III (GO:0006359),-0.19682553336194414,-0.6068399795178857,9.703264e-01,1.000000e+00,1.000000e+00,7/26,22.89%,ZC3H8;POLR3G;ICE2;ICE1;POLR3F;DEK;BAZ1B
prerank,Negative Regulation Of Protein Transport (GO:0051224),0.23092526138789923,0.6059362432532115,9.342508e-01,1.000000e+00,1.000000e+00,11/23,33.68%,APOE;IL12B;PPM1F;RHBDF2;DRD2;IL12A;WWP2;SERGEF;DPH3;NDFIP1;CSK
prerank,"Nuclear-Transcribed mRNA Catabolic Process, Nonsense-Mediated Decay (GO:0000184)",-0.19050556197051755,-0.6048653814555346,9.815385e-01,1.000000e+00,1.000000e+00,19/28,47.67%,MAGOHB;UPF3A;EIF3E;RBM8A;SKIC8;NCBP1;SMG5;UPF3B;SMG1;RNPS1;SKIC3;SMG7;NCBP2;EIF4A3;PYM1;UPF2;PNRC2;MAGOH;SMG9
prerank,Transcription Elongation By RNA Polymerase II (GO:0006368),-0.19142885651566555,-0.6048473376704997,9.718750e-01,1.000000e+00,1.000000e+00,28/28,80.89%,ELL3;ELP4;PCID2;SUPT16H;GTF2F2;SKIC8;PEX2;ELP2;LEO1;SART3;RTF1;ERCC3;IWS1;SRCAP;CDC73;ELOF1;CTR9;PBRM1;GTF2F1;SUPT6H;SUPT4H1;POLR2I;SETD2;CDK9;SUPT5H;EAF2;USP15;CTDP1
prerank,Late Endosome To Vacuole Transport Via Multivesicular Body Sorting Pathway (GO:0032511),-0.20519199290622775,-0.6038281837374886,9.520767e-01,1.000000e+00,1.000000e+00,1/24,2.64%,CHMP4C
prerank,Regulatory ncRNA Processing (GO:0070918),0.22502666692137174,0.6027086260158873,9.544787e-01,1.000000e+00,1.000000e+00,4/30,14.02%,TDRD9;ANKRD34B;PNLDC1;TEX15
prerank,Positive Regulation Of Glucose Metabolic Process (GO:0010907),0.25488455336513494,0.6016906284886859,9.345794e-01,1.000000e+00,1.000000e+00,5/15,24.23%,IRS2;AKT2;FOXO1;PPARGC1A;NNMT
prerank,"Negative Regulation Of DNA-templated Transcription, Elongation (GO:0032785)",-0.21781190784880822,-0.6003913031803532,9.525140e-01,1.000000e+00,1.000000e+00,18/18,78.24%,RECQL5;RNF8;PARP1;NELFB;TCERG1;NELFCD;HNRNPU;NELFE;RNF168;LARP7;NELFA;HEXIM1;ZC3H4;SIRT6;SUPT4H1;WDR82;VHL;SUPT5H
prerank,Nuclear Migration (GO:0007097),0.25223568431874377,0.5993803996994421,9.348172e-01,1.000000e+00,1.000000e+00,3/15,21.63%,SUN2;SYNE3;CLMN
prerank,Central Nervous System Neuron Development (GO:0021954),-0.21898757829554005,-0.5974613561593166,9.402174e-01,1.000000e+00,1.000000e+00,2/16,10.47%,MAPT;MAP2
prerank,Maintenance Of Protein Location In Nucleus (GO:0051457),0.24252732799743842,0.5970985052522578,9.357367e-01,1.000000e+00,1.000000e+00,9/18,39.29%,SUN2;SYNE1;SP100;CHCHD10;MORC3;TAF8;TOPORS;SKP1;PML
prerank,Golgi To Plasma Membrane Protein Transport (GO:0043001),-0.19939525092394775,-0.596638532696294,9.786585e-01,1.000000e+00,1.000000e+00,9/28,31.08%,KRT18;RAB26;ANK3;RAB10;SPTBN1;BLZF1;GOLPH3L;PREPL;GOLPH3
prerank,DNA-templated Transcription Elongation (GO:0006354),-0.19140975755761747,-0.5962926702121093,9.720497e-01,1.000000e+00,1.000000e+00,26/26,80.89%,ELL3;ELP4;PCID2;SUPT16H;GTF2F2;SKIC8;PEX2;ELP2;LEO1;RTF1;ERCC3;SRCAP;CDC73;ELOF1;CTR9;POLR1E;PBRM1;GTF2F1;SUPT6H;SUPT4H1;SETD2;TCEA2;CDK9;SUPT5H;EAF2;CTDP1
prerank,Positive Regulation Of Reproductive Process (GO:2000243),-0.19649436383583196,-0.596290115723742,9.778481e-01,1.000000e+00,1.000000e+00,7/26,26.82%,PLCB1;ZP3;SYDE1;INHBB;ANKRD31;CFAP69;PRSS37
prerank,Polyol Biosynthetic Process (GO:0046173),0.25369825670102797,0.594688093353091,9.443586e-01,1.000000e+00,1.000000e+00,3/15,16.06%,CYP27A1;FGF2;IPMK
prerank,Gluconeogenesis (GO:0006094),-0.1881489277357894,-0.5943442265288118,9.744409e-01,1.000000e+00,1.000000e+00,13/29,37.46%,KRT17;SLC25A10;SLC25A13;ENO2;MDH2;POLR2D;PCK1;SLC25A12;MDH1;KHSRP;SLC25A1;PGAM2;SLC37A4
prerank,Regulation Of Translation (GO:0006417),0.16744080453998564,0.5927353286448298,1.000000e+00,1.000000e+00,1.000000e+00,17/195,14.15%,PRG3;GZMB;CD28;THBS1;KRT13;IGFBP5;BTG2;PATL2;VIM;MSI1;IL6;NIBAN1;DAPK1;RPS6KA1;EIF1B;BCL3;ZNF385A
prerank,Negative Regulation Of GTPase Activity (GO:0034260),0.23593394265166664,0.5913782989205972,9.648855e-01,1.000000e+00,1.000000e+00,2/21,6.54%,KLRK1;GMIP
prerank,Protein Import Into Nucleus (GO:0006606),-0.15120894659456466,-0.5896913141456493,1.000000e+00,1.000000e+00,1.000000e+00,23/76,31.55%,RGPD1;KPNA7;STK3;PRICKLE1;RANBP17;NUP35;NUP107;IPO9;RAN;IPO5;CSE1L;IPO11;PHB2;KPNA2;NXT2;HIKESHI;NXT1;NUP133;NUP93;IPO7;NUP155;NUP188;RPL17
prerank,Negative Regulation Of Telomere Maintenance Via Telomere Lengthening (GO:1904357),-0.19055220232453735,-0.5889409353196895,9.834254e-01,1.000000e+00,1.000000e+00,25/25,80.97%,PIF1;NAT10;PINX1;POT1;PARP1;HNRNPA1;TNKS;TERF1;HNRNPC;ERCC4;GNL3L;HNRNPU;TERF2;SLX4;EXOSC10;TENT4B;STON1;SRC;TNKS2;SLX1A;XRN1;TINF2;DCP2;CTC1;TENM1
prerank,ERAD Pathway (GO:0036503),0.184053665385814,0.5883964924187626,9.987437e-01,1.000000e+00,1.000000e+00,25/88,31.16%,RNF175;DERL3;MAN1A1;HERPUD1;XBP1;FBXO2;SEL1L;RHBDD1;FBXO6;UBXN10;UBXN6;FBXO44;DNAJB9;YOD1;TRIM25;RNF185;UBE2J1;WFS1;RNF5;OS9;TMUB2;EDEM1;ATF6;SYVN1;VCP
prerank,Mitotic G1 DNA Damage Checkpoint Signaling (GO:0031571),-0.19285360642026345,-0.5877896037306138,9.788520e-01,1.000000e+00,1.000000e+00,3/25,11.17%,GTSE1;PRKDC;MUC1
prerank,Regulation Of TORC1 Signaling (GO:1903432),0.19612568711266956,0.5870078444970909,9.769022e-01,1.000000e+00,1.000000e+00,25/47,36.79%,GPR137B;CASTOR1;SESN2;SIK3;OTUD5;FLCN;SMCR8;NPC1;RRAGA;KPTN;NPRL3;STAMBPL1;STK11;DEPDC5;ATM;RRAGC;CASTOR3P;PIP4P1;WAC;SESN1;KLHL22;NPRL2;SLC38A9;RNF167;DGKQ
prerank,Establishment Of Protein Localization To Vacuole (GO:0072666),-0.19992019154030327,-0.5868941816824434,9.749216e-01,1.000000e+00,1.000000e+00,24/24,80.04%,VPS37D;VPS13A;SNF8;CACNG4;CACNG2;VPS36;VPS25;HGS;PIK3R4;VPS41;VPS37A;VPS13D;VPS13C;MVB12A;VPS28;VPS37B;PTPN23;STAM2;TSG101;VPS37C;VPS8;STAM;CACNG8;UBAP1
prerank,Negative Regulation Of Axon Extension Involved In Axon Guidance (GO:0048843),-0.20824640387388063,-0.5864878171987151,9.601140e-01,1.000000e+00,1.000000e+00,12/19,36.08%,SEMA6C;SEMA3C;SEMA3B;SEMA6D;SEMA4B;SEMA3F;SEMA4C;SEMA4F;SEMA4G;SEMA6A;SEMA3E;SEMA5A
prerank,Vesicle-Mediated Transport Between Endosomal Compartments (GO:0098927),-0.195843038394795,-0.5858054052123418,9.750000e-01,1.000000e+00,1.000000e+00,3/25,10.83%,EMP2;LMTK2;HOOK1
prerank,Purine Nucleotide Metabolic Process (GO:0006163),-0.1826654515386156,-0.5855752578656459,9.867550e-01,1.000000e+00,1.000000e+00,8/31,20.83%,KRT17;NT5C1B;PPAT;NUDT15;TP53I3;GART;MTHFD1;ME1
prerank,Endomembrane System Organization (GO:0010256),0.16526469679557915,0.5811700527994115,1.000000e+00,1.000000e+00,1.000000e+00,55/193,31.65%,CR1;SRGN;ATP8B4;GOLGA6C;GOLGA8G;SNX10;GOLGA6A;GOLGA6B;TANGO2;RAB6B;SYNGR1;SYNE1;LRRK2;RAB30;PLEKHF1;RAB8A;GOLGA8DP;RAB43;GOLGA8K;PI4K2A;ATP8B2;GAK;GOLGA8S;TOR1B;LAMTOR1;UBXN2B;GOLGA8M;PLEKHM2;RAB29;GOLGA8T;CSNK1D;CDC42;GOLGA8CP;FHIP1B;OPTN;GOLGA8H;GOLGA8O;USP50;ZNF501;RAB1B;RAB2B;GORASP1;GOLGA8J;GOLGA8N;SYNGR2;DNM1;DNAJC13;VPS11;WASHC4;GOLGA8Q;CTDNEP1;EIF2AK3;DMPK;TBC1D20;SEC31A
prerank,RNA Transport (GO:0050658),0.2056477174396462,0.5807791160192258,9.704641e-01,1.000000e+00,1.000000e+00,9/36,23.29%,ZFP36;TGFBR2;NXF2;ZFP36L1;RFTN1;FLOT1;RBFOX1;NXF5;SIDT2
prerank,Protein Ubiquitination (GO:0016567),0.15807452222472582,0.5795591780508987,1.000000e+00,1.000000e+00,1.000000e+00,106/404,31.16%,TRIM10;TRIM58;ASB5;MEFV;KLHL41;ARRB2;TRIM49D1;UBD;RNF182;TNFSF13B;RFPL4A;PRAME;RNF125;RNF166;RFPL4AL1;MARCHF1;MARCHF2;MARCHF8;SH3RF3;ARRB1;KBTBD8;HERC3;ARRDC4;ASB2;TRIM55;TRIM22;HERC5;FBXO7;TRIM69;TRIM21;UBB;HECW1;TRIM50;FBXO2;TRIM72;TRIM38;TRIM54;RNF38;BIRC7;CRBN;DAW1;UBE2L6;FBXL5;RNF13;RNF19B;UBE2D1;PJA2;RNF11;ZNRF3;MKRN1;UBA1;NHLRC3;CHFR;ASB9;PPIL2;UBE2L3;FBXL7;TRIM25;RNF185;RCHY1;RPGR;MARCHF3;TRIM49;FBXW7;RBX1;UBA52;PINK1;MGRN1;TRIM14;TRIM68;UBE2J1;FBXW5;RNF122;UBE2D3;KLHL21;RNF135;SDE2;UBE2E1;OS9;DTX1;UBE2R2;WWP2;FBXL15;FBXO10;ZSWIM8;KLHL8;RNF39;KLHL13;DZIP3;UVSSA;OTULIN;RNF113A;UBE2B;RNF213;VPS11;VHL;NEDD8;AMFR;MSL2;UBE2H;SYVN1;RLIM;KLHL3;RNF44;NUB1;VCP
prerank,Regulation Of Lipid Biosynthetic Process (GO:0046890),0.22193795115887976,0.5786800697362012,9.667149e-01,1.000000e+00,1.000000e+00,7/25,19.23%,ASAH1;APOE;NR1H3;CREBL2;PDK4;MID1IP1;C3
prerank,Histone Acetylation (GO:0016573),-0.15895614927225982,-0.5775542816129299,1.000000e+00,1.000000e+00,1.000000e+00,22/58,36.65%,MBIP;TAF2;YEATS4;NAA40;TAF6;KAT2A;TRRAP;POLE3;VPS72;WDR5;ENY2;SF3B3;ACTL6A;MRGBP;TAF7;BRD8;TAF5;TAF6L;TAF4;TADA2A;DR1;PHF20L1
prerank,acyl-CoA Metabolic Process (GO:0006637),0.21846582330007258,0.5770900776143186,9.754977e-01,1.000000e+00,1.000000e+00,2/26,8.02%,ACSL6;ACSM5
prerank,Negative Regulation Of Protein Localization To Nucleus (GO:1900181),0.23209528867100537,0.5758195893677857,9.553571e-01,1.000000e+00,1.000000e+00,4/20,24.61%,LILRB4;LATS2;FLCN;SUFU
prerank,Positive Regulation Of Histone Methylation (GO:0031062),-0.2091851999601077,-0.5751136469198976,9.518414e-01,1.000000e+00,1.000000e+00,18/18,79.11%,BRCA1;WDR5;KANSL2;MCRS1;OGT;KANSL3;SUV39H1;KANSL1;CTNNB1;BAZ2A;SMAD4;RRP8;SMARCA5;HCFC1;KAT8;SIRT1;PHF20;FAM47E
prerank,Positive Regulation Of Mitochondrial Fission (GO:0090141),-0.19955105675320478,-0.5745505156544457,9.689441e-01,1.000000e+00,1.000000e+00,10/19,41.05%,RALA;PGAM5;KDR;MFF;FIS1;VPS35;DNM1L;MCU;RALBP1;PRKN
prerank,Protein K48-linked Ubiquitination (GO:0070936),-0.15003499650034996,-0.5744420179084161,1.000000e+00,1.000000e+00,1.000000e+00,70/70,85.05%,UBE2C;TRIM45;UBE2T;NEDD4L;FBXO45;RNF152;TRIM6;TTC3;UBE2D4;UBE3C;UBR5;RNF8;IFI27;HACE1;TRIM65;ZNRF2;UBE2K;DTX3L;BFAR;TRIM32;UBE2E3;KBTBD6;RNF216;PRKN;RNF115;RNF34;UBE3A;KBTBD7;UBE2G2;RNF126;SKP2;CUL1;MYCBP2;RNF6;RNF187;CUL3;UBE2G1;ZNRF1;UBE2Q2;UBE2D2;RNF146;ARIH2;MARCHF6;ITCH;RNF4;SKP1;CDC34;FBXO38;TRIM31;NT5C2;FBXO9;TOPORS;UBE2A;KLHL3;SYVN1;UBE2H;UBE2B;UBE2R2;UBE2E2;UBE2E1;RNF5;UBE2D3;RFFL;RBX1;TRIM25;UBE2D1;TNFAIP3;TRIM21;FBXO7;PELI1
prerank,Positive Regulation Of Cell Cycle G1/S Phase Transition (GO:1902808),0.20333801946142344,0.5736657152582426,9.694444e-01,1.000000e+00,1.000000e+00,9/37,20.49%,AIF1;RGCC;ADAMTS1;CCND2;GLI1;STOX1;PLCG2;FGF10;DDX3X
prerank,Regulation Of Histone Acetylation (GO:0035065),-0.19282846937978373,-0.5736656100688392,9.758308e-01,1.000000e+00,1.000000e+00,6/22,25.50%,BRCA1;SET;MYOCD;DEK;BAZ1B;NOC2L
prerank,Regulation Of Cell Morphogenesis (GO:0022604),0.21488491093914655,0.5733919258010486,9.725434e-01,1.000000e+00,1.000000e+00,4/31,14.61%,VIL1;SPARC;NTNG2;PDPN
prerank,Regulation Of Cytoplasmic Translation (GO:2000765),0.2244196454358928,0.5729268633133408,9.647059e-01,1.000000e+00,1.000000e+00,3/22,15.11%,RBM24;ZNF385A;CPEB4
prerank,Negative Regulation Of Rho Protein Signal Transduction (GO:0035024),0.23610602327470284,0.5717558775854228,9.614767e-01,1.000000e+00,1.000000e+00,4/17,20.73%,RIPOR2;HEG1;FLCN;RASIP1
prerank,Cellular Response To Glucose Stimulus (GO:0071333),-0.18162625844218894,-0.5712935234563308,9.873817e-01,1.000000e+00,1.000000e+00,5/31,12.07%,PRKAA2;IGF1R;SOX4;GPER1;PTPRN2
prerank,Organelle Fission (GO:0048285),-0.19068122910862115,-0.57022522607285,9.844720e-01,1.000000e+00,1.000000e+00,12/22,42.72%,MTFR1;GDAP1;MTFR2;WASHC5;MFF;OPA1;PEX19;FIS1;DNM1L;SEC16B;PRKN;PEX11A
prerank,Stress Granule Assembly (GO:0034063),-0.18704293425764038,-0.5699859435731385,9.735294e-01,1.000000e+00,1.000000e+00,1/23,2.31%,MAPT
prerank,Negative Regulation Of Smoothened Signaling Pathway (GO:0045879),0.22128558462767184,0.5687244331985888,9.687034e-01,1.000000e+00,1.000000e+00,8/25,25.39%,GPC3;RFX8;GLI1;ENPP1;GPR161;GLI2;SUFU;MGRN1
prerank,Cellular Response To Amino Acid Starvation (GO:0034198),-0.1670276821993949,-0.56707549045666,9.965398e-01,1.000000e+00,1.000000e+00,8/41,21.21%,DAPL1;PRKD1;KICS2;EIF2AK2;RNF152;LARS1;GCN1;WDR24
prerank,Spindle Assembly (GO:0051225),0.17437397974217347,0.566134591822574,9.975000e-01,1.000000e+00,1.000000e+00,24/81,28.69%,GOLGA6C;GOLGA8G;GOLGA6A;KIF2A;GOLGA6B;FLNA;MAPRE2;RHOA;GOLGA8DP;GOLGA8K;GOLGA8S;TUBGCP2;GOLGA8M;GOLGA8T;NEK7;CSNK1D;NEK6;GOLGA8CP;GOLGA8H;GOLGA8O;NCOR1;GOLGA8J;RAB11A;GOLGA8N
prerank,"Positive Regulation Of mRNA Splicing, Via Spliceosome (GO:0048026)",0.22903161464047087,0.5654342533184695,9.614243e-01,1.000000e+00,1.000000e+00,18/18,77.12%,RBMY1B;CIRBP;NUP98;RBM3;RBMXL1;PRDX6;THRAP3;WDR77;SNW1;CELF4;RBMX;TRA2B;PRMT5;CLNS1A;TRA2A;DAZAP1;NCBP1;SF3B4
prerank,Regulation Of Proteasomal Protein Catabolic Process (GO:0061136),0.18756469433489129,0.5640751360475336,9.893048e-01,1.000000e+00,1.000000e+00,15/52,27.18%,TREM2;APOE;NUPR1;GPX1;ECSCR;UBB;GABARAPL2;OPHN1;PRKCG;PRKACA;FBXW7;PINK1;PSME1;ARAF;TMF1
prerank,Regulation Of Notch Signaling Pathway (GO:0008593),-0.14946219964602186,-0.5640216410385993,9.956897e-01,1.000000e+00,1.000000e+00,2/67,1.78%,MAGEA1;TSPEAR
prerank,mRNA Transport (GO:0051028),-0.15541710112504534,-0.5629261909072275,9.956897e-01,1.000000e+00,1.000000e+00,29/57,41.69%,PEG10;MAGOHB;THOC3;XPO1;NUP107;RBM8A;NXT2;NUP160;NCBP1;SMG5;NXT1;NUP133;CHTOP;FYTTD1;DDX39A;THOC7;NUP85;NOL3;FMR1;SMG1;NUP88;ALYREF;TPR;SMG7;THOC6;THOC1;NUP214;NCBP2;EIF4A3
prerank,Peptidyl-Serine Phosphorylation (GO:0018105),0.16241885186398133,0.5626325358989466,1.000000e+00,1.000000e+00,1.000000e+00,57/155,31.42%,PRKCB;MAST3;CSNK1A1L;MAP4K1;PRKCD;PNCK;MKNK1;STK4;MAST4;TGFBR2;MAPK1;AKT2;CAMK1;LRRK2;ERN1;LATS2;MAP3K10;GAS6;HIPK2;TGFBR1;GRK2;PRKACB;AKT3;MAPKAPK2;MAPKAPK3;PRKCG;PRKCH;PRKACA;IKBKE;HIPK1;PRKCQ;STK38;NEK7;STK32B;PIKFYVE;TTBK2;CSNK1D;PINK1;NEK6;TLK1;MAP2K2;TTBK1;PRKD2;HIPK3;CAB39;PRKX;MAPK14;TOP1;PKN1;CSNK1E;SGK1;MORC3;GPI;ATM;RPS6KA3;EIF2AK3;DMPK
prerank,Chromatin Remodeling (GO:0006338),-0.12290572395964855,-0.5594054412872129,1.000000e+00,1.000000e+00,1.000000e+00,44/221,23.67%,CECR2;PARP2;CHEK1;DEPDC1B;BRD7;NPM3;TFAP2C;MTA3;CHD1L;CHRAC1;KDM1A;PRDM16;SMARCA1;SOX9;NPM1;GATAD1;PCID2;CHD7;YEATS4;UCHL5;ZNHIT1;PHC1;KAT2A;SRPK2;NUDT5;SMARCA4;CBX3;PAXIP1;SUV39H2;BRD9;POLE3;SETD4;SMARCD2;BCL7A;MYC;ZNF827;TDG;DEK;BAZ1B;ARID2;HDGF;UBR5;NFRKB;KDM4D
prerank,Response To Amino Acid Starvation (GO:1990928),-0.16265121606588354,-0.5553363629764606,9.895105e-01,1.000000e+00,1.000000e+00,8/40,21.21%,DAPL1;PRKD1;KICS2;EIF2AK2;RNF152;LARS1;GCN1;WDR24
prerank,Regulation Of Phosphoprotein Phosphatase Activity (GO:0043666),-0.16554181209220073,-0.5521568456501705,9.868421e-01,1.000000e+00,1.000000e+00,8/35,23.55%,PPP4R4;PPP1R1B;ITGA1;FKBP1B;MASTL;BOD1;STYXL1;TIPRL
prerank,Histone Deubiquitination (GO:0016578),-0.16674881971390598,-0.5481419597325835,9.876543e-01,1.000000e+00,1.000000e+00,6/34,19.39%,DEPDC1B;BRCA1;TAF2;TAF6;KAT2A;TRRAP
prerank,Glycolipid Biosynthetic Process (GO:0009247),0.18936571818010708,0.5476582360290557,9.904762e-01,1.000000e+00,1.000000e+00,7/41,21.23%,ST8SIA1;GBGT1;ST8SIA5;ST3GAL2;ST3GAL6;TP53INP2;SCCPDH
prerank,Inositol Phosphate Metabolic Process (GO:0043647),0.21651063823426497,0.5473483462442827,9.791356e-01,1.000000e+00,1.000000e+00,8/22,29.38%,MINPP1;IPMK;INPP4A;SYNJ1;IP6K1;INPP5J;ITPKB;INPP5A
prerank,Positive Regulation Of Translation (GO:0045727),0.16385875885843998,0.5454044250801348,1.000000e+00,1.000000e+00,1.000000e+00,3/105,3.28%,CCL5;CD28;THBS1
prerank,Regulation Of Transcription Involved In G1/S Transition Of Mitotic Cell Cycle (GO:0000083),0.21754611717160202,0.5438068145729266,9.731744e-01,1.000000e+00,1.000000e+00,2/19,12.16%,GFI1;ID2
prerank,Mitophagy (GO:0000423),0.22847795884528665,0.5422959781352613,9.595469e-01,1.000000e+00,1.000000e+00,15/16,65.38%,MAP1LC3B;PINK1;ATG14;BECN1;ATG4D;SQSTM1;RIMOC1;ATG13;OGT;ARFIP2;TAFAZZIN;SPATA33;PRKN;ATG4B;LRBA
prerank,Negative Regulation Of Telomere Maintenance Via Telomerase (GO:0032211),-0.190495187752456,-0.54037418770492,9.838275e-01,1.000000e+00,1.000000e+00,19/19,80.97%,PIF1;NAT10;PINX1;POT1;HNRNPA1;TERF1;HNRNPC;GNL3L;HNRNPU;TERF2;EXOSC10;TENT4B;STON1;SRC;XRN1;TINF2;DCP2;CTC1;TENM1
prerank,Positive Regulation Of Catalytic Activity (GO:0043085),0.18979671219476768,0.537079906612652,9.931413e-01,1.000000e+00,1.000000e+00,11/37,29.38%,NOD2;STX4;MID1IP1;PSENEN;MAPK3;FGFR4;ATP7A;NCSTN;MAPK14;ABL2;XRCC4
prerank,Regulation Of Double-Strand Break Repair Via Nonhomologous End Joining (GO:2001032),0.205302452818076,0.5363656565770419,9.784615e-01,1.000000e+00,1.000000e+00,1/24,3.12%,WAS
prerank,Protein K63-linked Deubiquitination (GO:0070536),-0.16560189593696067,-0.5354278284065046,9.904153e-01,1.000000e+00,1.000000e+00,5/33,15.68%,DEPDC1B;USP13;BRCA1;STAMBP;SHMT2
prerank,Regulation Of Phosphatase Activity (GO:0010921),0.2173190673307303,0.5353997185033552,9.728916e-01,1.000000e+00,1.000000e+00,1/17,9.69%,RIPK3
prerank,Establishment Of Protein Localization To Plasma Membrane (GO:0061951),0.18954098043340584,0.5297464723201297,9.898256e-01,1.000000e+00,1.000000e+00,13/36,31.50%,RILPL2;RAB31;ATP6AP1;VAMP2;GGA1;GGA2;VAMP5;OPTN;RAB7A;GORASP1;GGA3;SYS1;GCC2
prerank,Protein Lipidation (GO:0006497),-0.1438067368202139,-0.5294495536495942,9.957447e-01,1.000000e+00,1.000000e+00,9/61,18.08%,ZDHHC15;PIGW;ZDHHC9;ZDHHC23;GPLD1;PIGM;PGF;CWH43;ZDHHC13
prerank,Regulation Of Hippo Signaling (GO:0035330),0.20037374096375804,0.5291557269458744,9.781977e-01,1.000000e+00,1.000000e+00,3/25,11.75%,CORO7;MAP2K3;MOB3B
prerank,Sulfur Amino Acid Metabolic Process (GO:0000096),0.21529065703095843,0.527091097582716,9.799073e-01,1.000000e+00,1.000000e+00,8/17,31.94%,DPEP1;MSRA;CPS1;MTHFR;CTH;TST;MPST;CDO1
prerank,"Positive Regulation Of DNA Damage Response, Signal Transduction By P53 Class Mediator (GO:0043517)",0.21905681576421393,0.5263450832930001,9.630200e-01,1.000000e+00,1.000000e+00,2/15,14.15%,PYHIN1;ZNF385A
prerank,Regulation Of Telomere Maintenance Via Telomere Lengthening (GO:1904356),0.21615557217651457,0.5212070423691796,9.871795e-01,1.000000e+00,1.000000e+00,17/17,78.40%,TNIP1;TINF2;SMG6;SLX1A;TNKS2;SLX4;TERF2;HNRNPA2B1;RTEL1;DHX36;ERCC4;TERF1;TNKS;PARP1;SMG5;POT1;PINX1
prerank,Hippo Signaling (GO:0035329),0.21881877701810204,0.5206138749027013,9.687011e-01,1.000000e+00,1.000000e+00,4/17,21.13%,MOB1B;STK4;LATS2;DCHS1
prerank,Protein K63-linked Ubiquitination (GO:0070534),-0.14265021727186455,-0.5194691434371232,1.000000e+00,1.000000e+00,1.000000e+00,51/51,85.78%,UBE2S;UBE2T;UBE2V2;RNF152;ZFP91;UBE2D4;TRAF4;PRPF19;ZNF598;RNF8;TRAF3IP2;MAGEL2;UBE2N;TRIM65;HECTD1;BFAR;STUB1;UBE2E3;TRAF6;TRIM27;PRKN;RNF115;TRIM56;TRAF5;RNF126;NEDD4;TRIM5;RNF168;UBE2G1;TRAF2;UBE2O;TRIM3;ITCH;RNF4;TRIM31;RNF167;UBE2V1;RNF213;UBE2B;TRAF3;WWP2;UBE2E2;RNF5;PELI3;RNF135;TRIM8;TRIM21;TRIM22;PELI1;ARRDC4;TRAF1
prerank,Regulation Of Microtubule-Based Process (GO:0032886),0.1815411903470003,0.5188562467964135,9.957204e-01,1.000000e+00,1.000000e+00,5/40,16.59%,FRMPD2;ATF5;MAP6;FAM107A;CYLD
prerank,miRNA-mediated Gene Silencing (GO:0035195),0.19325551232166005,0.5182114342296179,9.870690e-01,1.000000e+00,1.000000e+00,26/26,80.70%,ZFP36;EIF4ENIF1;AGO4;TNRC6C;LIMD1;DDX6;TNRC6B;CNOT8;WTIP;TRIM71;AJUBA;MOV10;AGO3;RBM4;CNOT1;AGO2;EIF4E2;NCBP2;CNOT6;TNRC6A;EIF4G1;NCBP1;EIF6;CNOT7;XPO5;RAN
prerank,Neural Crest Cell Differentiation (GO:0014033),0.21617218090058266,0.5169664263342669,9.775641e-01,1.000000e+00,1.000000e+00,6/15,29.35%,KBTBD8;MEF2C;OTUD5;NRG1;SOX8;PEF1
prerank,Regulation Of Chromatin Organization (GO:1902275),0.19842106253937217,0.5161286260854542,9.865471e-01,1.000000e+00,1.000000e+00,1/25,4.12%,TAL1
prerank,Vesicle Budding From Membrane (GO:0006900),-0.15940973580204146,-0.5149318367335776,9.966102e-01,1.000000e+00,1.000000e+00,9/31,31.08%,CHMP4C;WASL;FNBP1L;VAPB;TRAPPC9;S100A10;GOLPH3L;TRAPPC13;GOLPH3
prerank,Regulation Of Gluconeogenesis (GO:0006111),0.191647853275009,0.5084784288050814,9.856938e-01,1.000000e+00,1.000000e+00,6/28,24.23%,FBP1;PGPEP1;FOXO1;PDK2;PPARGC1A;NNMT
prerank,Regulation Of Transcription Initiation By RNA Polymerase II (GO:0060260),-0.13879392458032402,-0.505481285059684,1.000000e+00,1.000000e+00,1.000000e+00,20/57,37.25%,TAF2;PCID2;ZNHIT1;TAF6;MED30;PAXIP1;GTF2A2;HNF1B;MED10;MED27;MED19;CDK4;TAF7;PWWP2A;MED21;TAF4B;TAF5;TAF4;MED17;HNF1A
prerank,Positive Regulation Of Mitotic Cell Cycle (GO:0045931),0.18586125478172594,0.5024576682178781,9.955947e-01,1.000000e+00,1.000000e+00,3/27,15.27%,TAL1;LGMN;DUSP3
prerank,ATP Biosynthetic Process (GO:0006754),-0.1680720883493944,-0.5022335854397129,9.846154e-01,1.000000e+00,1.000000e+00,13/24,38.95%,ATP5MF;SLC25A13;ATP5PF;ATP5MC1;ATP5MK;ATP5F1C;ATP5MGL;ATP5F1B;ATP5PO;ATP5F1A;ATP5MG;ATP5MC2;ATP5PD
prerank,Negative Regulation Of Intracellular Steroid Hormone Receptor Signaling Pathway (GO:0033144),0.18254230459183374,0.5014619593606848,9.956204e-01,1.000000e+00,1.000000e+00,12/31,33.08%,DAB2;PER1;ZNF366;ISL1;TCF21;ZBTB7A;FOXP1;CRY2;NCOR1;VPS11;KANK2;VPS18
prerank,Activation Of NF-kappaB-inducing Kinase Activity (GO:0007250),0.210266888204955,0.5014338958552279,9.842022e-01,1.000000e+00,1.000000e+00,4/15,26.58%,TLR6;CHI3L1;TNFSF15;TNFRSF10B
prerank,Regulation Of Mitotic Cell Cycle Phase Transition (GO:1901990),0.1557889174541739,0.4986168216647898,9.987685e-01,1.000000e+00,1.000000e+00,22/84,26.17%,UBD;CDKN2D;PTPN6;ZFP36L2;RGCC;DPF1;ID2;ZFP36L1;CDKN1A;PPP1R9B;DPF3;CDC14A;SIRT2;SMARCB1;CDKN1B;XPC;PLK5;CCNH;SMARCA2;NEK6;CDC14C;PSME1
prerank,Regulation Of Keratinocyte Differentiation (GO:0045616),0.18748008483697629,0.49326853283397465,9.910045e-01,1.000000e+00,1.000000e+00,6/23,24.78%,ZFP36;ZFP36L1;ZBED2;AQP3;PRKCH;ERRFI1
prerank,Protein K48-linked Deubiquitination (GO:0071108),-0.1661928275724475,-0.49237430793925036,1.000000e+00,1.000000e+00,1.000000e+00,23/23,83.40%,USP5;OTUD7B;USP34;OTUD3;OTUB2;OTUB1;USP25;MINDY2;USP37;OTUD4;OTUD7A;RNF2;USP27X;USP20;USP33;USP8;USP17L2;VCPIP1;MINDY1;USP50;YOD1;OTUD5;TNFAIP3
prerank,Protein Targeting To ER (GO:0045047),0.19249609161747708,0.49137500164971315,9.836310e-01,1.000000e+00,1.000000e+00,8/23,34.60%,MAN1A1;SGTB;CHMP4A;ZFAND2B;EDEM1;SPCS1;SPCS3;SEC62
prerank,Negative Regulation Of Protein Depolymerization (GO:1901880),0.19001178726524826,0.48691544491664657,9.938650e-01,1.000000e+00,1.000000e+00,7/22,24.96%,SPEF1;BMERB1;MID1IP1;TRIM54;ATXN7;ARHGEF2;TTBK2
prerank,Regulation Of Organelle Organization (GO:0033043),0.1490145667538455,0.4860763046839301,1.000000e+00,1.000000e+00,1.000000e+00,26/100,30.93%,ZEB2;SPATA4;PDE2A;SYT11;TOM1;MAPK1;SPEF1;CLIC4;STOX1;MGARP;MSN;MYO5A;MAPK3;EHD3;TBC1D25;PINK1;SFI1;DIAPH1;EZR;MTM1;SCARB2;NF2;CLN3;VPS11;ARMH3;RBSN
prerank,Protein Polyubiquitination (GO:0000209),0.13740242923703888,0.48467263193519466,1.000000e+00,1.000000e+00,1.000000e+00,41/217,27.95%,TRIM58;TNFSF13B;RFPL4A;PRAME;RNF125;RNF166;RFPL4AL1;MARCHF1;MARCHF8;TRAF1;ARRDC4;PELI1;TRIM22;FBXO7;TRIM21;TNFAIP3;TRIM38;DAW1;UBE2L6;RNF19B;UBE2D1;MKRN1;NHLRC3;PPIL2;UBE2L3;FBXL7;TRIM25;RNF185;RBX1;TRIM68;UBE2J1;RFFL;UBE2D3;TRIM8;RNF135;PELI3;RNF5;UBE2E1;UBE2E2;UBE2R2;WWP2
prerank,Transcription Initiation At RNA Polymerase II Promoter (GO:0006367),-0.12924184636057592,-0.48349110521722277,1.000000e+00,1.000000e+00,1.000000e+00,24/66,36.72%,TAF7L;TAF2;TAF6;MED30;GTF2A2;MED10;POLR2D;GTF2F2;MAZ;MED27;PAAF1;MED19;ELOA;TAF7;CDK7;MED21;TAF4B;GTF2E2;GTF2E1;TAF5;TAF6L;TAF4;DR1;MED17
prerank,COPII Vesicle Coating (GO:0048208),-0.16924809575746963,-0.47896454061386173,9.937888e-01,1.000000e+00,1.000000e+00,4/19,21.26%,PDCD6;PREB;TMED2;TRAPPC6A
prerank,"Vesicle Targeting, Rough ER To cis-Golgi (GO:0048207)",-0.16924809575746963,-0.47896454061386173,9.937888e-01,1.000000e+00,1.000000e+00,4/19,21.26%,PDCD6;PREB;TMED2;TRAPPC6A
prerank,Purine Nucleotide Biosynthetic Process (GO:0006164),-0.17127096921515783,-0.47896373149445864,9.944598e-01,1.000000e+00,1.000000e+00,6/20,27.47%,PPAT;GART;MTHFD1;KYNU;ADSL;PFAS
prerank,Regulation Of Type I Interferon-Mediated Signaling Pathway (GO:0060338),0.17451545252450348,0.4770236933512839,9.886202e-01,1.000000e+00,1.000000e+00,8/32,23.97%,PTPN6;SAMHD1;NLRC5;STING1;CDC37;IKBKE;RNF185;WNT5A
prerank,"DNA Damage Response, Signal Transduction By P53 Class Mediator Resulting In Cell Cycle Arrest (GO:0006977)",-0.17697093960885793,-0.4759254207515589,9.943978e-01,1.000000e+00,1.000000e+00,2/16,11.17%,GTSE1;MUC1
prerank,Negative Regulation Of Proteolysis Involved In Protein Catabolic Process (GO:1903051),-0.15688132887713874,-0.4756798791720929,1.000000e+00,1.000000e+00,1.000000e+00,25/25,84.34%,EPHA4;RPS7;LAMP3;QRICH2;RPL5;PDCL3;RPL17;HSP90AB1;MARCHF7;RPL11;F8A1;EFNA1;CSNK2A1;CSNK2A2;TAF1;SGTA;PML;TRIM39;PSME3IP1;PSMF1;PRKCG;OPHN1;GABARAPL2;HIPK2;HFE
prerank,DNA-templated Transcription Initiation (GO:0006352),-0.13027737814500856,-0.47364170539326944,1.000000e+00,1.000000e+00,1.000000e+00,23/58,38.71%,NAT14;TAF2;TAF6;GTF2A2;POLR2D;GTF2F2;TFAM;MAZ;MED27;PAAF1;ELOA;TAF7;TFB2M;CDK7;TAF4B;GTF2E2;GTF2E1;TAF5;TAF4;TFB1M;MED17;CRCP;POLR3H
prerank,Tail-Anchored Membrane Protein Insertion Into ER Membrane (GO:0071816),-0.1780189576833163,-0.4711023137595373,9.941349e-01,1.000000e+00,1.000000e+00,8/16,41.08%,GET4;EMC2;EMC4;EMC10;EMC7;EMC9;UBL4A;EMC1
prerank,Regulation Of Histone Modification (GO:0031056),-0.16889952864605304,-0.46969649220683923,9.969040e-01,1.000000e+00,1.000000e+00,6/18,29.78%,MBIP;KAT2A;MYOCD;WDR5;UBE2N;ZZZ3
prerank,Organophosphate Biosynthetic Process (GO:0090407),0.1678905729002656,0.46766596977818137,9.971347e-01,1.000000e+00,1.000000e+00,7/33,20.49%,AGPAT4;FGF2;DDR2;TPK1;IPMK;CPS1;DCK
prerank,Modulation By Host Of Viral Genome Replication (GO:0044827),0.18363173906538335,0.46665624917611115,9.955022e-01,1.000000e+00,1.000000e+00,21/21,81.66%,ZBED1;ZC3H12A;ZFYVE1;PIK3C3;TBC1D20;EEF1A1;CCNK;PPIB;VAPA;YTHDC2;NUCKS1;TMEM41B;FBXL2;PHB1;PRKN;EIF2AK4;FMR1;SMC5;IFI27;SMC6;DDX56
prerank,Monoubiquitinated Protein Deubiquitination (GO:0035520),-0.14318576608086284,-0.4624185233891349,1.000000e+00,1.000000e+00,1.000000e+00,12/33,35.91%,TAF2;TAF6;KAT2A;USP1;TRRAP;ENY2;SF3B3;TAF7;USP16;TAF5;TAF6L;TAF4
prerank,Proteasome-Mediated Ubiquitin-Dependent Protein Catabolic Process (GO:0043161),0.12775266259669912,0.46192123431778587,1.000000e+00,1.000000e+00,1.000000e+00,78/314,32.21%,ECRG4;ARRB2;TBX21;CDC20B;TNFSF13B;RNF175;SH3BGRL;PRAME;DERL3;PRAMEF6;MAN1A1;HERPUD1;ARRB1;UBXN11;DCAF12;ASB2;PELI1;FBXO7;FBXO2;SEL1L;TRIM72;CRBN;FBXO6;FBXL5;PJA2;UBXN10;FBXO39;SIRT2;NHLRC3;FBXO44;DNAJB9;UCHL1;FBXL7;YOD1;UBXN2B;TRIM25;RNF185;PSMD8;FBXW7;RBX1;ASCC2;UBE2J1;FBXW5;MAEA;RFFL;WFS1;RNF122;UBE2D3;AKIRIN2;ZFAND2B;RNF5;OS9;ARMC8;WWP2;HECTD3;KLHDC1;TMUB2;FBXL15;ZSWIM8;TBL1X;KCTD17;UBE2B;EDEM1;AMFR;WDR26;SYVN1;DCAF11;PSMC4;VCP;SIAH2;KCTD10;UBR2;UBXN7;FBXL13;BMAL1;BAG6;RNF10;ANAPC4
prerank,Positive Regulation Of RNA Metabolic Process (GO:0051254),0.16597766878371603,0.46137071735725305,9.971791e-01,1.000000e+00,1.000000e+00,4/32,17.62%,IL1B;HSPA1A;ERN1;PIK3R1
prerank,Regulation Of Cilium Assembly (GO:1902017),0.14709042253167715,0.4605204545363135,1.000000e+00,1.000000e+00,1.000000e+00,21/68,31.57%,TBC1D10C;LIMK2;TBC1D17;TBC1D14;CYLD;TBC1D22A;FUZ;TBC1D10A;TBC1D10B;TESK1;TBC1D1;MARK4;TBC1D2;ODAD3;TBC1D2B;KCTD17;TBC1D15;CCDC88A;EVI5;TBC1D5;TBC1D20
prerank,Transport Along Microtubule (GO:0010970),0.18858259670404617,0.45708591058751646,9.893455e-01,1.000000e+00,1.000000e+00,7/19,31.00%,BORCS6;CLIP3;CDC42;BORCS8;BLOC1S1;BORCS7;BLOC1S2
prerank,Endoplasmic Reticulum Calcium Ion Homeostasis (GO:0032469),0.1840030909124489,0.4538580122651436,9.968603e-01,1.000000e+00,1.000000e+00,9/19,37.00%,HERPUD1;SELENOK;WFS1;BAK1;KCTD17;BCAP31;TGM2;PSEN1;BCL2
prerank,Golgi To Plasma Membrane Transport (GO:0006893),-0.13038701622971285,-0.45024809590286674,1.000000e+00,1.000000e+00,1.000000e+00,47/47,87.00%,KRT18;STEAP2;RAB26;EXOC6B;ANK3;RAB10;SPTBN1;BLZF1;GOLPH3L;PREPL;GOLPH3;EXOC5;GOPC;ARFGEF2;LLGL1;BBS2;EXOC4;COMMD1;BBS1;ARL3;RAB34;GOLGA4;EXOC2;MACF1;EXOC6;EXOC7;PHAF1;KIF13A;ARFRP1;SEC16A;NSF;GOLGA7;EXOC8;GCC2;SYS1;GGA3;RABEP1;OPTN;VAMP5;OSBPL5;VPS35L;GGA2;CCDC22;GGA1;VAMP2;CCDC93;RAB31
prerank,Modification-Dependent Protein Catabolic Process (GO:0019941),0.1291373694159401,0.44707152673363704,1.000000e+00,1.000000e+00,1.000000e+00,59/187,32.05%,UBD;TNFSF13B;RNF125;RNF166;RNF149;HERPUD1;ARRB1;RNF130;RNF150;HERC3;ASB2;XBP1;HERC5;FBXO7;UBB;UBE2L6;RNF13;RNF19B;UBE2D1;RNF11;ZNRF3;UBA1;CHFR;UBE2L3;FBXL7;WDR81;NTAN1;RNF215;TRIM25;RNF185;RCHY1;RPGR;RBX1;UBA52;PINK1;RFFL;UBE2D3;WDR91;RNF5;UBE2E1;OS9;UBE2R2;FBXO10;KLHL8;PPP1R11;UBE2B;RNF213;NEDD8;UBE2H;SYVN1;RLIM;KLHL3;NUB1;PSMF1;SIAH2;TOLLIP;KCTD10;BAG6;KCTD21
prerank,Vesicle Coating (GO:0006901),0.16478746757134285,0.4442884236711233,9.956268e-01,1.000000e+00,1.000000e+00,28/28,83.54%,TRAPPC1;TRAPPC5;CSNK1D;TRAPPC2;PEF1;TRAPPC10;AP3S2;TRAPPC11;PPP6C;TMED10;TRAPPC8;TRAPPC2L;CUL3;TRAPPC3;TRAPPC6B;AP3S1;KLHL12;TRAPPC4;AP3D1;TRAPPC2B;TRAPPC12;TRAPPC13;TRAPPC9;TRAPPC6A;TMED2;PREB;PDCD6;AP3M2
prerank,Regulation Of Amide Metabolic Process (GO:0034248),0.15383296899860915,0.4420295555250235,9.985975e-01,1.000000e+00,1.000000e+00,6/38,20.96%,MSI1;PRKCD;MTPN;PICALM;FOXO3;CYFIP1
prerank,Post-Transcriptional Regulation Of Gene Expression (GO:0010608),-0.12367420296508431,-0.4417375604660065,1.000000e+00,1.000000e+00,1.000000e+00,26/54,41.31%,PKP3;ELP4;GCN1;MEX3D;MAPKAPK5;LARP4;METTL18;EIF2S1;MSI2;PUM3;NOLC1;ELP1;NUDT21;SPOUT1;GEMIN5;TCOF1;ZC3H7B;LARP1;MATR3;ELP2;ATXN2;PARP9;EIF2B4;ELP3;METAP1;ELP6
prerank,Protein Acylation (GO:0043543),0.1571625245644011,0.44127081819043085,9.914286e-01,1.000000e+00,1.000000e+00,10/35,29.51%,GLUL;KAT2B;FOXO1;ZDHHC18;SELENOK;ZDHHC7;GTF2B;ZDHHC2;SPHK1;KAT6A
prerank,Positive Regulation Of mRNA Processing (GO:0050685),-0.14526372181541036,-0.4370742539756854,1.000000e+00,1.000000e+00,1.000000e+00,8/23,36.31%,CELF3;SF3B4;NCBP1;PEX2;DAZAP1;TRA2A;CLNS1A;LEO1
prerank,Establishment Of Protein Localization To Endoplasmic Reticulum (GO:0072599),-0.16434387812352994,-0.4358349609656391,9.971014e-01,1.000000e+00,1.000000e+00,3/16,21.97%,SEC61G;RYR2;RAB10
prerank,Monoubiquitinated Histone H2A Deubiquitination (GO:0035522),-0.14006937580259296,-0.43513708365616816,1.000000e+00,1.000000e+00,1.000000e+00,10/27,35.91%,TAF2;TAF6;KAT2A;TRRAP;ENY2;SF3B3;TAF7;TAF5;TAF6L;TAF4
prerank,Monoubiquitinated Histone Deubiquitination (GO:0035521),-0.14006937580259296,-0.43513708365616816,1.000000e+00,1.000000e+00,1.000000e+00,10/27,35.91%,TAF2;TAF6;KAT2A;TRRAP;ENY2;SF3B3;TAF7;TAF5;TAF6L;TAF4
prerank,Chromatin Organization (GO:0006325),0.12095502770454898,0.4338896711706329,1.000000e+00,1.000000e+00,1.000000e+00,28/258,19.28%,PADI4;BRDT;KDM6B;ESR1;JARID2;DPF1;PER1;H4C9;KAT2B;H2BC14;FOXP3;HMGB2;VCX;RYBP;PHF1;H2BC3;H2BC13;PADI2;M1AP;H3-3A;SLFN11;H2BC9;H1-5;KDM6A;DPF3;H2BC11;SATB1;H2BC21
prerank,Ubiquitin-Dependent Protein Catabolic Process (GO:0006511),0.117426564831588,0.4258741451428701,1.000000e+00,1.000000e+00,1.000000e+00,98/357,32.08%,ARRB2;TBX21;UBD;TNFSF13B;SH3BGRL;PRAME;RNF125;RNF166;RNF149;PRAMEF6;HERPUD1;ARRB1;UBXN11;RNF130;RNF150;HERC3;ASB2;XBP1;PELI1;HERC5;FBXO7;TNFAIP3;TRIM72;CRBN;UBE2L6;RNF13;RNF19B;UBE2D1;PJA2;RNF11;UBAP1;MVB12B;ZNRF3;SIRT2;UBA1;NHLRC3;CHFR;USP17L6P;UBE2L3;UCHL1;FBXL7;WDR81;NTAN1;RNF215;UBXN2B;TRIM25;RNF185;RCHY1;PSMD8;RPGR;CHMP4A;CHMP1B;FBXW7;RBX1;PINK1;FBXW5;MAEA;RFFL;RNF122;UBE2D3;WDR91;ZFAND2B;RNF5;UBE2E1;OS9;CHMP5;ARMC8;UBE2R2;WWP2;HECTD3;FBXO10;ZSWIM8;KLHL8;TBL1X;PPP1R11;KCTD17;UBE2B;RNF213;NEDD8;AMFR;UBE2H;WDR26;SYVN1;DCAF11;RLIM;KLHL3;NUB1;PSMF1;PSMC4;VCP;SIAH2;TOLLIP;KCTD10;UBXN7;BMAL1;BAG6;KCTD21;TGFB1I1
prerank,Reticulophagy (GO:0061709),-0.1554646988432389,-0.41921562701284476,1.000000e+00,1.000000e+00,1.000000e+00,16/16,84.47%,SNX7;ULK3;RETREG1;SNX33;UFL1;RB1CC1;UBA5;ULK1;ATG2B;UFM1;RETREG3;DDRGK1;ULK2;UFC1;TEX264;STING1
prerank,Positive Regulation Of DNA-templated Transcription Initiation (GO:2000144),0.13833932853717007,0.41736187583991363,9.986613e-01,1.000000e+00,1.000000e+00,56/56,86.20%,NKX2-5;MED29;MITF;TAF10;JUN;MED11;MED15;MED12;MED9;SETX;SRF;GTF2A1;MED16;MED31;TAF8;TAF13;TWIST1;TAF3;TAF1;TBP;MED18;TAF12;TAF11;MED7;MED23;MED28;MDC1;MED6;FOSL1;TAF9;MED8;MED14;MED26;MED13;MED20;MED1;MED4;DHX36;MED22;HNF1A;MED17;TAF4;TAF5;TAF4B;MED21;TAF7;MED19;MED27;MED10;HNF1B;GTF2A2;PAXIP1;MED30;TAF6;ZNHIT1;TAF2
prerank,Proteasomal Protein Catabolic Process (GO:0010498),0.11787978823592413,0.41612457107105993,1.000000e+00,1.000000e+00,1.000000e+00,53/213,31.99%,ARRB2;TBX21;TNFSF13B;SH3BGRL;PRAME;PRAMEF6;ARRB1;UBXN11;ASB2;XBP1;PELI1;FBXO7;TRIM21;SEL1L;TRIM72;CRBN;RHBDD1;PJA2;SIRT2;UBXN6;NHLRC3;FBXO44;UCHL1;UBXN2B;RNF185;PSMD8;FBXW7;RBX1;FBXW5;MAEA;RFFL;RNF122;UBE2D3;ZFAND2B;RNF5;ARMC8;WWP2;HECTD3;ZSWIM8;TBL1X;KCTD17;UBE2B;ATF6;WDR26;SYVN1;DCAF11;PSMC4;VCP;SIAH2;KCTD10;UBXN7;BMAL1;BAG6
prerank,Golgi Vesicle Transport (GO:0048193),0.1189327263113894,0.4153508715489066,1.000000e+00,1.000000e+00,1.000000e+00,51/195,31.65%,CCL13;TRAPPC3L;RAB8B;TRAPPC1;RP2;RAB6B;TBC1D14;NAPA;PLPP3;COPZ2;SNX2;RAB8A;RAB43;GABARAPL2;VAMP7;SNAP23;MYO5A;ERGIC1;YIF1B;EHD3;CTAGE1;PITPNB;TRAPPC5;SEC24A;DNM2;RAB29;STX10;RAB6D;VTI1A;TAPBP;SEC24B;ARF4;RAB1B;SORL1;TMEM115;SEC24D;SNX8;RAB13;TRAPPC2;PEF1;UVRAG;SCAMP2;YIPF5;TMED5;SLC10A7;COPE;RBSN;TRAPPC10;GCC2;TBC1D20;SEC31A
prerank,Positive Regulation Of Transcription Initiation By RNA Polymerase II (GO:0060261),0.13831168831168836,0.41343560814946007,9.986357e-01,1.000000e+00,1.000000e+00,52/52,86.20%,NKX2-5;MED29;TAF10;MED11;MED15;MED12;MED9;SRF;GTF2A1;MED16;MED31;TAF8;TP53;TAF13;TAF3;TAF1;TBP;MED18;TAF12;TAF11;MED7;MED23;MED28;MDC1;MED6;TAF9;MED8;MED14;MED26;MED13;MED20;MED1;MED4;MED22;HNF1A;MED17;TAF4;TAF5;TAF4B;MED21;TAF7;MED19;PSMC6;MED27;MED10;HNF1B;GTF2A2;PAXIP1;MED30;TAF6;ZNHIT1;TAF2
prerank,"Regulation Of Alternative mRNA Splicing, Via Spliceosome (GO:0000381)",0.1356163174325718,0.41207874088180263,9.986790e-01,1.000000e+00,1.000000e+00,15/50,32.87%,RBM24;CELF2;RBM38;RBFOX1;ZBTB7A;KHDRBS2;RBM25;YTHDC1;RBM47;DDX17;NOVA1;SMU1;WTAP;SAP18;NOVA2
prerank,Nucleic Acid-Templated Transcription (GO:0097659),0.1421427824992098,0.4110184658789233,1.000000e+00,1.000000e+00,1.000000e+00,4/40,15.77%,PDE10A;CREBL2;NR4A2;SPOCD1
prerank,Transcription By RNA Polymerase II (GO:0006366),-0.09272958968099189,-0.4076776226556131,1.000000e+00,1.000000e+00,1.000000e+00,62/188,36.31%,TRIP13;LHX1;HSF2BP;ZC3H8;ELL3;YBX2;MNAT1;PIR;TAF2;ELP4;POLR2K;PCID2;TAF1A;RPRD1A;ICE2;ICE1;TAF6;GTF2H3;SUPT16H;GTF2A2;NFE2L3;TRIM24;POLR2D;GTF2F2;DEK;SKIC8;GCM2;MAZ;MED27;TFDP1;NCBP1;PEX2;PAAF1;PARP1;S100A10;NKX2-8;ELOA;SNAPC1;PKNOX1;TAF7;RPRD1B;ELOA2;CDK7;POLR2B;SOX5;TCFL5;ETV1;TCEA1;SNAPC4;GTF2H4;TAF4B;GTF2E2;TRIP11;GTF2E1;TAF5;HLTF;POLR2C;CCNT2;SSU72;TAF4;ELP2;LEO1
prerank,Regulation Of Histone Deacetylation (GO:0031063),0.15797859981426507,0.4013485503649421,9.984962e-01,1.000000e+00,1.000000e+00,2/21,13.26%,KAT2B;FOXP3
prerank,"Regulation Of mRNA Splicing, Via Spliceosome (GO:0048024)",0.11745869444019819,0.38177228478998804,1.000000e+00,1.000000e+00,1.000000e+00,23/86,32.87%,RBM24;RBMY1B;CELF2;RBM38;JMJD6;QKI;RBFOX1;ZBTB7A;CIRBP;KHDRBS2;RBM25;NUP98;YTHDC1;RBM47;DDX17;NOVA1;SMU1;RBM23;RBM3;RBMXL1;WTAP;SAP18;NOVA2
prerank,Negative Regulation Of TORC1 Signaling (GO:1904262),0.1456369946704523,0.3719630421720088,1.000000e+00,1.000000e+00,1.000000e+00,12/23,37.72%,CASTOR1;SESN2;NPC1;KPTN;NPRL3;STK11;DEPDC5;CASTOR3P;SESN1;NPRL2;RNF167;SEC13
prerank,Transcription Preinitiation Complex Assembly (GO:0070897),-0.10247631160205188,-0.37122797391635787,1.000000e+00,9.998794e-01,1.000000e+00,16/49,36.72%,TAF7L;TAF2;TAF6;MED30;GTF2A2;MED10;MED27;MED19;TAF1B;TAF7;MED21;TAF4B;TAF5;TAF6L;TAF4;MED17
prerank,"Positive Regulation Of DNA-templated Transcription, Elongation (GO:0032786)",0.11830535571542757,0.3623771097518964,1.000000e+00,1.000000e+00,1.000000e+00,56/56,88.20%,ELL;ELL2;MED29;SUPT5H;MED11;MED15;CDK9;MED9;SUPT4H1;MED16;MED31;SUPT6H;BRD4;THOC5;CDC73;CCNK;DDX39B;MED18;KAT7;SCAF8;MED7;MED23;MED28;MED6;MED8;CDK12;MED14;MED26;EAPP;MED20;MED1;MED4;PWWP2B;ERCC6;NCBP2;MED22;THOC1;CCNT1;MED17;LEO1;CCNT2;TCERG1;CDK13;MED21;PWWP2A;MED19;PARP1;NCBP1;MED27;ZMYND8;MED10;SUPT16H;BTBD18;MED30;HMGN1;ELL3
prerank,Positive Regulation Of Transcription Elongation By RNA Polymerase II (GO:0032968),0.12065006446936291,0.35326529930032835,1.000000e+00,1.000000e+00,1.000000e+00,42/43,82.29%,ELL;ELL2;MED29;MED11;MED15;CDK9;MED9;MED16;MED31;SUPT6H;CDC73;CCNK;MED18;MED7;MED23;MED28;MED6;MED8;CDK12;MED14;MED26;EAPP;MED20;MED1;MED4;PWWP2B;NCBP2;MED22;CCNT1;MED17;LEO1;TCERG1;CDK13;MED21;PWWP2A;MED19;NCBP1;MED27;ZMYND8;MED10;BTBD18;MED30
prerank,Negative Regulation Of Stem Cell Population Maintenance (GO:1902455),0.13668777738991666,0.3454874968896471,1.000000e+00,1.000000e+00,1.000000e+00,19/19,86.34%,LOXL2;SAP30;ARID4B;SAP30L;SIN3A;ING2;ING1;BRMS1;ZNF706;OGT;RBBP7;TET1;HDAC1;RBBP4;SUDS3;HDAC2;SF3B3;SINHCAF;BRMS1L
prerank,RNA Polymerase II Preinitiation Complex Assembly (GO:0051123),0.10816497398476232,0.31509633671090814,1.000000e+00,9.999765e-01,1.000000e+00,8/46,25.96%,ESR1;MED29;TAF10;TAF1L;MED11;MED15;GTF2B;MED9
